{
  "2016":{
    "resolved":{
      "mjj":{
        "polyfit7":[
          1.4369598414803182,
          -0.029895900964045357,
          0.001311711740809304,
          -2.8268774348578366e-05,
          2.9939067307690693e-07,
          -1.5285575137316804e-09,
          3.015469360074662e-12
        ],
        "polyfit4":[
          0.9810735600394648,
          -0.0005325062718960733,
          -3.689983354146241e-07,
          1.9863812177528373e-09,
          -1.3213403587446567e-12
        ],
        "binWgt":0.7630203697861462,
        "polyfit5":[
          1.0953125990517703,
          -0.0025066045441988765,
          1.2411385580612606e-05,
          -3.679758134509349e-08,
          5.4058988333025257e-11,
          -2.993257154246908e-14
        ],
        "polyfit6":[
          0.48343525880225413,
          0.010034664701391678,
          -8.909296488907633e-05,
          3.786648068326823e-07,
          -8.54927998922979e-10,
          9.81409887464051e-13,
          -4.488098208725165e-16
        ],
        "polyfit8":[
          -1.956835881186197,
          0.07190293436378506,
          -0.0007443363807152558,
          4.166501481382398e-06,
          -1.3943437641584466e-08,
          2.8715595499248496e-11,
          -3.5721982340360955e-14,
          2.4677016320266804e-17,
          -7.287555886638198e-21
        ]
      },
      "mlljj":{}
    },
    "boosted":{
      "mjj":{
        "polyfit7":[],
        "polyfit4":[
          1.1339966379452981,
          -0.007322735016624485,
          0.00012112762997163553,
          -7.043705733139057e-07,
          1.4210577217213277e-09
        ],
        "binWgt":1.1291263728835303,
        "polyfit5":[
          1.0378653674157288,
          0.0027526009091143897,
          -0.00021712537813132774,
          4.083472191177148e-06,
          -2.813312146823594e-08,
          6.52802139321039e-11
        ],
        "polyfit6":[
          0.9254593401544846,
          0.018708641049628827,
          -0.0009502181365605967,
          1.909533435890542e-05,
          -1.786007487683192e-07,
          7.844137334384991e-10,
          -1.3062679991485314e-12
        ],
        "polyfit8":[
          0.9412430428005228,
          0.014396287615325878,
          -0.000561620369747348,
          2.9133980121756034e-06,
          1.7755939724295257e-07,
          -3.5953517234976143e-09,
          2.878706278192249e-11,
          -1.0758428898434559e-13,
          1.5544492777194813e-16
        ]
      },
      "mlljj":{}
    }
  },
  "2017":{
    "resolved":{
      "mjj":{
        "polyfit7":[
          0.9770890191811966,
          0.03745069631724549,
          -0.0017709216852954436,
          3.583357450510926e-05,
          -3.7830895496003055e-07,
          2.101518580771375e-09,
          -5.508110671538813e-12,
          4.637875922641984e-15
        ],
        "polyfit4":[
          1.127283662316477,
          -0.0022112895011260018,
          7.878066695223557e-06,
          -1.275269395434134e-08,
          7.271808978159355e-12
        ],
        "binWgt":0.8364097626590167,
        "polyfit5":[
          1.330389713392907,
          -0.005691316883603834,
          3.0209782553175795e-05,
          -7.992711990758527e-08,
          1.0238100049689044e-10,
          -5.099897353610621e-14
        ],
        "polyfit6":[
          1.9962253309818758,
          -0.019256529236870316,
          0.00013933003551613112,
          -5.23872010005612e-07,
          1.0680833903765021e-09,
          -1.1196116741249948e-12,
          4.718278978517108e-16
        ],
        "polyfit8":[
          -4.495068757528907,
          0.15994221811030987,
          -0.0019431395085846436,
          1.2777252396084228e-05,
          -5.002089449245173e-08,
          1.1983578958762201e-10,
          -1.7216920228597636e-13,
          1.3607819825935732e-16,
          -4.5445459617160965e-20
        ]
      },
      "mlljj":{}
    },
    "boosted":{
      "mjj":{
        "polyfit7":[],
        "polyfit4":[
          0.3430521759985707,
          0.03654963577418074,
          -0.000676386555923932,
          5.3076622433285585e-06,
          -1.4040388559242292e-08
        ],
        "binWgt":1.3395498317951708,
        "polyfit5":[
          0.10268154958025538,
          0.06742472908479638,
          -0.0018223459464974674,
          2.2536291591054693e-05,
          -1.2455015737671303e-07,
          2.5003219921892793e-10
        ],
        "polyfit6":[
          -0.18403242337145795,
          0.11270171414050242,
          -0.004012383135504071,
          6.883522064617783e-05,
          -5.991506235338967e-07,
          2.5569215226195177e-09,
          -4.244419043205707e-12
        ],
        "polyfit8":[
          0.6086012701799522,
          -0.03878694246357405,
          0.0058355386467333435,
          -0.000240879295893755,
          4.775128751494746e-06,
          -5.14947936358871e-08,
          3.0892917975037985e-10,
          -9.6827293781467e-13,
          1.2355000245274852e-15
        ]
      },
      "mlljj":{}
    }
  },
  "2018":{
    "resolved":{
      "mjj":{
        "polyfit7":[
          1.3219489773195598,
          -0.001321859764488447,
          -0.00035863550300649144,
          1.0118499844465652e-05,
          -1.195988666225387e-07,
          6.528413053143679e-10,
          -1.347427385618049e-12
        ],
        "polyfit4":[
          0.9530490620614744,
          -0.0005272455790707568,
          3.203946618759626e-07,
          8.956787645119e-10,
          -1.1085829038895347e-12
        ],
        "binWgt":0.7719870306000942,
        "polyfit5":[
          1.1368390832489461,
          -0.003682146075246553,
          2.0610173887486445e-05,
          -6.029301943781148e-08,
          8.576633155279981e-11,
          -4.671244256607618e-14
        ],
        "polyfit6":[
          0.3477649674052122,
          0.012402522587831285,
          -0.00010884429323652895,
          4.6664974844975416e-07,
          -1.0610820440312687e-09,
          1.223077612611575e-12,
          -5.610078394644124e-16
        ],
        "polyfit8":[
          9.097411808728996,
          -0.21426393720222434,
          0.002354163130218049,
          -1.420727897948381e-05,
          5.1446110178810625e-08,
          -1.145749298881356e-10,
          1.5352425732407112e-13,
          -1.1339967356709327e-16,
          3.543225788901153e-20
        ]
      },
      "mlljj":{}
    },
    "boosted":{
      "mjj":{
        "polyfit7":[],
        "polyfit4":[
          0.4736679288442612,
          0.02325997829291511,
          -0.0004058700670969956,
          3.1351989124604005e-06,
          -8.4183184775193e-09
        ],
        "binWgt":1.0797810048755718,
        "polyfit5":[
          0.18681630881556607,
          0.05942526415417204,
          -0.0017463907595201766,
          2.3374169741043016e-05,
          -1.392652127801512e-07,
          2.9980253202557775e-10
        ],
        "polyfit6":[
          -0.0009897824429859544,
          0.08879685082576684,
          -0.003162960234832405,
          5.328060376311816e-05,
          -4.455474021924832e-07,
          1.7883378304462198e-09,
          -2.742950484571382e-12
        ],
        "polyfit8":[
          0.4518852200179515,
          0.0006058070391391698,
          0.002735395432510543,
          -0.00013855739238459252,
          3.0059215331068633e-06,
          -3.423110214767917e-08,
          2.136889325134912e-10,
          -6.929975020700897e-13,
          9.139916028612971e-16
        ]
      },
      "mlljj":{}
    }
  }
}