{
  "2016":{
    "resolved":{
      "mjj":{
        "polyfit7":[
          1.3174089174818446,
          -0.021893771261011906,
          0.0009778280491022939,
          -2.1938960118480216e-05,
          2.403329681498726e-07,
          -1.2643807184729338e-09,
          2.5649470412267615e-12
        ],
        "polyfit4":[
          0.9325663528985404,
          -0.0004865115029495637,
          -4.0221741217712766e-07,
          1.9332340257035163e-09,
          -1.3589342168096214e-12
        ],
        "binWgt":0.7385927904772521,
        "polyfit5":[
          1.6226416390987062,
          -0.012399740188375873,
          7.664829996702414e-05,
          -2.3164871459423833e-07,
          3.3182416238793164e-10,
          -1.7987958806901623e-13
        ],
        "polyfit6":[
          1.6288062965103436,
          -0.012526048151460353,
          7.767021220946163e-05,
          -2.3582976691862596e-07,
          3.40967873375534e-10,
          -1.9004826629205557e-13,
          4.5104698151587326e-18
        ],
        "polyfit8":[
          11.712882092659301,
          -0.2818645502658606,
          0.0031029992249869804,
          -1.89076720956426e-05,
          6.966781532493036e-08,
          -1.5900736656126766e-10,
          2.1965206419413063e-13,
          -1.6804025562313315e-16,
          5.456992841379997e-20
        ]
      },
      "mlljj":{}
    },
    "boosted":{
      "mjj":{
        "polyfit4":[
          1.0431196322835683,
          -0.00468984532217102,
          6.888189531011586e-05,
          -2.8571124010129046e-07,
          1.999563053287603e-10
        ],
        "binWgt":1.037764220381067,
        "polyfit5":[
          0.8903120080883087,
          0.011530223298293908,
          -0.0004770299113265612,
          7.4272095977419126e-06,
          -4.719776255335179e-08,
          1.0405351659495221e-10
        ],
        "polyfit6":[
          0.6993977726866245,
          0.038884722866338615,
          -0.0017368556919750225,
          3.323292525881239e-05,
          -3.057126726320509e-07,
          1.3383244076143772e-09,
          -2.238717238301252e-12
        ],
        "polyfit7":[
          0.6686984349303087,
          0.044247916351156366,
          -0.0020449750764627737,
          4.146454267658394e-05,
          -4.210598293013813e-07,
          2.209345455061014e-09,
          -5.583547207674199e-12,
          5.111091844237377e-15
        ],
        "polyfit8":[
          0.8234754485859808,
          0.014407632172348254,
          -7.375598405564375e-05,
          -2.178849768482023e-05,
          7.015399437308992e-07,
          -9.353471903787567e-09,
          6.305588300651378e-11,
          -2.122712982016504e-13,
          2.839284147954798e-16
        ]
      },
      "mlljj":{}
    }
  },
  "2017":{
    "resolved":{
      "mjj":{
        "polyfit7":[
          1.5179649455517372,
          -0.033511016139878606,
          0.0016768270071145744,
          -4.846741450722053e-05,
          7.587009172307289e-07,
          -6.479346939975721e-09,
          2.8456977204581535e-11,
          -5.02947669903388e-14
        ],
        "polyfit4":[
          1.113419084999833,
          -0.0018751363178624806,
          4.401271655954053e-06,
          -2.4797234483374125e-09,
          -1.7554029395280684e-12
        ],
        "binWgt":0.825174034441463,
        "polyfit5":[
          0.5835497007360972,
          0.007208234744612259,
          -5.391673954103047e-05,
          1.7301611780815556e-07,
          -2.502700625065805e-10,
          1.3323654169638238e-13
        ],
        "polyfit6":[
          0.31329438655361047,
          0.012713344059996233,
          -9.819569729407546e-05,
          3.531570647270903e-07,
          -6.421526995259072e-10,
          5.669361399831285e-13,
          -1.915234388618891e-16
        ],
        "polyfit8":[
          -5.011313969564324,
          0.167842269989833,
          -0.0019946175663922146,
          1.304573146528214e-05,
          -5.150880078816881e-08,
          1.2567097636588195e-10,
          -1.8489838714934886e-13,
          1.5000323511362105e-16,
          -5.14305872620393e-20
        ]
      },
      "mlljj":{}
    },
    "boosted":{
      "mjj":{
        "polyfit4":[
          0.3565562219658982,
          0.033146430841437556,
          -0.0005888888065353823,
          4.547803860535431e-06,
          -1.199705353054318e-08
        ],
        "binWgt":1.3489224034735388,
        "polyfit5":[
          0.16874252864688888,
          0.057191210299453704,
          -0.0014863952110762326,
          1.8130527077852542e-05,
          -9.968864596746152e-08,
          1.9966995623534237e-10
        ],
        "polyfit6":[
          -0.04782813125257839,
          0.09129965444372579,
          -0.0031346031584238107,
          5.28867771583497e-05,
          -4.5468845366470207e-07,
          1.918800871912692e-09,
          -3.1530873218418724e-12
        ],
        "polyfit7":[
          0.16161420009818653,
          0.05373546022707887,
          -0.0009432768304938939,
          -6.264093267053216e-06,
          3.8020710909877885e-07,
          -4.4161458421156765e-09,
          2.1242156152145217e-11,
          -3.732530799422741e-14
        ],
        "polyfit8":[
          2.211905900856647,
          -0.3440152393861004,
          0.025514295452949705,
          -0.0008615796804086066,
          1.5675828331916457e-05,
          -1.6312751777282044e-07,
          9.698796939672515e-10,
          -3.0602097821577863e-12,
          3.9693537606855925e-15
        ]
      },
      "mlljj":{}
    }
  },
  "2018":{
    "resolved":{
      "mjj":{
        "polyfit7":[
          1.141161875211929,
          0.015536029277464383,
          -0.000997652309189653,
          2.1727796325210495e-05,
          -2.29490679270451e-07,
          1.1763375314398262e-09,
          -2.3381124930469567e-12
        ],
        "polyfit4":[
          1.0465023747870934,
          -0.0019210137951584188,
          6.258980960239229e-06,
          -9.470813095575875e-09,
          5.380912383985547e-12
        ],
        "binWgt":0.7280618691655567,
        "polyfit5":[
          1.2213961925682553,
          -0.004921035623376559,
          2.5536538152160947e-05,
          -6.754711145779232e-08,
          8.773372969586018e-11,
          -4.4218036443515776e-14
        ],
        "polyfit6":[
          0.6688057373230669,
          0.0063539596440155485,
          -6.531680000138074e-05,
          3.0277843336041416e-07,
          -7.194185082300952e-10,
          8.507127803514758e-13,
          -3.9588347828268694e-16
        ],
        "polyfit8":[
          -0.6120147135872281,
          0.056246681818873004,
          -0.0008128477334644512,
          6.118875484322829e-06,
          -2.6873374699309348e-08,
          7.12458629527682e-11,
          -1.1208108652747657e-13,
          9.614643915961082e-17,
          -3.458332844870439e-20
        ]
      },
      "mlljj":{}
    },
    "boosted":{
      "mjj":{
        "polyfit4":[
          0.5016632447416628,
          0.018064095064363603,
          -0.00026843709373159004,
          1.778095604044456e-06,
          -4.225653629499306e-09
        ],
        "binWgt":1.0348817673075659,
        "polyfit5":[
          0.1995149897928831,
          0.05605164122671015,
          -0.0016750506267880988,
          2.3031474256547605e-05,
          -1.421025958157742e-07,
          3.180280985339798e-10
        ],
        "polyfit6":[
          -0.0009343445284543495,
          0.08748550138368476,
          -0.0031979838014459766,
          5.537348212161355e-05,
          -4.756139157732406e-07,
          1.9513694200606157e-09,
          -3.03441407776335e-12
        ],