{
  "2016":{
    "resolved":{
      "mjj":{
        "polyfit6":[
          1.5179675011786986,
          -0.03530415210623133,
          0.001536572089288747,
          -3.250974620300327e-05,
          3.386603720845019e-07,
          -1.7023404209902871e-09,
          3.3074445611322137e-12
        ],
        "polyfit4":[
          1.0133080237404029,
          -0.0005694704328725861,
          -2.261839625534855e-07,
          1.5976165326556298e-09,
          -8.975673890943138e-13
        ],
        "binWgt":0.7795975117163069,
        "polyfit5":[
          0.7424357597606679,
          0.004114507219992782,
          -3.057187206714633e-05,
          9.375488216554284e-08,
          -1.3259435977326391e-10,
          7.124143737080482e-14
        ],
        "polyfit7":[
          -2.774467228726431,
          0.0840287405478209,
          -0.0007708403592897782,
          3.721303079392173e-06,
          -1.0311909980382402e-08,
          1.647997811870057e-11,
          -1.4119248481895475e-14,
          5.021229622197876e-18
        ],
        "polyfit8":[
          -10.92114979571207,
          0.3029585965387521,
          -0.003246294902192864,
          1.9107006116068008e-05,
          -6.78554488135255e-08,
          1.492855695463214e-10,
          -1.9916192338696757e-13,
          1.476290417769394e-16,
          -4.664329729118804e-20
        ]
      },
      "mlljj":{}
    },
    "boosted":{
      "mjj":{
        "polyfit4":[
          1.2014407886384872,
          -0.009507711742862818,
          0.00016715368869858394,
          -1.088334557254155e-06,
          2.5546412169742943e-09
        ],
        "binWgt":1.1964571072768562,
        "polyfit5":[
          1.148028801248807,
          -0.003954082458369714,
          -1.9127892946935342e-05,
          1.554473143862404e-06,
          -1.382882725965149e-08,
          3.6390388319810915e-11
        ],
        "polyfit6":[
          1.0998462581054078,
          0.0028394849963539657,
          -0.000330728548798689,
          7.934921395732658e-06,
          -7.782400580937602e-08,
          3.4258279813115806e-10,
          -5.57042583266061e-13
        ],
        "polyfit7":[
          0.9831208744818517,
          0.023161398239884716,
          -0.001497840937454638,
          3.9121100069554484e-05,
          -5.148694869589122e-07,
          3.6423601360657764e-09,
          -1.3223251628467284e-11,
          1.9343275765382612e-14
        ],
        "polyfit8":[
          1.057996446996394,
          0.008723383128388799,
          -0.00054341679214914,
          8.469265299339536e-06,
          2.961290319829048e-08,
          -1.9706152619073825e-09,
          2.0121739707047146e-11,
          -8.63238307016966e-14,
          1.3807125022081024e-16
        ]
      },
      "mlljj":{}
    }
  },
  "2017":{
    "resolved":{
      "mjj":{
        "polyfit7":[
          0.6312155489357127,
          0.08404490055988477,
          -0.004068748146105688,
          9.257216520039623e-05,
          -1.1487081352708988e-06,
          7.943006934742856e-09,
          -2.8708569468225642e-11,
          4.225435710227282e-14
        ],
        "polyfit4":[
          1.1446536299384842,
          -0.0025628382628200435,
          1.09148733576706e-05,
          -2.126273370048149e-08,
          1.459053983489787e-11
        ],
        "binWgt":0.8444228888119736,
        "polyfit5":[
          1.8914161346474863,
          -0.015353617524456157,
          9.296778141998195e-05,
          -2.68013710533993e-07,
          3.6392782510937673e-10,
          -1.8734829799978717e-13
        ],
        "polyfit6":[
          3.1827075952861286,
          -0.04166409849535167,
          0.00030462795715974943,
          -1.1291438775608637e-06,
          2.2370407129586026e-09,
          -2.259897495423196e-12,
          9.15006229141217e-16
        ],
        "polyfit8":[
          -4.18860705165679,
          0.15525980210965476,
          -0.0019082621622948472,
          1.2537575205364285e-05,
          -4.85519306461277e-08,
          1.1421947561578851e-10,
          -1.6038677137668903e-13,
          1.235805082812633e-16,
          -4.019386777417161e-20
        ]
      },
      "mlljj":{}
    },
    "boosted":{
      "mjj":{
        "polyfit4":[
          0.3367449028433808,
          0.03868394583226435,
          -0.0007308697837234347,
          5.772848660688337e-06,
          -1.52846537091355e-08
        ],
        "binWgt":1.3324598306214357,
        "polyfit5":[
          0.045495873329356264,
          0.07618283181566572,
          -0.0021161566236386404,
          2.6485621194635012e-05,
          -1.4743131331935484e-07,
          2.9747006960775593e-10
        ],
        "polyfit6":[
          -0.2860175407214098,
          0.1286420025743285,
          -0.004655230058561912,
          8.025655083247266e-05,
          -6.999819694561494e-07,
          2.9899542512234077e-09,
          -4.964031937807072e-12
        ],
        "polyfit7":[
          -0.17749253467878173,
          0.10914300802241472,
          -0.003514858163339733,
          4.933877289827802e-05,
          -2.6100865291673144e-07,
          -3.645362656825615e-10,
          8.056837143055503e-12,
          -2.00886524345471e-14
        ],
        "polyfit8":[
          -0.6170431600235717,
          0.19436985345592248,
          -0.00918009317158689,
          0.0002323988302698616,
          -3.5343400403199393e-06,
          3.361246638358892e-08,
          -1.9520134723598208e-10,
          6.284914420848217e-13,
          -8.532212823118485e-16
        ]
      },
      "mlljj":{}
    }
  },
  "2018":{
    "resolved":{
      "mjj":{
        "polyfit6":[
          1.452434832273001,
          -0.013463256179269502,
          9.933053159539645e-05,
          1.8238215113638549e-06,
          -4.127043126828209e-08,
          2.8049260761562094e-10,
          -6.441149185641254e-13
        ],
        "polyfit4":[
          0.8926069470105961,
          0.00036414297682064593,
          -3.367711652183074e-06,
          7.085688618597547e-09,
          -4.84755090678423e-12
        ],
        "binWgt":0.8047461786229516,
        "polyfit5":[
          1.0829033977905949,
          -0.0029040352295150594,
          1.766249333925686e-05,
          -5.638031915023676e-08,
          8.533771127119034e-11,
          -4.8539638755788924e-14
        ],
        "polyfit7":[
          0.7072616991205273,
          0.0027862944079207748,
          -4.820891758894115e-06,
          -1.1278997120470924e-07,
          7.591487562915256e-10,
          -2.0352644726078923e-12,
          2.537301957231024e-15,
          -1.2132637297451384e-18
        ],
        "polyfit8":[
          16.137251636538476,
          -0.4100010361104389,
          0.004640840502925658,
          -2.8851124859981555e-05,
          1.0774278553778035e-07,
          -2.4783136164387415e-10,
          3.4353841970301406e-13,
          -2.629444660197533e-16,
          8.527857160613538e-20
        ]
      },
      "mlljj":{}
    },
    "boosted":{
      "mjj":{
        "polyfit4":[
          0.45751238675467715,
          0.026668053655235918,
          -0.0004973306046985114,
          4.06070991820143e-06,
          -1.1359443607147612e-08
        ],
        "binWgt":1.11605324516198,
        "polyfit5":[
          0.1673090377303869,
          0.06327564611984028,
          -0.0018535521011754951,
          2.4503612603494312e-05,
          -1.431082999421406e-07,
          3.0041871447880864e-10
        ],
        "polyfit6":[
          0.009546438331911105,
          0.08788940740600777,
          -0.0030357981102199557,
          4.9325827163938994e-05,
          -3.956276536775617e-07,
          1.5183169274480744e-09,
          -2.2260276928456364e-12
        ],