{
  "2016-postVFP":{
    "resolved":{
      "mjj":{
        "polyfit6":[
          1.4552459685935628,
          -0.021213623629055964,
          0.0009358595759930386,
          -2.0630011637862966e-05,
          2.2064015160885357e-07,
          -1.1320655080226114e-09,
          2.2413045112102634e-12
        ],
        "polyfit4":[
          1.0377798852489886,
          -0.00011911818550468202,
          -3.7277319041568434e-06,
          9.433944168119244e-09,
          -6.851221784224656e-12
        ],
        "binWgt":0.747983845039713,
        "polyfit5":[
          1.0289873371438938,
          3.393777763787948e-05,
          -4.726553138410464e-06,
          1.2489256046218284e-08,
          -1.1246598807706174e-11,
          2.3916707091271096e-15
        ],
        "polyfit7":[
          3.205414830196056,
          -0.050768058902410505,
          0.00048025514998768364,
          -2.4436377352081587e-06,
          7.1277588998777024e-09,
          -1.1937497540571289e-11,
          1.0671707752756568e-14,
          -3.944807996769796e-18
        ],
        "polyfit8":[
          6.162900590617021,
          -0.13055780715420756,
          0.0013860764900859772,
          -8.096187725835728e-06,
          2.8350930260414007e-08,
          -6.109929654108947e-11,
          7.940529844655316e-14,
          -5.708263379187725e-17,
          1.7429715692826647e-20
        ]
      },
      "mlljj":{}
    },
    "boosted":{
      "mjj":{
        "polyfit4":[
          1.0012439649859561,
          0.0009884704356460496,
          -3.23645523710096e-05,
          3.760521624717852e-07,
          -1.2014658815241744e-09
        ],
        "binWgt":1.1201132458892138,
        "polyfit5":[
          0.8249249878231955,
          0.01992718093440774,
          -0.0006740907108145879,
          9.493895629492171e-06,
          -5.756346323011835e-08,
          1.2455769289276662e-10
        ],
        "polyfit6":[
          0.7214361928571406,
          0.03477901121133404,
          -0.0013572314404861402,
          2.3465298482473682e-05,
          -1.9737613342330642e-07,
          7.9182458439399e-10,
          -1.2107643669434534e-12
        ],
        "polyfit7":[
          0.708858946302462,
          0.03697530675903043,
          -0.0014831755394238266,
          2.682174826006769e-05,
          -2.4427711769398276e-07,
          1.1449057264111664e-09,
          -2.562327301764222e-12,
          2.058793452386982e-15
        ],
        "polyfit8":[
          0.7888885867891163,
          0.02154405055025561,
          -0.0004636371109365791,
          -5.903978811279976e-06,
          3.3681715213305735e-07,
          -4.8440393575716204e-09,
          3.3011864997078316e-11,
          -1.1066890945732561e-13,
          1.4730154585256464e-16
        ]
      },
      "mlljj":{}
    }
  }
}