{
  "2018":{
    "resolved":{
      "mjj":{
        "polyfit6":[
          1.1281399396676761,
          0.015658687381068896,
          -0.0009842883602170895,
          2.1342100878113205e-05,
          -2.2515085872182942e-07,
          1.1544174620089594e-09,
          -2.2972854970863395e-12
        ],
        "polyfit4":[
          1.0250576392353903,
          -0.001696310519009841,
          5.800696337936695e-06,
          -9.801474949403167e-09,
          6.3770354781865965e-12
        ],
        "binWgt":0.7215758330233378,
        "polyfit5":[
          1.235980244567059,
          -0.005304563551704008,
          2.8929007475389628e-05,
          -7.932713040344095e-08,
          1.0479008011687681e-10,
          -5.276810091906561e-14
        ],
        "polyfit7":[
          4.814318406021092,
          -0.09229825547135806,
          0.0008958383748261911,
          -4.667834276744181e-06,
          1.4046319375264775e-08,
          -2.4408650917797637e-11,
          2.2705600975352977e-14,
          -8.737054117000885e-18
        ],
        "polyfit8":[
          3.0536103157614267,
          -0.045183553614504796,
          0.0003654489568073211,
          -1.3858641939943258e-06,
          1.8246365580405882e-09,
          3.6812353212070064e-12,
          -1.62809921707314e-14,
          2.1200916768579684e-17,
          -9.759651179268704e-21
        ]
      },
      "mlljj":{}
    },
    "boosted":{
      "mjj":{
        "polyfit4":[
          0.3940596100181467,
          0.024962865761504208,
          -0.0003880313688952509,
          2.5262022241091356e-06,
          -5.7321851685709855e-09
        ],
        "binWgt":1.0589335030896996,
        "polyfit5":[
          0.06344520745606971,
          0.06664604471890435,
          -0.0018974066705822717,
          2.477620031097039e-05,
          -1.4689286681086714e-07,
          3.1925848394361577e-10
        ],
        "polyfit6":[
          -0.20420688777775442,
          0.10823585252541228,
          -0.0038698384999057743,
          6.58013211512644e-05,
          -5.624406780413903e-07,
          2.323845593761098e-09,
          -3.6759697455751544e-12
        ],
        "polyfit7":[
          -0.27731143872924485,
          0.12123755936049992,
          -0.004620203044414664,
          8.587395548737055e-05,
          -8.438881706905915e-07,
          4.451185895699694e-09,
          -1.1859753668176822e-11,
          1.2539538926064441e-14
        ],
        "polyfit8":[
          -0.8705452012422845,
          0.2356499428373975,
          -0.012163061736597187,
          0.000327249673339431,
          -5.115428394640014e-06,
          4.833050849779953e-08,
          -2.7175161568445264e-10,
          8.342260693329841e-13,
          -1.072038903235183e-15
        ]
      },
      "mlljj":{}
    }
  }
}