{
  "2017":{
    "resolved":{
      "mjj":{
        "polyfit7":[
          0.6219636372455012,
          0.08668224117636672,
          -0.004330441468738929,
          0.0001020785563684947,
          -1.3129702730214357e-06,
          9.422425846665995e-09,
          -3.543145113370564e-11,
          5.4436857582555967e-14
        ],
        "polyfit4":[
          1.1990444949043235,
          -0.0032053190823581094,
          1.3703444015713444e-05,
          -2.5862909349706786e-08,
          1.708292888726158e-11
        ],
        "binWgt":0.8454417280642369,
        "polyfit5":[
          1.8295913646356357,
          -0.014038306491073571,
          8.33983910310906e-05,
          -2.359479899476351e-07,
          3.1505756817193196e-10,
          -1.600228247541899e-13
        ],
        "polyfit6":[
          2.1045730214078584,
          -0.01964579587229718,
          0.00012852261217399907,
          -4.1948602241780686e-07,
          7.140403684265514e-10,
          -6.011430226212274e-13,
          1.9458928873240328e-16
        ],
        "polyfit8":[
          1.961944173719767,
          -0.017289228862986585,
          0.00011927689313005356,
          -4.7223781673461083e-07,
          1.3225346944450494e-09,
          -2.934777433534339e-12,
          4.6950168986040295e-15,
          -4.385877247345474e-18,
          1.718049712226837e-21
        ]
      },
      "mlljj":{}
    },
    "boosted":{
      "mjj":{
        "polyfit4":[
          0.3645449681644909,
          0.036415020762873125,
          -0.000676518006171505,
          5.2755957946310545e-06,
          -1.3837084443879877e-08
        ],
        "binWgt":1.3457652108220088,
        "polyfit5":[
          0.09197982676497159,
          0.07143696809585401,
          -0.001973325102028698,
          2.4730373075969124e-05,
          -1.3841084055980903e-07,
          2.814159709769001e-10
        ],
        "polyfit6":[
          -0.28129789386364545,
          0.13050799700401813,
          -0.0048379833042743224,
          8.553603842642604e-05,
          -7.647957152417452e-07,
          3.341945005315049e-09,
          -5.658238381545316e-12
        ],
        "polyfit7":[
          -0.12329401487763551,
          0.10210045009203782,
          -0.0031744627524220186,
          4.03696955855713e-05,
          -1.2255240517913173e-07,
          -1.573638132108021e-09,
          1.3453798400307215e-11,
          -2.9535796112608095e-14
        ],
        "polyfit8":[
          -0.23052867398999244,
          0.122901718051208,
          -0.004558176542511782,
          8.512182528852781e-05,
          -9.236132248406726e-07,
          6.75121398224535e-09,
          -3.6413038906690095e-11,
          1.2981072758854886e-13,
          -2.0993219011226868e-16
        ]
      },
      "mlljj":{}
    }
  }
}