{
  "2016-preVFP":{
    "resolved":{
      "mjj":{
        "polyfit6":[
          1.390440332544761,
          -0.02660860718657947,
          0.0011225040936709383,
          -2.336393759109933e-05,
          2.4149559984889934e-07,
          -1.2146540640710379e-09,
          2.3772688215530295e-12
        ],
        "polyfit4":[
          0.8715184006916521,
          0.0009518572246012026,
          -6.8973642516375535e-06,
          1.349079662493896e-08,
          -8.887638774164786e-12
        ],
        "binWgt":0.6912037884244432,
        "polyfit5":[
          1.0527138880066385,
          -0.002200770762605423,
          1.3656985947063312e-05,
          -4.930166636612491e-08,
          8.130271193317422e-11,
          -4.898526593076385e-14
        ],
        "polyfit7":[
          1.0998321193298441,
          -0.006040517146660725,
          7.933427650958302e-05,
          -5.408866873233275e-07,
          1.997151771013016e-09,
          -4.091591110976785e-12,
          4.369216973305761e-15,
          -1.8925056199085737e-18
        ],
        "polyfit8":[
          3.726782864653079,
          -0.07686107551357031,
          0.0008826580498593699,
          -5.549188745512605e-06,
          2.0782845573089795e-08,
          -4.7562440573614743e-11,
          6.508235747507704e-14,
          -4.8779763794128516e-17,
          1.5362939029110498e-20
        ]
      },
      "mlljj":{}
    },
    "boosted":{
      "mjj":{
        "polyfit4":[
          1.207826307075512,
          -0.013891568389543604,
          0.00023373558140105704,
          -1.5401501396796262e-06,
          3.578946058005322e-09
        ],
        "binWgt":1.0197920543684444,
        "polyfit5":[
          1.142779077223821,
          -0.007136633602991182,
          7.968761997543091e-06,
          1.6448309205187516e-06,
          -1.6033744401945374e-08,
          4.324847475389822e-11
        ],
        "polyfit6":[
          1.005512005696119,
          0.012357061432468949,
          -0.0008915476702296633,
          2.0160311111797044e-05,
          -2.0249127265426153e-07,
          9.378811995648586e-10,
          -1.6300916882558082e-12
        ],
        "polyfit7":[
          0.9739777099661493,
          0.017872070294564498,
          -0.0012097111715133827,
          2.869970513253579e-05,
          -3.226727126923281e-07,
          1.8491427249518353e-09,
          -5.143196072467408e-12,
          5.388303121301116e-15
        ],
        "polyfit8":[
          0.9885100342512801,
          0.01507139182269652,
          -0.0010248090319507764,
          2.2772693112940907e-05,
          -2.1763266891326286e-07,
          7.689716679789137e-10,
          1.2586774657258782e-12,
          -1.4856877130163643e-14,
          2.6409275733836617e-17
        ]
      },
      "mlljj":{}
    }
  }
}