{
  "2018":{
    "resolved":{
      "mjj":{
        "polyfit6":[
          1.397988049189602,
          -0.00931959007463746,
          -2.2272313320535213e-05,
          3.6068921142966387e-06,
          -5.4789030187390215e-08,
          3.309508530489242e-10,
          -7.169302676919911e-13
        ],
        "polyfit4":[
          0.9048945920434022,
          0.00034615610335510466,
          -3.5992969684037116e-06,
          8.019915747141681e-09,
          -5.702352023813734e-12
        ],
        "binWgt":0.7979846560181362,
        "polyfit5":[
          1.0535925119415566,
          -0.0022053666905408453,
          1.2804183796526241e-05,
          -4.143777782411538e-08,
          6.451432245831959e-11,
          -3.7760084789126264e-14
        ],
        "polyfit7":[
          1.5238802745904987,
          -0.016437502720786697,
          0.00018240765708937097,
          -1.0812273423223634e-06,
          3.6297229984399823e-09,
          -6.918441059248301e-12,
          6.96479996742179e-15,
          -2.8697526716429354e-18
        ],
        "polyfit8":[
          17.917346059698513,
          -0.4548075976828197,
          0.005113741097809522,
          -3.157268936051844e-05,
          1.170879445281226e-07,
          -2.67474386763419e-10,
          3.682885747072615e-13,
          -2.800863443172409e-16,
          9.028905717056978e-20
        ]
      },
      "mlljj":{}
    },
    "boosted":{
      "mjj":{
        "polyfit4":[
          0.5089767517045171,
          0.025346427954731396,
          -0.0004967274716282279,
          4.1901610808307974e-06,
          -1.1949500156768984e-08
        ],
        "binWgt":1.0700049676541836,
        "polyfit5":[
          0.08727264976599629,
          0.07683315324017724,
          -0.0023286680510599105,
          3.0855503081704626e-05,
          -1.7896875168516703e-07,
          3.722651328325127e-10
        ],
        "polyfit6":[
          -0.18889250122562914,
          0.11880894863279293,
          -0.0042829649720962,
          7.080314720956635e-05,
          -5.765292406412262e-07,
          2.255364960249882e-09,
          -3.3904072777449172e-12
        ],
        "polyfit7":[
          -0.31240446550779144,
          0.14063584350266195,
          -0.005535006754945263,
          0.00010409208837863611,
          -1.0400919553352274e-06,
          5.730017292234261e-09,
          -1.6623026201228126e-11,
          2.0044143929708957e-14
        ],
        "polyfit8":[
          0.5060338103598916,
          -0.017513646282086324,
          0.0049273011118718775,
          -0.00023210132656448283,
          4.934119824892287e-06,
          -5.5856449296231266e-08,
          3.4905950180237406e-10,
          -1.1376185570232333e-12,
          1.5105430486026823e-15
        ]
      },
      "mlljj":{}
    }
  }
}