{
  "2016-postVFP":{
    "resolved":{
      "mjj":{
        "polyfit6":[
          1.5221152831390683,
          -0.022284374708429918,
          0.0008954537940662024,
          -1.8495945286631992e-05,
          1.877116074656486e-07,
          -9.188044488555258e-10,
          1.7414562712257314e-12
        ],
        "polyfit4":[
          1.16496750065446,
          -0.0012977389240317564,
          9.68209466022738e-07,
          1.7445683050110943e-09,
          -2.4104316727263503e-12
        ],
        "binWgt":0.7594102217133841,
        "polyfit5":[
          1.0052304441678348,
          0.0014830767909471106,
          -1.717844827001884e-05,
          5.7248509872348146e-08,
          -8.224123668089556e-11,
          4.342162645356837e-14
        ],
        "polyfit7":[
          1.5825902050755416,
          -0.01485689144619939,
          0.0001691719022810668,
          -1.053092200034832e-06,
          3.656517360681414e-09,
          -7.091950291363724e-12,
          7.174792199861603e-15,
          -2.9453113028454607e-18
        ],
        "polyfit8":[
          8.873531151448667,
          -0.21159786698067976,
          0.002403191546756174,
          -1.499738305559585e-05,
          5.6026133082766105e-08,
          -1.28436461466922e-10,
          1.768766487260868e-13,
          -1.3417847516802306e-16,
          4.305706359798917e-20
        ]
      },
      "mlljj":{}
    },
    "boosted":{
      "mjj":{
        "polyfit4":[
          1.0859430458454447,
          -0.0016650532588136562,
          1.0560929639496845e-05,
          9.339669018080246e-08,
          -5.297619971059691e-10
        ],
        "binWgt":1.1689553552635639,
        "polyfit5":[
          0.9642039093865782,
          0.011164845266838466,
          -0.00042164257427765816,
          6.233858246636454e-06,
          -3.861910991035543e-08,
          8.467985403359447e-11
        ],
        "polyfit6":[
          1.0222550138154805,
          0.002962230742684919,
          -4.6603744332359834e-05,
          -1.4161814400564474e-06,
          3.786662182902949e-08,
          -2.804398871820673e-10,
          6.633524846462454e-13
        ],
        "polyfit7":[
          0.9288731117668317,
          0.019203086783578717,
          -0.0009762465581544784,
          2.33242882599883e-05,
          -3.073376479664752e-07,
          2.314148144150754e-09,
          -9.251178882107431e-12,
          1.5075909454061687e-14
        ],
        "polyfit8":[
          1.0825403227783787,
          -0.010422863111614274,
          0.0009817511290027847,
          -3.9557816571993875e-05,
          8.099688789591463e-07,
          -9.209607925599243e-09,
          5.924872461775738e-11,
          -2.0212295482021441e-13,
          2.839552453843892e-16
        ]
      },
      "mlljj":{}
    }
  }
}