{
  "2017":{
    "resolved":{
      "mjj":{
        "polyfit7":[
          0.9522201249521179,
          0.04259407458080905,
          -0.0021520067810063053,
          4.765677586650256e-05,
          -5.615490567777766e-07,
          3.611773823780964e-09,
          -1.1856231868742526e-11,
          1.5358663758665485e-14
        ],
        "polyfit4":[
          1.1825402239817828,
          -0.0028747371206386428,
          1.0762560182369327e-05,
          -1.7643210761131533e-08,
          1.0057259511997988e-11
        ],
        "binWgt":0.8358471612735255,
        "polyfit5":[
          1.2716486392871382,
          -0.004405874649767788,
          2.0612246099089653e-05,
          -4.732395681224942e-08,
          5.213200220321137e-11,
          -2.2579476991524323e-14
        ],
        "polyfit6":[
          1.0342383468574512,
          0.00043361615958522687,
          -1.8315000850789867e-05,
          1.109451655018343e-07,
          -2.918039482121082e-10,
          3.575755874920222e-13,
          -1.6765849373060385e-16
        ],
        "polyfit8":[
          -2.4240758140700107,
          0.09572921561458023,
          -0.0011236365565758888,
          7.156914451789979e-06,
          -2.7300292682125145e-08,
          6.417132162969285e-11,
          -9.106749062124283e-14,
          7.151014281430315e-17,
          -2.3838030848147666e-20
        ]
      },
      "mlljj":{}
    },
    "boosted":{
      "mjj":{
        "polyfit4":[
          0.35721359728622104,
          0.0353932744048846,
          -0.0006509457682278835,
          5.078347883337997e-06,
          -1.3356444188683044e-08
        ],
        "binWgt":1.3519659376225936,
        "polyfit5":[
          0.13652207846294406,
          0.06371799512265011,
          -0.001704280726104605,
          2.0952052996585404e-05,
          -1.154116156798038e-07,
          2.3134579260013161e-10
        ],
        "polyfit6":[
          -0.17681711635550618,
          0.11326609208244258,
          -0.004107459010226824,
          7.190595280532601e-05,
          -6.392652674360832e-07,
          2.7849993987332234e-09,
          -4.7109391132978355e-12
        ],
        "polyfit7":[
          0.02595449756102909,
          0.07683394272499768,
          -0.001976222456435351,
          1.4141382489857147e-05,
          1.8025242677836558e-07,
          -3.4705062534398383e-09,
          1.9537526023286987e-11,
          -3.735529743765126e-14
        ],
        "polyfit8":[
          0.7745615294746828,
          -0.06837111609215892,
          0.0076810235039896325,
          -0.00029805833684772015,
          5.764700765889253e-06,
          -6.14484438550211e-08,
          3.6639259809027966e-10,
          -1.144027880771655e-12,
          1.4554899539551537e-15
        ]
      },
      "mlljj":{}
    }
  }
}