{
  "2016":{
    "resolved":{
      "mjj":{
        "polyfit6":[
          1.3303083235327982,
          -0.02255042334149653,
          0.0010349018924774487,
          -2.326990395136507e-05,
          2.555114100790977e-07,
          -1.3501623287923974e-09,
          2.7530389348535475e-12
        ],
        "polyfit4":[
          0.8580678488948803,
          0.0008079111873642117,
          -6.088790185723555e-06,
          1.1368911199776966e-08,
          -6.857690512736718e-12
        ],
        "binWgt":0.7004443202337104,
        "polyfit5":[
          1.3440241389549863,
          -0.007649440957054731,
          4.9079655605837606e-05,
          -1.5729568456274455e-07,
          2.3564126743666235e-10,
          -1.3186924648777385e-13
        ],
        "polyfit7":[
          3.736746286993278,
          -0.06298858474657013,
          0.0005719188975457125,
          -2.775129315178706e-06,
          7.752520979088056e-09,
          -1.2544983783642386e-11,
          1.095141343936248e-14,
          -3.995583636357987e-18
        ],
        "polyfit8":[
          6.173860532116105,
          -0.1286783088680749,
          0.0013168996586511732,
          -7.418845823578445e-06,
          2.5167830769527784e-08,
          -5.283924711066369e-11,
          6.722253781014815e-14,
          -4.7450258151074025e-17,
          1.4238351935809757e-20
        ]
      },
      "mlljj":{}
    },
    "boosted":{
      "mjj":{
        "polyfit4":[
          1.0299476204490743,
          -0.004957804380585627,
          6.822439580355897e-05,
          -2.921328322299228e-07,
          2.5889427440562274e-10
        ],
        "binWgt":0.9767413967360576,
        "polyfit5":[
          0.8445491453978404,
          0.014796199924049853,
          -0.000597229654308342,
          9.096626747971771e-06,
          -5.730589408253069e-08,
          1.2606279120779632e-10
        ],
        "polyfit6":[
          0.6699222915340651,
          0.03997540470710027,
          -0.0017635082037658696,
          3.311392905567057e-05,
          -2.9901534806393844e-07,
          1.2844874676726919e-09,
          -2.107439121815652e-12
        ],
        "polyfit7":[
          0.8060796396386911,
          0.016082843666812195,
          -0.0003852719162338764,
          -3.835457663904112e-06,
          2.202010193722202e-07,
          -2.6457284491916283e-09,
          1.301895361259065e-11,
          -2.316365965843745e-14
        ],
        "polyfit8":[
          0.8340660217097766,
          0.010688754688629586,
          -2.924430049429495e-05,
          -1.5245026157547688e-05,
          4.2238118205302845e-07,
          -4.724953110164247e-09,
          2.534468192147208e-11,
          -6.215635640716191e-14,
          5.088826773462298e-17
        ]
      },
      "mlljj":{}
    }
  }
}