{
  "2016-preVFP":{
    "resolved":{
      "mjj":{
        "polyfit6":[
          1.2451601154106262,
          -0.019114110864640994,
          0.0008013666878865552,
          -1.733176448596224e-05,
          1.8553872928923563e-07,
          -9.613690939280365e-10,
          1.9306126194361763e-12
        ],
        "polyfit4":[
          0.7504297366147643,
          0.0014686099448174797,
          -8.852098210775113e-06,
          1.712293103957938e-08,
          -1.0965709463818253e-11
        ],
        "binWgt":0.6992132635032927,
        "polyfit5":[
          1.8104930092542142,
          -0.01682889348196807,
          0.00010945620317942362,
          -3.413748882653334e-07,
          5.000729296864882e-10,
          -2.756421578675845e-13
        ],
        "polyfit7":[
          1.8919290773245159,
          -0.02056849004755924,
          0.00016441042473876817,
          -7.239359447572889e-07,
          1.927852580137254e-09,
          -3.2017083447313772e-12,
          3.096054387612342e-15,
          -1.3194189558032062e-18
        ],
        "polyfit8":[
          17.821599978272445,
          -0.44813173475523416,
          0.004991991523021013,
          -3.0679828267286987e-05,
          1.137618924456623e-07,
          -2.608017999870629e-10,
          3.612852101845598e-13,
          -2.767866950796308e-16,
          8.990633873705215e-20
        ]
      },
      "mlljj":{}
    },
    "boosted":{
      "mjj":{
        "polyfit4":[
          1.1367554349169735,
          -0.011390827950560229,
          0.00017936904888542682,
          -1.004957024188725e-06,
          1.8223303271076878e-09
        ],
        "binWgt":0.9740740461417853,
        "polyfit5":[
          1.0587084442734618,
          -0.0033088306397224348,
          -9.015807807827398e-05,
          2.7915189976172664e-06,
          -2.1506422761992785e-08,
          5.129218269432553e-11
        ],
        "polyfit6":[
          0.9575762911774517,
          0.010991618763440927,
          -0.0007471037054363421,
          1.625713690974178e-05,
          -1.5663672955545443e-07,
          6.977624955714572e-10,
          -1.1749122769882296e-12
        ],
        "polyfit7":[
          0.9292409842606862,
          0.015928951627113087,
          -0.001030963262607541,
          2.3853642178430095e-05,
          -2.63307168773201e-07,
          1.505062235803558e-09,
          -4.2819508456310675e-12,
          4.757866826940508e-15
        ],
        "polyfit8":[
          1.0629571662810864,
          -0.00984890791164986,
          0.0006725499368416363,
          -3.083701096764491e-05,
          7.078465399024973e-07,
          -8.502989370936477e-09,
          5.51562585094068e-11,
          -1.8356585739673458e-13,
          2.460723608123962e-16
        ]
      },
      "mlljj":{}
    }
  },
  "2016-postVFP":{
    "resolved":{
      "mjj":{
        "polyfit6":[
          1.4071222959141882,
          -0.025576610324556475,
          0.0012035953162427423,
          -2.7728892233431482e-05,
          3.0845860024690555e-07,
          -1.63815134571664e-09,
          3.3423381557895407e-12
        ],
        "polyfit4":[
          1.1561564336942944,
          -0.0029559533922984887,
          1.056226661188287e-05,
          -1.844927948374918e-08,
          1.1965809655634607e-11
        ],
        "binWgt":0.7869650241817436,
        "polyfit5":[
          1.4227844903960405,
          -0.0075613762773561,
          4.0370573716942655e-05,
          -1.0890571799666451e-07,
          1.4116288481292683e-10,
          -6.987086466801588e-14
        ],
        "polyfit7":[
          1.8306749159459115,
          -0.015561959591826359,
          0.0001008217904832027,
          -3.287132344071e-07,
          5.178818321693074e-10,
          -2.5167129076539237e-13,
          -2.397923499568289e-16,
          2.358571841577809e-19
        ],
        "polyfit8":[
          6.004450740590306,
          -0.12762860255755673,
          0.0013666990964641347,
          -8.187600769702811e-06,
          2.98737632726263e-08,
          -6.791106336152216e-11,
          9.3899131662224e-14,
          -7.221024263133658e-17,
          2.3661424395674508e-20
        ]
      },
      "mlljj":{}
    },
    "boosted":{
      "mjj":{
        "polyfit4":[
          0.9133784044418016,
          0.004342395479769633,
          -8.20108608453152e-05,
          7.009756985297295e-07,
          -2.025953583233591e-09
        ],
        "binWgt":1.1050712653182218,
        "polyfit5":[
          0.6755737691290911,
          0.030401078131128027,
          -0.0009687331299836194,
          1.3273195516483137e-05,
          -7.929914154740616e-08,
          1.6938702956441912e-10
        ],
        "polyfit6":[
          0.3681203512996286,
          0.0751363125983592,
          -0.0030336809609310465,
          5.551202300815489e-05,
          -5.013914159168672e-07,
          2.179358562002046e-09,
          -3.6365938467568903e-12
        ],
        "polyfit7":[
          0.33101779564137845,
          0.08163604209283064,
          -0.0034066703969955724,
          6.545512350122341e-05,
          -6.403737159944425e-07,
          3.226154132803208e-09,
          -7.646304200045057e-12,
          6.112493577034007e-15
        ],
        "polyfit8":[
          0.5418555867303655,
          0.04098704641844985,
          -0.000722890087579566,
          -2.0604773676277738e-05,
          8.859476546378104e-07,
          -1.2484760406176813e-08,
          8.556153820365132e-11,
          -2.889195388762518e-13,
          3.851606538234064e-16
        ]
      },
      "mlljj":{}
    }
  },
  "2017":{
    "resolved":{
      "mjj":{
        "polyfit7":[
          1.5179649455517372,
          -0.033511016139878606,
          0.0016768270071145744,
          -4.846741450722053e-05,
          7.587009172307289e-07,
          -6.479346939975721e-09,
          2.8456977204581535e-11,
          -5.02947669903388e-14
        ],
        "polyfit4":[
          1.113419084999833,
          -0.0018751363178624806,
          4.401271655954053e-06,
          -2.4797234483374125e-09,
          -1.7554029395280684e-12
        ],
        "binWgt":0.825174034441463,
        "polyfit5":[
          0.5835497007360972,
          0.007208234744612259,
          -5.391673954103047e-05,
          1.7301611780815556e-07,
          -2.502700625065805e-10,
          1.3323654169638238e-13
        ],
        "polyfit6":[
          0.31329438655361047,
          0.012713344059996233,
          -9.819569729407546e-05,
          3.531570647270903e-07,
          -6.421526995259072e-10,
          5.669361399831285e-13,
          -1.915234388618891e-16
        ],
        "polyfit8":[
          -5.011313969564324,
          0.167842269989833,
          -0.0019946175663922146,
          1.304573146528214e-05,
          -5.150880078816881e-08,
          1.2567097636588195e-10,
          -1.8489838714934886e-13,
          1.5000323511362105e-16,
          -5.14305872620393e-20
        ]
      },
      "mlljj":{}
    },
    "boosted":{
      "mjj":{
        "polyfit4":[
          0.3565562219658982,
          0.033146430841437556,
          -0.0005888888065353823,
          4.547803860535431e-06,
          -1.199705353054318e-08
        ],
        "binWgt":1.3489224034735388,
        "polyfit5":[
          0.16874252864688888,
          0.057191210299453704,
          -0.0014863952110762326,
          1.8130527077852542e-05,
          -9.968864596746152e-08,
          1.9966995623534237e-10
        ],
        "polyfit6":[
          -0.04782813125257839,
          0.09129965444372579,
          -0.0031346031584238107,
          5.28867771583497e-05,
          -4.5468845366470207e-07,
          1.918800871912692e-09,
          -3.1530873218418724e-12
        ],