{
  "2016":{
    "resolved":{
      "mjj":{
        "polyfit6":[
          1.4198515037753288,
          -0.024089895880358196,
          0.0010391880097521998,
          -2.2220000793225986e-05,
          2.3355233024741034e-07,
          -1.1869049016678753e-09,
          2.3379578308215564e-12
        ],
        "polyfit4":[
          0.9493819270627294,
          0.0004594292826871846,
          -5.464998557873282e-06,
          1.1689455996667472e-08,
          -7.993968187760376e-12
        ],
        "binWgt":0.7168001815842852,
        "polyfit5":[
          1.0423772682414314,
          -0.0011589529331205454,
          5.091022583963257e-06,
          -2.0578130811981165e-08,
          3.838697484223239e-11,
          -2.5212598013656605e-14
        ],
        "polyfit7":[
          2.0851780777283757,
          -0.027006291015066266,
          0.0002677937766829796,
          -1.438414132846798e-06,
          4.42752123133932e-09,
          -7.828009957885408e-12,
          7.391293911704263e-15,
          -2.8855687124666785e-18
        ],
        "polyfit8":[
          4.900154260707306,
          -0.1029210926377084,
          0.0011292312105727676,
          -6.811290197673575e-06,
          2.458976463857614e-08,
          -5.450604262769674e-11,
          7.261476663641825e-14,
          -5.328026921488179e-17,
          1.652016765867067e-20
        ]
      },
      "mlljj":{}
    },
    "boosted":{
      "mjj":{
        "polyfit4":[
          1.1177236112764772,
          -0.00735555974821878,
          0.00011702186310457323,
          -6.947842656070384e-07,
          1.4565143484641768e-09
        ],
        "binWgt":1.0667226288126122,
        "polyfit5":[
          1.0027975241514708,
          0.004758394649679381,
          -0.0002904263482522748,
          5.072852325997779e-06,
          -3.412679008516119e-08,
          7.855147328763105e-11
        ],
        "polyfit6":[
          0.8858595382760366,
          0.02143898265089158,
          -0.0010589887555145843,
          2.0847071181603982e-05,
          -1.9253725825431186e-07,
          8.368574420294137e-10,
          -1.3792395657377168e-12
        ],
        "polyfit7":[
          0.8649968305725173,
          0.025084233113523174,
          -0.0012686773210341638,
          2.6456103290829183e-05,
          -2.712083603847887e-07,
          1.43133109345695e-09,
          -3.6632873452619445e-12,
          3.4917403850043444e-15
        ],
        "polyfit8":[
          0.9073638404070523,
          0.016917623490975253,
          -0.000729348772764052,
          9.15797630290917e-06,
          3.560813062606739e-08,
          -1.7268114172106393e-09,
          1.5072012603864964e-11,
          -5.580719286746427e-14,
          7.740851355464171e-17
        ]
      },
      "mlljj":{}
    }
  }
}