{
  "2016":{
    "resolved":{
      "mjj":{
        "polyfit6":[
          1.4773240045904132,
          -0.024850999409180057,
          0.0010271537183601442,
          -2.116928715216679e-05,
          2.149537605919771e-07,
          -1.0566688782167942e-09,
          2.0167377707117294e-12
        ],
        "polyfit4":[
          1.0110414544620216,
          0.00021007726579203216,
          -4.921396460129765e-06,
          1.1588079324401353e-08,
          -8.518395890469535e-12
        ],
        "binWgt":0.7280508714356398,
        "polyfit5":[
          0.8420713788471755,
          0.0031505035479222547,
          -2.409900569560113e-05,
          7.020258062690463e-08,
          -9.275336554125204e-11,
          4.5778022049374865e-14
        ],
        "polyfit7":[
          0.7905964837652062,
          0.0013807509873306153,
          2.4276301184635384e-05,
          -3.473243776942051e-07,
          1.6497567611179554e-09,
          -3.779689634632121e-12,
          4.241233466223107e-15,
          -1.869605087994178e-18
        ],
        "polyfit8":[
          4.182604649712838,
          -0.09012926518351319,
          0.0010630952143749761,
          -6.829286500948765e-06,
          2.59844552953972e-08,
          -6.014150947292141e-11,
          8.302817941804051e-14,
          -6.27673517207609e-17,
          1.9970159969218675e-20
        ]
      },
      "mlljj":{}
    },
    "boosted":{
      "mjj":{
        "polyfit4":[
          1.1847111042871972,
          -0.009552411985485757,
          0.0001658141628327417,
          -1.1174918888050698e-06,
          2.7161062410822937e-09
        ],
        "binWgt":1.1323647655288238,
        "polyfit5":[
          1.1193809976422362,
          -0.0027086244955032207,
          -6.443542024974638e-05,
          2.154213112246273e-06,
          -1.7589676870345742e-08,
          4.515673669056472e-11
        ],
        "polyfit6":[
          1.054143636664104,
          0.006530024455051013,
          -0.0004887434881181617,
          1.0847736825626539e-05,
          -1.0482348866833709e-07,
          4.6273583757291966e-10,
          -7.601111993219811e-13
        ],
        "polyfit7":[
          0.8966402916094598,
          0.03397278020459012,
          -0.0020648478883509586,
          5.2960386525179825e-05,
          -6.950025448398067e-07,
          4.919290499317837e-09,
          -1.7871095990346513e-11,
          2.614096805765144e-14
        ],
        "polyfit8":[
          0.9739026546429977,
          0.019076888273693506,
          -0.0010805215837376325,
          2.13630602579282e-05,
          -1.340180275402398e-07,
          -8.607055288258846e-10,
          1.644850730703315e-11,
          -8.256432491557892e-14,
          1.4198489241307093e-16
        ]
      },
      "mlljj":{}
    }
  }
}