{
  "2016-preVFP":{
    "resolved":{
      "mjj":{
        "polyfit6":[
          1.4415160815694972,
          -0.0272884474697673,
          0.0011428923780013279,
          -2.34144092892984e-05,
          2.3707470015026083e-07,
          -1.165824417606506e-09,
          2.2306543658020187e-12
        ],
        "polyfit4":[
          0.8739728984229658,
          0.0015424211438958882,
          -1.0096164475029175e-05,
          2.0174108701642042e-08,
          -1.3811023960997547e-11
        ],
        "binWgt":0.7023497168662305,
        "polyfit5":[
          0.7150956060139336,
          0.004305944147778837,
          -2.810881835525249e-05,
          7.518474957568115e-08,
          -9.27971899377856e-11,
          4.2886403487977685e-14
        ],
        "polyfit7":[
          0.11347100397876152,
          0.015216741117774277,
          -9.909974404127791e-05,
          2.5307713897053954e-07,
          -5.372668676273432e-11,
          -9.791724415219795e-13,
          1.7754938656611024e-15,
          -9.723628943807385e-19
        ],
        "polyfit8":[
          0.04874786735010171,
          0.016962469397028643,
          -0.00011891201296184877,
          3.766627568069872e-07,
          -5.175326849385034e-10,
          9.464000640198702e-14,
          2.750585065975589e-16,
          1.868754304769247e-19,
          -3.799728014834778e-22
        ]
      },
      "mlljj":{}
    },
    "boosted":{
      "mjj":{
        "polyfit4":[
          1.2635668265251525,
          -0.015901682735054972,
          0.0002912697727216445,
          -2.1120265735961346e-06,
          5.409579118579221e-09
        ],
        "binWgt":1.1010021579702771,
        "polyfit5":[
          1.2412171443221094,
          -0.013572684378880843,
          0.00021302791691880119,
          -1.0004665662689366e-06,
          -1.4912811553337274e-09,
          1.5349304259609223e-11
        ],
        "polyfit6":[
          1.0632554021763874,
          0.011676762336519717,
          -0.0009507154534368001,
          2.292437912771106e-05,
          -2.4220207933348747e-07,
          1.1698534047198153e-09,
          -2.1042050693653034e-12
        ],
        "polyfit7":[
          0.8516909108546384,
          0.04861114827989561,
          -0.0030787657582654372,
          8.000113518448245e-05,
          -1.0454176118900095e-06,
          7.2617123822505496e-09,
          -2.5598192904968975e-11,
          3.6048062784438813e-14
        ],
        "polyfit8":[
          0.8786735485765015,
          0.04340822829390872,
          -0.0027349352253341927,
          6.89658309429172e-05,
          -8.495758259079435e-07,
          5.24510654795475e-09,
          -1.3632382725612936e-11,
          -1.828495144200392e-15,
          4.9445261108513875e-17
        ]
      },
      "mlljj":{}
    }
  }
}