{
  "2018":{
    "resolved":{
      "mjj":{
        "polyfit6":[
          1.285694754208111,
          0.0010562109462379618,
          -0.0004207135497629499,
          1.0942218444341267e-05,
          -1.2519089885591954e-07,
          6.710175952628339e-10,
          -1.3691878104001296e-12
        ],
        "polyfit4":[
          0.9518213397549062,
          -0.0004492302575482546,
          1.6403382335474033e-08,
          1.2608971762245528e-09,
          -1.1660387012298413e-12
        ],
        "binWgt":0.765296218809954,
        "polyfit5":[
          1.1209870803075193,
          -0.003348481101470801,
          1.863341383920558e-05,
          -5.480371578517764e-08,
          7.833490303781409e-11,
          -4.270214547524885e-14
        ],
        "polyfit7":[
          2.8787781971501203,
          -0.04769084322937203,
          0.00047645840134789694,
          -2.559539387759278e-06,
          7.921187507326098e-09,
          -1.4117282818310445e-11,
          1.3435145786248117e-14,
          -5.277920820977412e-18
        ],
        "polyfit8":[
          11.910602697999328,
          -0.2892719373575431,
          0.0031948192794083253,
          -1.9372450182676453e-05,
          7.04996073748541e-08,
          -1.5787026027104758e-10,
          2.1284353621708235e-13,
          -1.5831647073380023e-16,
          4.986024593687065e-20
        ]
      },
      "mlljj":{}
    },
    "boosted":{
      "mjj":{
        "polyfit4":[
          0.45443507829728347,
          0.02557478029213298,
          -0.000458286134674202,
          3.538372385918348e-06,
          -9.429656787874322e-09
        ],
        "binWgt":1.0652249186393623,
        "polyfit5":[
          0.08084123667548834,
          0.07188239864940947,
          -0.002120223567120573,
          2.7885889585798107e-05,
          -1.6290541553994122e-07,
          3.444038430984942e-10
        ],
        "polyfit6":[
          -0.203408148197903,
          0.11551750255879635,
          -0.004168731665998057,
          7.009519903323398e-05,
          -5.86482688518852e-07,
          2.3684893668738283e-09,
          -3.677113130052965e-12
        ],
        "polyfit7":[
          -0.30872540302776696,
          0.1341680483849847,
          -0.005240270661277092,
          9.86254565562421e-05,
          -9.84443231352417e-07,
          5.3583384338205055e-09,
          -1.509908315019573e-11,
          1.7368042482212337e-14
        ],
        "polyfit8":[
          -0.09123956118168984,
          0.09219003411785305,
          -0.0024687064759173105,
          9.778924609968618e-06,
          5.904050658515961e-07,
          -1.0838294591503658e-08,
          8.088113929560319e-11,
          -2.860199983322298e-13,
          3.9545640526129645e-16
        ]
      },
      "mlljj":{}
    }
  }
}