{
  "2016-postVFP":{
    "resolved":{
      "mjj":{
        "polyfit6":[
          1.3548275896539388,
          -0.019539921587149876,
          0.0009875335596581446,
          -2.357279603950261e-05,
          2.668908598063501e-07,
          -1.4343951889623261e-09,
          2.953892929326699e-12
        ],
        "polyfit4":[
          0.8785204326540805,
          0.0011567698913070446,
          -8.074590598870998e-06,
          1.49110897056811e-08,
          -8.934150431750178e-12
        ],
        "binWgt":0.7314068634064748,
        "polyfit5":[
          1.1515475211540163,
          -0.0035940948663706206,
          2.292183393147342e-05,
          -7.989467878956296e-08,
          1.274697022671264e-10,
          -7.425247372810314e-14
        ],
        "polyfit7":[
          5.374362834710966,
          -0.09924378208091546,
          0.0009051206721532048,
          -4.378009125746039e-06,
          1.2099366617808233e-08,
          -1.9197153030688327e-11,
          1.6277018290850196e-14,
          -5.716432961174488e-18
        ],
        "polyfit8":[
          3.7155548038747543,
          -0.054504480411497636,
          0.00039737804365316045,
          -1.2106697969374724e-06,
          2.115311602809675e-10,
          8.330005564993974e-12,
          -2.2195356898644433e-14,
          2.4016803434654196e-17,
          -9.750030630639524e-21
        ]
      },
      "mlljj":{}
    },
    "boosted":{
      "mjj":{
        "polyfit4":[
          0.8843221310911318,
          0.004407233634522704,
          -8.408296039261534e-05,
          6.964947904239055e-07,
          -1.9539279152384592e-09
        ],
        "binWgt":1.0552503787110457,
        "polyfit5":[
          0.6370590825346195,
          0.03171952895267458,
          -0.0010184351326964938,
          1.4000110015162443e-05,
          -8.400360776446871e-08,
          1.8036750175060557e-10
        ],
        "polyfit6":[
          0.3447696279914405,
          0.07453789860011385,
          -0.0030050263787783247,
          5.4819916167009314e-05,
          -4.936093143931953e-07,
          2.1382080332155975e-09,
          -3.5539364331540456e-12
        ],
        "polyfit7":[
          0.4264210584446013,
          0.06019804735697825,
          -0.002180047688492653,
          3.2767425573152395e-05,
          -1.8445063161778398e-07,
          -1.9758400034283195e-10,
          5.421568239950642e-12,
          -1.3725035616481487e-14
        ],
        "polyfit8":[
          0.41049914006312177,
          0.06326941581783821,
          -0.0023829786221417544,
          3.928052642369491e-05,
          -3.000798288254595e-07,
          9.939043970728398e-10,
          -1.6551089294209484e-12,
          8.700897028386217e-15,
          -2.931142791311603e-17
        ]
      },
      "mlljj":{}
    }
  }
}