{
  "2016-preVFP":{
    "resolved":{
      "mjj":{
        "polyfit6":[
          1.4587437066118483,
          -0.03225723833925996,
          0.00137353291402082,
          -2.8821073595434452e-05,
          2.989702706071813e-07,
          -1.4978698587211491e-09,
          2.900407129155083e-12
        ],
        "polyfit4":[
          0.8038952136425241,
          0.0019492091231501714,
          -1.1639197355127325e-05,
          2.325918523591526e-08,
          -1.55338454300975e-11
        ],
        "binWgt":0.7551731464466449,
        "polyfit5":[
          0.5003988901134061,
          0.007195439596874478,
          -4.5606121813385235e-05,
          1.2632419517388894e-07,
          -1.6266250444824065e-10,
          7.949450783037595e-14
        ],
        "polyfit7":[
          -3.3272059927771553,
          0.09444028689484699,
          -0.0008566812277249112,
          4.117071582985176e-06,
          -1.1412171913674493e-08,
          1.8303765299821655e-11,
          -1.5765602173311543e-14,
          5.638653111338749e-18
        ],
        "polyfit8":[
          -20.949358039844217,
          0.5680942603870623,
          -0.006213219764382292,
          3.741463456166078e-05,
          -1.3596321536089413e-07,
          3.057850426134654e-10,
          -4.1634697196360587e-13,
          3.143608363173749e-16,
          -1.0097106105962667e-19
        ]
      },
      "mlljj":{}
    },
    "boosted":{
      "mjj":{
        "polyfit4":[
          1.285141704069233,
          -0.015995337140907236,
          0.00029754831858436366,
          -2.145477107195071e-06,
          5.457054330964726e-09
        ],
        "binWgt":1.1652017650625477,
        "polyfit5":[
          1.2874243189281274,
          -0.016231749011925832,
          0.00030546347797557667,
          -2.257656756178028e-06,
          6.152043125679536e-09,
          -1.5425599572670038e-12
        ],
        "polyfit6":[
          1.1101763037254018,
          0.008805937887617016,
          -0.0008458853049499182,
          2.1374841945127568e-05,
          -2.3132302893656857e-07,
          1.136251852930806e-09,
          -2.0717592071148018e-12
        ],
        "polyfit7":[
          0.9539097776105675,
          0.03605054387008075,
          -0.0024143704623526057,
          6.341382140483025e-05,
          -8.225158307800903e-07,
          5.616941561457233e-09,
          -1.933968955606455e-11,
          2.6475705827752052e-14
        ],
        "polyfit8":[
          1.0487387856558166,
          0.017765358025776456,
          -0.0012058381706319449,
          2.4616486011537296e-05,
          -1.3377015988502614e-07,
          -1.477701417220205e-09,
          2.2773187869666063e-11,
          -1.0687706063986475e-13,
          1.741412851853564e-16
        ]
      },
      "mlljj":{}
    }
  },
  "2016-postVFP":{
    "resolved":{
      "mjj":{
        "polyfit6":[
          1.5918871141496989,
          -0.03921039888223314,
          0.0017375704250237034,
          -3.695575161136738e-05,
          3.8574173060117913e-07,
          -1.941772396945144e-09,
          3.778848931761573e-12
        ],
        "polyfit4":[
          1.255665887495402,
          -0.0034762833601470495,
          1.2903811125593643e-05,
          -2.3244435953681647e-08,
          1.5809345183752287e-11
        ],
        "binWgt":0.8080337867259647,
        "polyfit5":[
          1.0414433632265232,
          0.00022904411077418483,
          -1.11143919599556e-05,
          4.975365014976051e-08,
          -8.860942558218766e-11,
          5.6547802866864495e-14
        ],
        "polyfit7":[
          -2.208140640278376,
          0.07381342367453239,
          -0.0006900045899311708,
          3.361159891876937e-06,
          -9.332358860653231e-09,
          1.4871128154269095e-11,
          -1.266723520680729e-14,
          4.474296390737148e-18
        ],
        "polyfit8":[
          0.9575242272147968,
          -0.011242932000725096,
          0.00027156665869729847,
          -2.6143976442898947e-06,
          1.3013931020818756e-08,
          -3.669800906372716e-11,
          5.918344091286747e-14,
          -5.0900502378225305e-17,
          1.8113200568278574e-20
        ]
      },
      "mlljj":{}
    },
    "boosted":{
      "mjj":{
        "polyfit4":[
          1.0936347713041659,
          -0.0012548731536270942,
          1.6646917139825367e-06,
          2.3559502232780732e-07,
          -1.057166280846537e-09
        ],
        "binWgt":1.2332394189950642,
        "polyfit5":[
          0.970922669258344,
          0.011564476175900935,
          -0.000429124815720777,
          6.352347145831986e-06,
          -3.899511870383046e-08,
          8.432930984556275e-11
        ],
        "polyfit6":[
          1.067418430876259,
          -0.0020151381201562826,
          0.00019177013226753039,
          -6.3214385959772775e-06,
          8.779279619357593e-08,
          -5.210692711498025e-10,
          1.0998164909042782e-12
        ],
        "polyfit7":[
          0.9890787062110831,
          0.011608313004970455,
          -0.000588774185252467,
          1.4470756391808148e-05,
          -2.0254510516988768e-07,
          1.6623132873977864e-09,
          -7.245812361602674e-12,
          1.2691067757195753e-14
        ],
        "polyfit8":[
          1.0424870184120136,
          0.0013072997578752563,
          9.251448961389155e-05,
          -7.427241125641217e-06,
          1.8687868879810673e-07,
          -2.3575092933596354e-09,
          1.6667242761781542e-11,
          -6.318262473043385e-14,
          9.924829811302309e-17
        ]
      },
      "mlljj":{}
    }
  },
  "2017":{
    "resolved":{
      "mjj":{
        "polyfit7":[
          0.6312155489357127,
          0.08404490055988477,
          -0.004068748146105688,
          9.257216520039623e-05,
          -1.1487081352708988e-06,
          7.943006934742856e-09,
          -2.8708569468225642e-11,
          4.225435710227282e-14
        ],
        "polyfit4":[
          1.1446536299384842,
          -0.0025628382628200435,
          1.09148733576706e-05,
          -2.126273370048149e-08,
          1.459053983489787e-11
        ],
        "binWgt":0.8444228888119736,
        "polyfit5":[
          1.8914161346474863,
          -0.015353617524456157,
          9.296778141998195e-05,
          -2.68013710533993e-07,
          3.6392782510937673e-10,
          -1.8734829799978717e-13
        ],
        "polyfit6":[
          3.1827075952861286,
          -0.04166409849535167,
          0.00030462795715974943,
          -1.1291438775608637e-06,
          2.2370407129586026e-09,
          -2.259897495423196e-12,
          9.15006229141217e-16
        ],
        "polyfit8":[
          -4.18860705165679,
          0.15525980210965476,
          -0.0019082621622948472,
          1.2537575205364285e-05,
          -4.85519306461277e-08,
          1.1421947561578851e-10,
          -1.6038677137668903e-13,
          1.235805082812633e-16,
          -4.019386777417161e-20
        ]
      },
      "mlljj":{}
    },
    "boosted":{
      "mjj":{
        "polyfit4":[
          0.3367449028433808,
          0.03868394583226435,
          -0.0007308697837234347,
          5.772848660688337e-06,
          -1.52846537091355e-08
        ],
        "binWgt":1.3324598306214357,
        "polyfit5":[
          0.045495873329356264,
          0.07618283181566572,
          -0.0021161566236386404,
          2.6485621194635012e-05,
          -1.4743131331935484e-07,
          2.9747006960775593e-10
        ],
        "polyfit6":[
          -0.2860175407214098,
          0.1286420025743285,
          -0.004655230058561912,
          8.025655083247266e-05,
          -6.999819694561494e-07,
          2.9899542512234077e-09,
          -4.964031937807072e-12
        ],