{
  "2016-preVFP":{
    "resolved":{
      "mjj":{
        "polyfit6":[
          1.3081655554463416,
          -0.024967043083482254,
          0.0010610459027396713,
          -2.2597647373660633e-05,
          2.404934469070003e-07,
          -1.2469875112918842e-09,
          2.5123948488841357e-12
        ],
        "polyfit4":[
          0.8607488037169578,
          0.00015929116405720827,
          -2.4820446075571434e-06,
          4.139993030607895e-09,
          -1.9592506995743354e-12
        ],
        "binWgt":0.6749727227176501,
        "polyfit5":[
          1.5138651705447008,
          -0.011209804013421427,
          7.167429315935327e-05,
          -2.22519712474816e-07,
          3.2378373605962543e-10,
          -1.7701783135572816e-13
        ],
        "polyfit7":[
          2.304078029040541,
          -0.03184115033764984,
          0.00029179026822758104,
          -1.4642035245021363e-06,
          4.322190403575332e-09,
          -7.53556377763614e-12,
          7.183369009878184e-15,
          -2.878277600617276e-18
        ],
        "polyfit8":[
          8.88577970900599,
          -0.2091463454971036,
          0.002301358365513587,
          -1.3982393379976013e-05,
          5.123824373120821e-08,
          -1.1601637561739115e-10,
          1.585830939032601e-13,
          -1.1972534638519225e-16,
          3.8264293420983554e-20
        ]
      },
      "mlljj":{}
    },
    "boosted":{
      "mjj":{
        "polyfit4":[
          1.1378902794908432,
          -0.012002995767644868,
          0.00018102937107899328,
          -1.0172861066713695e-06,
          1.8655834844366567e-09
        ],
        "binWgt":0.9053103311326197,
        "polyfit5":[
          1.0102237233562197,
          0.001212248379015884,
          -0.0002581772348692047,
          5.12790341168755e-06,
          -3.560435122265174e-08,
          8.175584664771017e-11
        ],
        "polyfit6":[
          0.9289713584046301,
          0.012767223806646064,
          -0.0007922333954998987,
          1.6139453741769962e-05,
          -1.4664297273456198e-07,
          6.149015053965992e-10,
          -9.713672066372352e-13
        ],
        "polyfit7":[
          1.1001747121833159,
          -0.0172522468521655,
          0.0009428474649289419,
          -3.0479486064936097e-05,
          5.096232797546744e-07,
          -4.359938263445558e-09,
          1.819959437424904e-11,
          -2.9390504367630676e-14
        ],
        "polyfit8":[
          1.1806855626409323,
          -0.032757939114294095,
          0.0019652602082342496,
          -6.319840420361996e-05,
          1.0884063573124646e-06,
          -1.030124146226163e-08,
          5.3357456766453505e-11,
          -1.4043349148949829e-13,
          1.4471400651422308e-16
        ]
      },
      "mlljj":{}
    }
  }
}