{
  "2017":{
    "resolved":{
      "mjj":{
        "polyfit7":[
          1.4739677487548362,
          -0.025418232066270887,
          0.0011631102947866755,
          -3.440619837891722e-05,
          5.6443171613626e-07,
          -5.057069218629288e-09,
          2.32045879007824e-11,
          -4.26240690887583e-14
        ],
        "polyfit4":[
          1.1693922301487616,
          -0.0025792859271156297,
          7.518593941651926e-06,
          -7.994536694231478e-09,
          1.5830738611892035e-12
        ],
        "binWgt":0.8224565807051322,
        "polyfit5":[
          0.5369496893437011,
          0.008273787925852179,
          -6.219810342156335e-05,
          2.0181594182099442e-07,
          -2.9547500936805216e-10,
          1.5922487819216517e-13
        ],
        "polyfit6":[
          -0.33797915583397126,
          0.026099132579588055,
          -0.00020554990328440996,
          7.84795483827266e-07,
          -1.5630808295971894e-09,
          1.561370506671832e-12,
          -6.188864823043832e-16
        ],
        "polyfit8":[
          -8.121140774700942,
          0.24191256127106367,
          -0.0027246113173629337,
          1.6944290012999234e-05,
          -6.388983496181707e-08,
          1.497043387456354e-10,
          -2.1284015226975186e-13,
          1.67838867669834e-16,
          -5.622399657909895e-20
        ]
      },
      "mlljj":{}
    },
    "boosted":{
      "mjj":{
        "polyfit4":[
          0.35128175936147227,
          0.033658734740045264,
          -0.0006078430663693224,
          4.7355901039402915e-06,
          -1.2504206667166196e-08
        ],
        "binWgt":1.3601138437374378,
        "polyfit5":[
          0.19015819727738598,
          0.0543052471042688,
          -0.0013797119792711204,
          1.6431732008809893e-05,
          -8.807084952853223e-08,
          1.720314782281836e-10
        ],
        "polyfit6":[
          -0.03927077768311664,
          0.09054802853109767,
          -0.003137503119823526,
          5.363496409286367e-05,
          -4.6938619003396845e-07,
          2.024235548042852e-09,
          -3.405319729990547e-12
        ],
        "polyfit7":[
          0.21286752918594448,
          0.04526793918993772,
          -0.0004907746692455115,
          -1.7986544740000785e-05,
          5.444786928824513e-07,
          -5.6936788219085566e-09,
          2.6417413983392754e-11,
          -4.5785554930388136e-14
        ],
        "polyfit8":[
          2.0917830874038477,
          -0.31924798099093377,
          0.023757197100866018,
          -0.0008019140582602858,
          1.4564594895536972e-05,
          -1.511882255163874e-07,
          8.962231935461371e-10,
          -2.8182409304520254e-12,
          3.641858237318232e-15
        ]
      },
      "mlljj":{}
    }
  }
}