{
  "dimension": 2,
  "variables": [
    "Eta",
    "Pt"
  ],
  "binning": {
    "x": [
      -2.5,
      -2.3979591836734695,
      -2.295918367346939,
      -2.193877551020408,
      -2.0918367346938775,
      -1.989795918367347,
      -1.8877551020408163,
      -1.7857142857142856,
      -1.683673469387755,
      -1.5816326530612246,
      -1.4795918367346939,
      -1.3775510204081631,
      -1.2755102040816326,
      -1.1734693877551021,
      -1.0714285714285714,
      -0.9693877551020407,
      -0.8673469387755102,
      -0.7653061224489797,
      -0.6632653061224489,
      -0.5612244897959182,
      -0.4591836734693877,
      -0.3571428571428572,
      -0.25510204081632626,
      -0.15306122448979576,
      -0.05102040816326525,
      0.05102040816326525,
      0.15306122448979576,
      0.2551020408163267,
      0.3571428571428572,
      0.4591836734693877,
      0.5612244897959187,
      0.6632653061224492,
      0.7653061224489797,
      0.8673469387755102,
      0.9693877551020407,
      1.0714285714285716,
      1.1734693877551021,
      1.2755102040816326,
      1.3775510204081636,
      1.479591836734694,
      1.5816326530612246,
      1.683673469387755,
      1.7857142857142856,
      1.887755102040816,
      1.9897959183673475,
      2.091836734693878,
      2.1938775510204085,
      2.295918367346939,
      2.3979591836734695,
      2.5
    ],
    "y": [
      0.0,
      5000.0
    ]
  },
  "data": [
    {
      "bin": [
        -2.5,
        -2.3979591836734695
      ],
      "values": [
        {
          "bin": [
            0.0,
            5000.0
          ],
          "value": 0.9147010715224184,
          "error_low": 0.9147010715224184,
          "error_high": 1.0
        }
      ]
    },
    {
      "bin": [
        -2.3979591836734695,
        -2.295918367346939
      ],
      "values": [
        {
          "bin": [
            0.0,
            5000.0
          ],
          "value": 0.9209021212818064,
          "error_low": 0.9209021212818064,
          "error_high": 1.0
        }
      ]
    },
    {
      "bin": [
        -2.295918367346939,
        -2.193877551020408
      ],
      "values": [
        {
          "bin": [
            0.0,
            5000.0
          ],
          "value": 0.9288830988144062,
          "error_low": 0.9288830988144062,
          "error_high": 1.0
        }
      ]
    },
    {
      "bin": [
        -2.193877551020408,
        -2.0918367346938775
      ],
      "values": [
        {
          "bin": [
            0.0,
            5000.0
          ],
          "value": 0.9380740787469507,
          "error_low": 0.9380740787469507,
          "error_high": 1.0
        }
      ]
    },
    {
      "bin": [
        -2.0918367346938775,
        -1.989795918367347
      ],
      "values": [
        {
          "bin": [
            0.0,
            5000.0
          ],
          "value": 0.9479796300639068,
          "error_low": 0.9479796300639068,
          "error_high": 1.0
        }
      ]
    },
    {
      "bin": [
        -1.989795918367347,
        -1.8877551020408163
      ],
      "values": [
        {
          "bin": [
            0.0,
            5000.0
          ],
          "value": 0.9581746516895165,
          "error_low": 0.9581746516895165,
          "error_high": 1.0
        }
      ]
    },
    {
      "bin": [
        -1.8877551020408163,
        -1.7857142857142856
      ],
      "values": [
        {
          "bin": [
            0.0,
            5000.0
          ],
          "value": 0.9683002080698367,
          "error_low": 0.9683002080698367,
          "error_high": 1.0
        }
      ]
    },
    {
      "bin": [
        -1.7857142857142856,
        -1.683673469387755
      ],
      "values": [
        {
          "bin": [
            0.0,
            5000.0
          ],
          "value": 0.9780593647547806,
          "error_low": 0.9780593647547806,
          "error_high": 1.0
        }
      ]
    },
    {
      "bin": [
        -1.683673469387755,
        -1.5816326530612246
      ],
      "values": [
        {
          "bin": [
            0.0,
            5000.0
          ],
          "value": 0.9872130239801575,
          "error_low": 0.9872130239801575,
          "error_high": 1.0
        }
      ]
    },
    {
      "bin": [
        -1.5816326530612246,
        -1.4795918367346939
      ],
      "values": [
        {
          "bin": [
            0.0,
            5000.0
          ],
          "value": 0.9955757602497151,
          "error_low": 0.9955757602497151,
          "error_high": 1.0
        }
      ]
    },
    {
      "bin": [
        -1.4795918367346939,
        -1.3775510204081631
      ],
      "values": [
        {
          "bin": [
            0.0,
            5000.0
          ],
          "value": 1.0030116559171776,
          "error_low": 1.0030116559171776,
          "error_high": 1.0
        }
      ]
    },
    {
      "bin": [
        -1.3775510204081631,
        -1.2755102040816326
      ],
      "values": [
        {
          "bin": [
            0.0,
            5000.0
          ],
          "value": 1.0094301367682892,
          "error_low": 1.0094301367682892,
          "error_high": 1.0
        }
      ]
    },
    {
      "bin": [
        -1.2755102040816326,
        -1.1734693877551021
      ],
      "values": [
        {
          "bin": [
            0.0,
            5000.0
          ],
          "value": 1.014781807602853,
          "error_low": 1.014781807602853,
          "error_high": 1.0
        }
      ]
    },
    {
      "bin": [
        -1.1734693877551021,
        -1.0714285714285714
      ],
      "values": [
        {
          "bin": [
            0.0,
            5000.0
          ],
          "value": 1.0190542878167725,
          "error_low": 1.0190542878167725,
          "error_high": 1.0
        }
      ]
    },
    {
      "bin": [
        -1.0714285714285714,
        -0.9693877551020407
      ],
      "values": [
        {
          "bin": [
            0.0,
            5000.0
          ],
          "value": 1.0222680469840917,
          "error_low": 1.0222680469840917,
          "error_high": 1.0
        }
      ]
    },
    {
      "bin": [
        -0.9693877551020407,
        -0.8673469387755102
      ],
      "values": [
        {
          "bin": [
            0.0,
            5000.0
          ],
          "value": 1.0244722404390358,
          "error_low": 1.0244722404390358,
          "error_high": 1.0
        }
      ]
    },
    {
      "bin": [
        -0.8673469387755102,
        -0.7653061224489797
      ],
      "values": [
        {
          "bin": [
            0.0,
            5000.0
          ],
          "value": 1.0257405448580523,
          "error_low": 1.0257405448580523,
          "error_high": 1.0
        }
      ]
    },
    {
      "bin": [
        -0.7653061224489797,
        -0.6632653061224489
      ],
      "values": [
        {
          "bin": [
            0.0,
            5000.0
          ],
          "value": 1.0261669938418516,
          "error_low": 1.0261669938418516,
          "error_high": 1.0
        }
      ]
    },
    {
      "bin": [
        -0.6632653061224489,
        -0.5612244897959182
      ],
      "values": [
        {
          "bin": [
            0.0,
            5000.0
          ],
          "value": 1.0258618134974473,
          "error_low": 1.0258618134974473,
          "error_high": 1.0
        }
      ]
    },
    {
      "bin": [
        -0.5612244897959182,
        -0.4591836734693877
      ],
      "values": [
        {
          "bin": [
            0.0,
            5000.0
          ],
          "value": 1.0249472580201975,
          "error_low": 1.0249472580201975,
          "error_high": 1.0
        }
      ]
    },
    {
      "bin": [
        -0.4591836734693877,
        -0.3571428571428572
      ],
      "values": [
        {
          "bin": [
            0.0,
            5000.0
          ],
          "value": 1.0235534452758441,