{
    "HToZATo2L2B_MH-500_MA-50": 0.643202901, 
    "HToZATo2L2B_MH-800_MA-200": 0.665609501, 
    "HToZATo2L2B_MH-1000_MA-200": 0.690844508, 
    "HToZATo2L2B_MH-200_MA-100": 0.861732435, 
    "HToZATo2L2B_MH-3000_MA-2000": 0.872370439, 
    "HToZATo2L2B_MH-650_MA-50": 0.664536986, 
    "HToZATo2L2B_MH-800_MA-400": 0.818080463, 
    "HToZATo2L2B_MH-250_MA-50": 0.621067388, 
    "HToZATo2L2B_MH-500_MA-200": 0.587213327, 
    "HToZATo2L2B_MH-500_MA-400": 0.0229196619, 
    "HToZATo2L2B_MH-250_MA-100": 0.551104174, 
    "HToZATo2L2B_MH-300_MA-50": 0.66411408, 
    "HToZATo2L2B_MH-300_MA-100": 0.630049015, 
    "HToZATo2L2B_MH-1000_MA-500": 0.872370439, 
    "HToZATo2L2B_MH-800_MA-50": 0.684049288, 
    "HToZATo2L2B_MH-500_MA-300": 0.571010775, 
    "HToZATo2L2B_MH-300_MA-200": 0.84919799, 
    "HToZATo2L2B_MH-2000_MA-1000": 0.872370439, 
    "HToZATo2L2B_MH-200_MA-50": 0.515687173, 
    "HToZATo2L2B_MH-800_MA-700": 0.0102640113, 
    "HToZATo2L2B_MH-1000_MA-50": 0.701298765
}