{
  "2016":{
    "boosted":{
      "mjj":{
        "lowmass_10_to_150":{
          "polyfit2":[
            1.026254930230315,
            -0.002139242962095399,
            1.7139248890996046e-05
          ],
          "polyfit3":[
            1.1349156458936442,
            -0.008216336446354526,
            0.00011308590363752884,
            -4.3981659301266595e-07
          ],
          "polyfit4":[
            1.1321331691530179,
            -0.007996055615762979,
            0.00010749230696414953,
            -3.8434664112935545e-07,
            -1.8551672660187957e-10
          ],
          "polyfit5":[
            0.8662310012760172,
            0.019515994951858955,
            -0.000875831874363933,
            1.5190867148119485e-05,
            -1.1179887872746655e-07,
            2.9435854785600566e-10
          ],
          "polyfit6":[
            0.563528736583781,
            0.05842653699272189,
            -0.002697508577256868,
            5.584010999257304e-05,
            -5.758216271121159e-07,
            2.9009784027717974e-09,
            -5.696979403010483e-12
          ],
          "polyfit7":[
            0.9161836064283384,
            0.004618957213085928,
            0.00041707981647870983,
            -3.443268065124629e-05,
            8.603816728458997e-07,
            -9.79945149660499e-09,
            5.2714055864931565e-11,
            -1.0872946287973747e-13
          ],
          "polyfit8":[
            0.30779100117424735,
            0.11080707063137055,
            -0.0068606010182502754,
            0.00022507259594298223,
            -4.46981461618909e-06,
            5.545061821906233e-08,
            -4.163061717159051e-10,
            1.7148506973987439e-12,
            -2.9551885026046137e-15
          ]
        },
        "binWgt_above_150":{
          "binWgt":1.0714336958828201
        }
      }
    },
    "resolved":{
      "mjj":{
        "highmass_150_to_600":{
          "polyfit2":[
            1.0324733447794212,
            -0.000785020552186074,
            5.166170828428258e-07
          ],
          "polyfit3":[
            0.9792473804224259,
            -0.0002050114208365597,
            -1.4071134642157289e-06,
            1.9435239622480736e-09
          ],
          "polyfit4":[
            0.9379203554687295,
            0.0003830789901579553,
            -4.342841587204941e-06,
            8.039049549161452e-09,
            -4.461743522346887e-12
          ],
          "polyfit5":[
            0.6438138912132105,
            0.005545747791901025,
            -3.873309840457669e-05,
            1.1672318255439215e-07,
            -1.6778510569342164e-10,
            9.371010733761695e-14
          ],
          "polyfit6":[
            1.0998058988577115,
            -0.003963704986879621,
            4.038956260919957e-05,
            -2.1951799249609578e-07,
            6.029189360678654e-10,
            -8.116889545786408e-13,
            4.27064716472074e-16
          ],
          "polyfit7":[
            2.6924091786074316,
            -0.042462892251183805,
            0.00042483573456890357,
            -2.2753127881514095e-06,
            6.965518541796468e-09,
            -1.2224428840136467e-11,
            1.1432373112302417e-14,
            -4.410223520511268e-18
          ],
          "polyfit8":[
            3.054408022962696,
            -0.0524098377649535,
            0.0005406514160048523,
            -3.0216479519125365e-06,
            9.878394902190557e-09,
            -1.9281542543604886e-11,
            2.1809703411815262e-14,
            -1.289055365210675e-17,
            2.9533373035869548e-21
          ]
        },
        "lowmass_10_to_150":{
          "polyfit2":[
            1.5913149380576015,
            -0.04030004435529693,
            0.0016108480723822044,
            -3.234176789310348e-05,
            3.289985178439711e-07,
            -1.6447879360508025e-09,
            3.217743863398957e-12
          ],
          "polyfit3":[
            1.5913149380576015,
            -0.04030004435529693,
            0.0016108480723822044,
            -3.234176789310348e-05,
            3.289985178439711e-07,
            -1.6447879360508025e-09,
            3.217743863398957e-12
          ],
          "polyfit4":[
            1.5913149380576015,
            -0.04030004435529693,
            0.0016108480723822044,
            -3.234176789310348e-05,
            3.289985178439711e-07,
            -1.6447879360508025e-09,
            3.217743863398957e-12
          ],
          "polyfit5":[
            1.5913149380576015,
            -0.04030004435529693,
            0.0016108480723822044,
            -3.234176789310348e-05,
            3.289985178439711e-07,
            -1.6447879360508025e-09,
            3.217743863398957e-12
          ],
          "polyfit6":[
            1.5913149380576015,
            -0.04030004435529693,
            0.0016108480723822044,
            -3.234176789310348e-05,
            3.289985178439711e-07,
            -1.6447879360508025e-09,
            3.217743863398957e-12
          ],
          "polyfit7":[
            1.5913149380576015,
            -0.04030004435529693,
            0.0016108480723822044,
            -3.234176789310348e-05,
            3.289985178439711e-07,
            -1.6447879360508025e-09,
            3.217743863398957e-12
          ],
          "polyfit8":[
            1.5913149380576015,
            -0.04030004435529693,
            0.0016108480723822044,
            -3.234176789310348e-05,
            3.289985178439711e-07,
            -1.6447879360508025e-09,
            3.217743863398957e-12
          ]
        },
        "binWgt_above_600":{
          "binWgt":0.7190768676945242
        }
      }
    }
  }
}