{
  "2018":{
    "boosted":{
      "mjj":{
        "lowmass_10_to_150":{
          "polyfit2":[
            0.9672761030840331,
            -0.0009751606551513356,
            1.957166179776124e-05
          ],
          "polyfit3":[
            1.200922766666318,
            -0.013784098262370724,
            0.00021924314665133443,
            -9.039360994441327e-07
          ],
          "polyfit4":[
            0.8917574101296462,
            0.010464614513973193,
            -0.00039210515725034123,
            5.143372232953393e-06,
            -2.0219613247650107e-08
          ],
          "polyfit5":[
            0.014859641914050821,
            0.10090172302447076,
            -0.003602753685000365,
            5.567971635098192e-05,
            -3.8042820974972436e-07,
            9.45995429224035e-10
          ],
          "polyfit6":[
            0.30850219355813546,
            0.06332683054375726,
            -0.0018581575029867695,
            1.7063147819740727e-05,
            5.741693243066445e-08,
            -1.4998180901667456e-09,
            5.320834848916675e-12
          ],
          "polyfit7":[
            0.022631229524824832,
            0.10658921541157908,
            -0.004336332978968123,
            8.817858985947249e-05,
            -1.064259018971689e-06,
            8.346727530025271e-09,
            -3.968358395985154e-11,
            8.332996083146138e-14
          ],
          "polyfit8":[
            -3.0876052290980547,
            0.6447653885351863,
            -0.04085056680388719,
            0.001377230705569936,
            -2.7294741558004716e-05,
            3.267079993308876e-07,
            -2.3101657166651672e-09,
            8.847498538466492e-12,
            -1.4108243552708122e-14
          ]
        },
        "binWgt_above_150":{
          "binWgt":1.06280286366852
        }
      }
    },
    "resolved":{
      "mjj":{
        "highmass_150_to_600":{
          "polyfit2":[
            0.9261354675212322,
            -0.0001418099026059284,
            3.843839152448832e-08
          ],
          "polyfit3":[
            0.8762302412414934,
            0.0003891101601553351,
            -1.6781615849240033e-06,
            1.6948011310221085e-09
          ],
          "polyfit4":[
            0.8513723647532582,
            0.0007362036976833141,
            -3.3764395896122726e-06,
            5.152815769704988e-09,
            -2.4862326820638647e-12
          ],
          "polyfit5":[
            0.4648520704016487,
            0.007424029255520694,
            -4.7266540198770994e-05,
            1.418355956522776e-07,
            -2.050404850100482e-10,
            1.147282910638143e-13
          ],
          "polyfit6":[
            -0.6310728806705989,
            0.030012758506816402,
            -0.00023295021601318802,
            9.213980235307152e-07,
            -1.9709041349006873e-09,
            2.16604009682422e-12,
            -9.574591021666244e-16
          ],
          "polyfit7":[
            1.4073540808130156,
            -0.01875808957904076,
            0.00024891726422916944,
            -1.6279219849215763e-06,
            5.8364511128709824e-09,
            -1.1696365326736868e-11,
            1.2281100230799924e-14,
            -5.2569105375071756e-18
          ],
          "polyfit8":[
            7.442044387573819,
            -0.18307165287322213,
            0.0021442946125596377,
            -1.3727930076704844e-05,
            5.262538302739451e-08,
            -1.2403257481146654e-10,
            1.760360115848042e-13,
            -1.3796879276980892e-16,
            4.5854932556295635e-20
          ]
        },
        "lowmass_10_to_150":{
          "polyfit2":[
            1.1012847791501053,
            0.025366370720963607,
            -0.0013794596801209192,
            2.834005379916497e-05,
            -2.8819404667888113e-07,
            1.441097550148688e-09,
            -2.8226316032939323e-12
          ],
          "polyfit3":[
            1.1012847791501053,
            0.025366370720963607,
            -0.0013794596801209192,
            2.834005379916497e-05,
            -2.8819404667888113e-07,
            1.441097550148688e-09,
            -2.8226316032939323e-12
          ],
          "polyfit4":[
            1.1012847791501053,
            0.025366370720963607,
            -0.0013794596801209192,
            2.834005379916497e-05,
            -2.8819404667888113e-07,
            1.441097550148688e-09,
            -2.8226316032939323e-12
          ],
          "polyfit5":[
            1.1012847791501053,
            0.025366370720963607,
            -0.0013794596801209192,
            2.834005379916497e-05,
            -2.8819404667888113e-07,
            1.441097550148688e-09,
            -2.8226316032939323e-12
          ],
          "polyfit6":[
            1.1012847791501053,
            0.025366370720963607,
            -0.0013794596801209192,
            2.834005379916497e-05,
            -2.8819404667888113e-07,
            1.441097550148688e-09,
            -2.8226316032939323e-12
          ],
          "polyfit7":[
            1.1012847791501053,
            0.025366370720963607,
            -0.0013794596801209192,
            2.834005379916497e-05,
            -2.8819404667888113e-07,
            1.441097550148688e-09,
            -2.8226316032939323e-12
          ],
          "polyfit8":[
            1.1012847791501053,
            0.025366370720963607,
            -0.0013794596801209192,
            2.834005379916497e-05,
            -2.8819404667888113e-07,
            1.441097550148688e-09,
            -2.8226316032939323e-12
          ]
        },
        "binWgt_above_600":{
          "binWgt":0.8460948714449016
        }
      }
    }
  }
}