{
  "2017":{
    "resolved":{
      "mjj":{
        "polyfit7":[
          -0.10967615381695037,
          0.16350260850929596,
          -0.00747542669264585,
          0.00016911430056336767,
          -2.131231691948287e-06,
          1.521081780193885e-08,
          -5.7574697025680376e-11,
          8.994801621294645e-14
        ],
        "polyfit4":[
          1.1490271469238202,
          -0.0029030130493327886,
          1.400896722923764e-05,
          -2.9696207827798755e-08,
          2.1851746225375446e-11
        ],
        "binWgt":0.8474493010657324,
        "polyfit5":[
          1.3919212458326287,
          -0.00711747643677679,
          4.174516949271553e-05,
          -1.1630086744170098e-07,
          1.5051448658005957e-10,
          -7.30500081800758e-14
        ],
        "polyfit6":[
          0.5462944268233514,
          0.010340641641961454,
          -0.00010195786913779739,
          4.876063314705962e-07,
          -1.2183419894310477e-09,
          1.5176894125186934e-12,
          -7.426326932092838e-16
        ],
        "polyfit8":[
          10.233076274676051,
          -0.2717165920712844,
          0.0033714141124420237,
          -2.3122905902971053e-05,
          9.567571755031157e-08,
          -2.4445166812505743e-10,
          3.768651922470003e-13,
          -3.2100304333245477e-16,
          1.1589249688433576e-19
        ]
      },
      "mlljj":{}
    },
    "boosted":{
      "mjj":{
        "polyfit4":[
          0.5801754642628999,
          0.030973746463400037,
          -0.000759708734324914,
          7.916226923781081e-06,
          -2.778623326066167e-08
        ],
        "binWgt":1.4684767878719744,
        "polyfit5":[
          0.011947081964441367,
          0.0917595267304376,
          -0.0029819874682208234,
          4.3711399438156984e-05,
          -2.8755260054790153e-07,
          6.916377974124658e-10
        ],
        "polyfit6":[
          -0.102369811545636,
          0.10675005514803367,
          -0.003692862252279561,
          5.971019395860683e-05,
          -4.712265982217268e-07,
          1.727200318225016e-09,
          -2.268563149425144e-12
        ],
        "polyfit7":[
          -0.7220675840718292,
          0.20241200826327133,
          -0.009275897935966374,
          0.00022245587991947093,
          -3.0702025562918776e-06,
          2.4758534384944036e-08,
          -1.0826844084002834e-10,
          1.9724214733272701e-13
        ],
        "polyfit8":[
          0.8505543490867239,
          -0.07339640298192994,
          0.00968699543965486,
          -0.00045490484545418323,
          1.085091711127363e-05,
          -1.4559287747314874e-07,
          1.114735092772648e-09,
          -4.548736463571986e-12,
          7.671918781602829e-15
        ]
      },
      "mlljj":{}
    }
  }
}