{
  "2017":{
    "boosted":{
      "mjj":{
        "lowmass_10_to_150":{
          "polyfit2":[
            0.8906165978476608,
            0.003148794441094803,
            -5.051836511686321e-06
          ],
          "polyfit3":[
            0.9883536143469129,
            -0.0025031582313249524,
            8.60050075880765e-05,
            -4.1977240003679106e-07
          ],
          "polyfit4":[
            0.5386514713737522,
            0.034547133202903896,
            -0.0008803228012863213,
            9.350761101176463e-06,
            -3.30794165008667e-08
          ],
          "polyfit5":[
            -0.03140861136642602,
            0.09559189440404385,
            -0.003115900820994128,
            4.5444994659729486e-05,
            -2.957195379912153e-07,
            7.011293049069657e-10
          ],
          "polyfit6":[
            -0.10866510034553638,
            0.1057163828196517,
            -0.003595927347307302,
            5.625281492870321e-05,
            -4.199141256196268e-07,
            1.4022275412497403e-09,
            -1.5380570080485836e-12
          ],
          "polyfit7":[
            -0.7897499889204793,
            0.2108640610854693,
            -0.009734191203489817,
            0.000235264013230337,
            -3.2802003941116693e-06,
            2.67628465118611e-08,
            -1.183120138302972e-10,
            2.1736777034768116e-13
          ],
          "polyfit8":[
            1.0403053799229067,
            -0.1101451795588634,
            0.012345106952583264,
            -0.0005539522247089756,
            1.2955165950655008e-05,
            -1.7213631806359173e-07,
            1.3114428889772346e-09,
            -5.338024665759546e-12,
            8.991393069054821e-15
          ]
        },
        "binWgt_above_150":{
          "binWgt":1.4715469175182756
        }
      }
    },
    "resolved":{
      "mjj":{
        "highmass_150_to_600":{
          "polyfit2":[
            0.9395368682958577,
            0.00010618137764939128,
            -3.958615291334907e-07
          ],
          "polyfit3":[
            0.8931361956091461,
            0.0005990124670143826,
            -1.983973191758275e-06,
            1.5623281900650188e-09
          ],
          "polyfit4":[
            1.050326312185479,
            -0.0015956160038300814,
            8.75361330357896e-06,
            -2.03024294262685e-08,
            1.572097097353599e-11
          ],
          "polyfit5":[
            1.1145408436189161,
            -0.0027077398561063744,
            1.6058301780318855e-05,
            -4.306444051444509e-08,
            4.946734633321375e-11,
            -1.912108333548117e-14
          ],
          "polyfit6":[
            2.566341572358783,
            -0.032623328533793516,
            0.0002618113449013428,
            -1.0737442104280746e-06,
            2.3810296840078967e-09,
            -2.7234380965154105e-12,
            1.2602224072532419e-15
          ],
          "polyfit7":[
            -0.6362038223549991,
            0.04394036128790969,
            -0.0004940088087075264,
            2.9212897954984524e-06,
            -9.842565608816574e-09,
            1.8960511194651097e-11,
            -1.9429612770632847e-14,
            8.208757234884245e-18
          ],
          "polyfit8":[
            12.598461776393524,
            -0.31645480979907825,
            0.003663580367998805,
            -2.3622057404378297e-05,
            9.279713078192559e-08,
            -2.2745679570380355e-10,
            3.3974385428558643e-13,
            -2.828369439911098e-16,
            1.0054626111297762e-19
          ]
        },
        "lowmass_10_to_150":{
          "polyfit2":[
            0.4486177363392929,
            0.09130690552484556,
            -0.0037039519201627555,
            6.77256432299579e-05,
            -6.246304001806962e-07,
            2.716818305040688e-09,
            -3.410787418488646e-12,
            -5.67650136586242e-15
          ],
          "polyfit3":[
            0.4486177363392929,
            0.09130690552484556,
            -0.0037039519201627555,
            6.77256432299579e-05,
            -6.246304001806962e-07,
            2.716818305040688e-09,
            -3.410787418488646e-12,
            -5.67650136586242e-15
          ],
          "polyfit4":[
            0.4486177363392929,
            0.09130690552484556,
            -0.0037039519201627555,
            6.77256432299579e-05,
            -6.246304001806962e-07,
            2.716818305040688e-09,
            -3.410787418488646e-12,
            -5.67650136586242e-15
          ],
          "polyfit5":[
            0.4486177363392929,
            0.09130690552484556,
            -0.0037039519201627555,
            6.77256432299579e-05,
            -6.246304001806962e-07,
            2.716818305040688e-09,
            -3.410787418488646e-12,
            -5.67650136586242e-15
          ],
          "polyfit6":[
            0.4486177363392929,
            0.09130690552484556,
            -0.0037039519201627555,
            6.77256432299579e-05,
            -6.246304001806962e-07,
            2.716818305040688e-09,
            -3.410787418488646e-12,
            -5.67650136586242e-15
          ],
          "polyfit7":[
            0.4486177363392929,
            0.09130690552484556,
            -0.0037039519201627555,
            6.77256432299579e-05,
            -6.246304001806962e-07,
            2.716818305040688e-09,
            -3.410787418488646e-12,
            -5.67650136586242e-15
          ],
          "polyfit8":[
            0.4486177363392929,
            0.09130690552484556,
            -0.0037039519201627555,
            6.77256432299579e-05,
            -6.246304001806962e-07,
            2.716818305040688e-09,
            -3.410787418488646e-12,
            -5.67650136586242e-15
          ]
        },
        "binWgt_above_600":{
          "binWgt":0.8899606611307516
        }
      }
    }
  }
}