{
  "2016-preVFP":{
    "resolved":{
      "mjj":{
        "polyfit6":[
          1.3725820976228715,
          -0.026946107991704254,
          0.0011415622018233354,
          -2.4156560944396358e-05,
          2.529329484979913e-07,
          -1.2804952721590976e-09,
          2.508622547725865e-12
        ],
        "polyfit4":[
          0.7851020352054492,
          0.0017253873157339957,
          -1.042668504495113e-05,
          2.071761744113024e-08,
          -1.3696025131103025e-11
        ],
        "binWgt":0.7322203374873325,
        "polyfit5":[
          1.044697279435556,
          -0.0027589052287307083,
          1.8587704464191666e-05,
          -6.725876525414287e-08,
          1.1179752349175946e-10,
          -6.774323904146618e-14
        ],
        "polyfit7":[
          -0.8598625274678198,
          0.03949435455564436,
          -0.00036180912370143656,
          1.7354708398848457e-06,
          -4.755251464205502e-09,
          7.440424657254035e-12,
          -6.148577301885675e-15,
          2.0689293685949547e-18
        ],
        "polyfit8":[
          -5.167049070523332,
          0.15520015935403372,
          -0.0016694964643314736,
          9.8586465336226e-06,
          -3.511709559947209e-08,
          7.746324870219309e-11,
          -1.036387624810572e-13,
          7.714070304145321e-17,
          -2.4532908298586025e-20
        ]
      },
      "mlljj":{}
    },
    "boosted":{
      "mjj":{
        "polyfit4":[
          1.2218069413433326,
          -0.013918172143169942,
          0.00024360468912105915,
          -1.6233046790330122e-06,
          3.7994999645411126e-09
        ],
        "binWgt":1.0864745953621788,
        "polyfit5":[
          1.1911102568364895,
          -0.010739459149626839,
          0.00013735903875845755,
          -1.2140647236484667e-07,
          -5.473450913840729e-09,
          2.0500471916566455e-11
        ],
        "polyfit6":[
          1.0446916123773815,
          0.009955908748967922,
          -0.000814113247164516,
          1.9401577783969506e-05,
          -2.0159158573602057e-07,
          9.597811774555263e-10,
          -1.7093004059532958e-12
        ],
        "polyfit7":[
          0.9576961800714814,
          0.025121362752730584,
          -0.0016868436784098122,
          4.278268449352885e-05,
          -5.30275190808885e-07,
          3.450081659819078e-09,
          -1.1303972844661266e-11,
          1.470749922246588e-14
        ],
        "polyfit8":[
          1.0375103535733639,
          0.009732550619900917,
          -0.0006697684733714973,
          1.0129347243977888e-05,
          4.9502203329434424e-08,
          -2.523657733686401e-09,
          2.4166550981266833e-11,
          -9.765089834749611e-14,
          1.467785441300745e-16
        ]
      },
      "mlljj":{}
    }
  }
}