{
  "2018":{
    "boosted":{
      "mjj":{
        "lowmass_10_to_150":{
          "polyfit2":[
            0.9020797682619962,
            0.0004013893698232178,
            7.108864949673127e-06
          ],
          "polyfit3":[
            1.0648447106464247,
            -0.008587014481360278,
            0.000147296411165541,
            -6.326390875271546e-07
          ],
          "polyfit4":[
            0.7619100086561544,
            0.015475044112017422,
            -0.0004617892522235727,
            5.384898689052352e-06,
            -2.0034947635438866e-08
          ],
          "polyfit5":[
            0.01372494578412421,
            0.09356834764048114,
            -0.003247640458836669,
            4.927753823709951e-05,
            -3.324896306591379e-07,
            8.183133294193782e-10
          ],
          "polyfit6":[
            -0.17258610447827544,
            0.11763591421729842,
            -0.004370312154505603,
            7.417353041480413e-05,
            -6.147712818104272e-07,
            2.3933011127367773e-09,
            -3.4195902885417303e-12
          ],
          "polyfit7":[
            -0.5427463123297577,
            0.17394942987086676,
            -0.007605543276513388,
            0.00016716386640439114,
            -2.082696972866528e-06,
            1.528399932306439e-08,
            -6.233967013409075e-11,
            1.0907221313669432e-13
          ],
          "polyfit8":[
            -3.1998744338903236,
            0.6347110226117227,
            -0.038914240198891184,
            0.0012738210034901156,
            -2.4627766091270367e-05,
            2.8922994902078045e-07,
            -2.018366341715604e-09,
            7.66860054093843e-12,
            -1.2184069948119156e-14
          ]
        },
        "binWgt_above_150":{
          "binWgt":1.071654824549949
        }
      }
    },
    "resolved":{
      "mjj":{
        "highmass_150_to_600":{
          "polyfit2":[
            0.9354100774457649,
            -0.00041912760347821563,
            3.31180692920358e-07
          ],
          "polyfit3":[
            0.9200145227603738,
            -0.00025540765688385084,
            -1.9795546460261695e-07,
            5.223331732633621e-10
          ],
          "polyfit4":[
            0.8804173657998398,
            0.00029629495059141787,
            -2.891731538973924e-06,
            5.997237784201925e-09,
            -3.9300043138888565e-12
          ],
          "polyfit5":[
            0.4631958586854812,
            0.00750467485531458,
            -5.013498139856798e-05,
            1.5293866225517549e-07,
            -2.2141840489368072e-10,
            1.2303150642823644e-13
          ],
          "polyfit6":[
            -0.8878314318317819,
            0.03535028541936332,
            -0.0002790518981772589,
            1.1141534965009824e-06,
            -2.3991084817542258e-09,
            2.65305515450557e-12,
            -1.1809587456795676e-15
          ],
          "polyfit7":[
            6.712229302680915,
            -0.14646261179641318,
            0.0015171821216798489,
            -8.388663487743145e-06,
            2.6704424236927697e-08,
            -4.902594644594724e-11,
            4.81780936843646e-14,
            -1.960280879114047e-17
          ],
          "polyfit8":[
            9.767158500932595,
            -0.2296272626548101,
            0.0024763355901573137,
            -1.4510888336123416e-05,
            5.0374546605859606e-08,
            -1.0584740819475408e-10,
            1.3099575050952197e-13,
            -8.671084307673105e-17,
            2.318389919780664e-20
          ]
        },
        "lowmass_10_to_150":{
          "polyfit2":[
            1.1153759622761221,
            0.018100223384140475,
            -0.0010558124194920214,
            2.2353497247068415e-05,
            -2.3230914127860423e-07,
            1.1768535898601738e-09,
            -2.317275296980338e-12
          ],
          "polyfit3":[
            1.1153759622761221,
            0.018100223384140475,
            -0.0010558124194920214,
            2.2353497247068415e-05,
            -2.3230914127860423e-07,
            1.1768535898601738e-09,
            -2.317275296980338e-12
          ],
          "polyfit4":[
            1.1153759622761221,
            0.018100223384140475,
            -0.0010558124194920214,
            2.2353497247068415e-05,
            -2.3230914127860423e-07,
            1.1768535898601738e-09,
            -2.317275296980338e-12
          ],
          "polyfit5":[
            1.1153759622761221,
            0.018100223384140475,
            -0.0010558124194920214,
            2.2353497247068415e-05,
            -2.3230914127860423e-07,
            1.1768535898601738e-09,
            -2.317275296980338e-12
          ],
          "polyfit6":[
            1.1153759622761221,
            0.018100223384140475,
            -0.0010558124194920214,
            2.2353497247068415e-05,
            -2.3230914127860423e-07,
            1.1768535898601738e-09,
            -2.317275296980338e-12
          ],
          "polyfit7":[
            1.1153759622761221,
            0.018100223384140475,
            -0.0010558124194920214,
            2.2353497247068415e-05,
            -2.3230914127860423e-07,
            1.1768535898601738e-09,
            -2.317275296980338e-12
          ],
          "polyfit8":[
            1.1153759622761221,
            0.018100223384140475,
            -0.0010558124194920214,
            2.2353497247068415e-05,
            -2.3230914127860423e-07,
            1.1768535898601738e-09,
            -2.317275296980338e-12
          ]
        },
        "binWgt_above_600":{
          "binWgt":0.7767281532545925
        }
      }
    }
  }
}