{
  "2016-preVFP":{
    "boosted":{
      "mjj":{
        "lowmass_10_to_150":{
          "polyfit2":[
            1.073275716656166,
            -0.0034489055035123355,
            2.5834311701280035e-05
          ],
          "polyfit3":[
            1.2124979463452756,
            -0.011261824446864062,
            0.0001499593014408739,
            -5.732472466604283e-07
          ],
          "polyfit4":[
            1.4182384654049063,
            -0.027438382678650237,
            0.0005593187364637532,
            -4.628238668117455e-06,
            1.3574212412830238e-08
          ],
          "polyfit5":[
            1.1839453054221334,
            -0.0032893968981801444,
            -0.0003040560680693652,
            9.07623149694902e-06,
            -8.489608452183546e-08,
            2.604156248473976e-10
          ],
          "polyfit6":[
            0.7466653355247124,
            0.052740077526525264,
            -0.0029271079193899287,
            6.770314589854715e-05,
            -7.559234456324936e-07,
            4.042419995199396e-09,
            -8.296408229006373e-12
          ],
          "polyfit7":[
            1.6391527973311792,
            -0.08303382957729606,
            0.004920326384527472,
            -0.00015956588248844438,
            2.8583304232563407e-06,
            -2.7912682891347783e-08,
            1.386717970962163e-10,
            -2.736344609835589e-13
          ],
          "polyfit8":[
            1.5402382503305363,
            -0.06576742993913147,
            0.00373605724096324,
            -0.00011729554140227853,
            1.9892458462507192e-06,
            -1.7264670306246565e-08,
            6.208383883596858e-11,
            2.4274149193346e-14,
            -4.828917914628222e-16
          ]
        },
        "binWgt_above_150":{
          "binWgt":1.0850279783670784
        }
      }
    },
    "resolved":{
      "mjj":{
        "highmass_150_to_600":{
          "polyfit2":[
            1.0251616213403076,
            -0.0006147341662910053,
            1.9423508826310524e-07
          ],
          "polyfit3":[
            1.0033941228686116,
            -0.00037781873195070993,
            -5.90155988637759e-07,
            7.905737305874795e-10
          ],
          "polyfit4":[
            0.8442987316285455,
            0.0018834354594053756,
            -1.1860003653662498e-05,
            2.4140980662702118e-08,
            -1.7049168273762897e-11
          ],
          "polyfit5":[
            0.21708663330632125,
            0.012883793591006259,
            -8.505063337346577e-05,
            2.550922640960875e-07,
            -3.6345982473455635e-10,
            1.9833295398625144e-13
          ],
          "polyfit6":[
            -1.3366586230761328,
            0.04526436781326782,
            -0.00035423943515182853,
            1.3978408537601986e-06,
            -2.979538148283142e-09,
            3.2673099868898054e-12,
            -1.4453501514889167e-15
          ],
          "polyfit7":[
            -0.046541143560191504,
            0.014104469967944613,
            -4.3391036138915874e-05,
            -2.625427385500731e-07,
            2.152967918329944e-09,
            -5.926760262002556e-12,
            7.40799215891013e-15,
            -3.542612281052406e-18
          ],
          "polyfit8":[
            2.183975897699865,
            -0.047158461248200015,
            0.0006695263134504786,
            -4.853661418428514e-06,
            2.005759960535772e-08,
            -4.9265368121168844e-11,
            7.107088659571636e-14,
            -5.5508627650068315e-17,
            1.807525048780006e-20
          ]
        },
        "lowmass_10_to_150":{
          "polyfit2":[
            1.6968181128433149,
            -0.05308173790895708,
            0.002116192210320028,
            -4.158186621677811e-05,
            4.1523301701905504e-07,
            -2.0433484224025647e-09,
            3.940597975791221e-12
          ],
          "polyfit3":[
            1.6968181128433149,
            -0.05308173790895708,
            0.002116192210320028,
            -4.158186621677811e-05,
            4.1523301701905504e-07,
            -2.0433484224025647e-09,
            3.940597975791221e-12
          ],
          "polyfit4":[
            1.6968181128433149,
            -0.05308173790895708,
            0.002116192210320028,
            -4.158186621677811e-05,
            4.1523301701905504e-07,
            -2.0433484224025647e-09,
            3.940597975791221e-12
          ],
          "polyfit5":[
            1.6968181128433149,
            -0.05308173790895708,
            0.002116192210320028,
            -4.158186621677811e-05,
            4.1523301701905504e-07,
            -2.0433484224025647e-09,
            3.940597975791221e-12
          ],
          "polyfit6":[
            1.6968181128433149,
            -0.05308173790895708,
            0.002116192210320028,
            -4.158186621677811e-05,
            4.1523301701905504e-07,
            -2.0433484224025647e-09,
            3.940597975791221e-12
          ],
          "polyfit7":[
            1.6968181128433149,
            -0.05308173790895708,
            0.002116192210320028,
            -4.158186621677811e-05,
            4.1523301701905504e-07,
            -2.0433484224025647e-09,
            3.940597975791221e-12
          ],
          "polyfit8":[
            1.6968181128433149,
            -0.05308173790895708,
            0.002116192210320028,
            -4.158186621677811e-05,
            4.1523301701905504e-07,
            -2.0433484224025647e-09,
            3.940597975791221e-12
          ]
        },
        "binWgt_above_600":{
          "binWgt":0.7086298958412239
        }
      }
    }
  }
}