{
  "2018":{
    "resolved":{
      "mjj":{
        "polyfit6":[
          0.8120533571546661,
          0.04736466428292204,
          -0.0021137551110868937,
          4.1024069410300714e-05,
          -4.0613272306573455e-07,
          1.9984556042586827e-09,
          -3.870573523311992e-12
        ],
        "polyfit2":[
          0.9290206142971145,
          -0.0003981537124318362,
          3.0336307788907567e-07
        ],
        "binWgt":0.7601575982791765,
        "polyfit3":[
          0.9531144590600817,
          -0.0006547822866747585,
          1.1341735699389085e-06,
          -8.210116874129712e-10
        ],
        "polyfit4":[
          0.9780012980878106,
          -0.001002711525574632,
          2.8390628591732954e-06,
          -4.297941115183928e-09,
          2.5035567538186927e-12
        ],
        "polyfit5":[
          0.6372094876350882,
          0.004890557207931193,
          -3.5814393269506925e-05,
          1.160064527868083e-07,
          -1.7567596519380953e-10,
          1.0086761540196347e-13
        ],
        "polyfit7":[
          3.473461027974563,
          -0.06042282413543205,
          0.0005831874645126945,
          -3.016286210585543e-06,
          8.979232380743055e-09,
          -1.5388955783932465e-11,
          1.4084440728518616e-14,
          -5.323514446485208e-18
        ],
        "polyfit8":[
          6.32219574651364,
          -0.13801622005419645,
          0.001478544970519271,
          -8.734056956628226e-06,
          3.1095558258544996e-08,
          -6.850254163417456e-11,
          9.152759751859698e-14,
          -6.809880425400228e-17,
          2.1694199125121736e-20
        ]
      },
      "mlljj":{}
    },
    "boosted":{
      "mjj":{
        "polyfit2":[
          0.9290206142971145,
          -0.0003981537124318362,
          3.0336307788907567e-07
        ],
        "binWgt":1.173843948839632,
        "polyfit3":[
          0.9531144590600817,
          -0.0006547822866747585,
          1.1341735699389085e-06,
          -8.210116874129712e-10
        ],
        "polyfit4":[
          0.9780012980878106,
          -0.001002711525574632,
          2.8390628591732954e-06,
          -4.297941115183928e-09,
          2.5035567538186927e-12
        ],
        "polyfit5":[
          0.6372094876350882,
          0.004890557207931193,
          -3.5814393269506925e-05,
          1.160064527868083e-07,
          -1.7567596519380953e-10,
          1.0086761540196347e-13
        ],
        "polyfit6":[
          1.4218359718498514,
          -0.011293053880629665,
          9.73251075577361e-05,
          -4.4343091460101464e-07,
          1.0925817987038608e-09,
          -1.3734293687205638e-12,
          6.885176859976945e-16
        ],
        "polyfit7":[
          3.473461027974563,
          -0.06042282413543205,
          0.0005831874645126945,
          -3.016286210585543e-06,
          8.979232380743055e-09,
          -1.5388955783932465e-11,
          1.4084440728518616e-14,
          -5.323514446485208e-18
        ],
        "polyfit8":[
          6.32219574651364,
          -0.13801622005419645,
          0.001478544970519271,
          -8.734056956628226e-06,
          3.1095558258544996e-08,
          -6.850254163417456e-11,
          9.152759751859698e-14,
          -6.809880425400228e-17,
          2.1694199125121736e-20
        ]
      },
      "mlljj":{}
    }
  }
}