{
  "2017":{
    "resolved":{
      "mjj":{
        "polyfit7":[
          0.6288830384391145,
          0.07869270052507882,
          -0.0036652397935110865,
          8.086725005928053e-05,
          -9.814645180429345e-07,
          6.695989618670842e-09,
          -2.4078133871546455e-11,
          3.553472576536854e-14
        ],
        "polyfit2":[
          0.9765449999677052,
          -0.00027258448587498703,
          1.1886496197298257e-07
        ],
        "binWgt":0.8467116989683879,
        "polyfit3":[
          1.0736730100155711,
          -0.001307915270854944,
          3.4707479571390454e-06,
          -3.312447004162367e-09
        ],
        "polyfit4":[
          1.213205401261318,
          -0.0032614118963325417,
          1.3059764266785325e-05,
          -2.290683944375822e-08,
          1.4137715881947574e-11
        ],
        "polyfit5":[
          0.780802908776201,
          0.004238106376782886,
          -3.627943287167364e-05,
          1.3111020146606085e-07,
          -2.1461519961429465e-10,
          1.2984414426042648e-13
        ],
        "polyfit6":[
          1.232322683495985,
          -0.005086723273235421,
          4.05192814960284e-05,
          -1.9188842369451392e-07,
          5.182213196314228e-10,
          -7.226919029816322e-13,
          3.984485939027497e-16
        ],
        "polyfit8":[
          -0.11877391587013723,
          0.018316722086485288,
          -6.872649666108368e-05,
          -5.452995382977978e-07,
          5.9806618961880636e-09,
          -2.360649433005257e-11,
          4.7726211875220736e-14,
          -4.934676164815274e-17,
          2.070667914591494e-20
        ]
      },
      "mlljj":{}
    },
    "boosted":{
      "mjj":{
        "polyfit2":[
          0.9765449999677052,
          -0.00027258448587498703,
          1.1886496197298257e-07
        ],
        "binWgt":1.3732727845325607,
        "polyfit3":[
          1.0736730100155711,
          -0.001307915270854944,
          3.4707479571390454e-06,
          -3.312447004162367e-09
        ],
        "polyfit4":[
          1.213205401261318,
          -0.0032614118963325417,
          1.3059764266785325e-05,
          -2.290683944375822e-08,
          1.4137715881947574e-11
        ],
        "polyfit5":[
          0.780802908776201,
          0.004238106376782886,
          -3.627943287167364e-05,
          1.3111020146606085e-07,
          -2.1461519961429465e-10,
          1.2984414426042648e-13
        ],
        "polyfit6":[
          1.232322683495985,
          -0.005086723273235421,
          4.05192814960284e-05,
          -1.9188842369451392e-07,
          5.182213196314228e-10,
          -7.226919029816322e-13,
          3.984485939027497e-16
        ],
        "polyfit7":[
          -2.811246998240563,
          0.09172973892641648,
          -0.0009168144276499774,
          4.877238648828117e-06,
          -1.5020442499234807e-08,
          2.6894286099480866e-11,
          -2.600305874261092e-14,
          1.0495085114246922e-17
        ],
        "polyfit8":[
          -0.11877391587013723,
          0.018316722086485288,
          -6.872649666108368e-05,
          -5.452995382977978e-07,
          5.9806618961880636e-09,
          -2.360649433005257e-11,
          4.7726211875220736e-14,
          -4.934676164815274e-17,
          2.070667914591494e-20
        ]
      },
      "mlljj":{}
    }
  }
}