{
  "2016-postVFP":{
    "resolved":{
      "mjj":{
        "polyfit6":[
          1.5918871141496989,
          -0.03921039888223314,
          0.0017375704250237034,
          -3.695575161136738e-05,
          3.8574173060117913e-07,
          -1.941772396945144e-09,
          3.778848931761573e-12
        ],
        "polyfit4":[
          1.255665887495402,
          -0.0034762833601470495,
          1.2903811125593643e-05,
          -2.3244435953681647e-08,
          1.5809345183752287e-11
        ],
        "binWgt":0.8080337867259647,
        "polyfit5":[
          1.0414433632265232,
          0.00022904411077418483,
          -1.11143919599556e-05,
          4.975365014976051e-08,
          -8.860942558218766e-11,
          5.6547802866864495e-14
        ],
        "polyfit7":[
          -2.208140640278376,
          0.07381342367453239,
          -0.0006900045899311708,
          3.361159891876937e-06,
          -9.332358860653231e-09,
          1.4871128154269095e-11,
          -1.266723520680729e-14,
          4.474296390737148e-18
        ],
        "polyfit8":[
          0.9575242272147968,
          -0.011242932000725096,
          0.00027156665869729847,
          -2.6143976442898947e-06,
          1.3013931020818756e-08,
          -3.669800906372716e-11,
          5.918344091286747e-14,
          -5.0900502378225305e-17,
          1.8113200568278574e-20
        ]
      },
      "mlljj":{}
    },
    "boosted":{
      "mjj":{
        "polyfit4":[
          1.0936347713041659,
          -0.0012548731536270942,
          1.6646917139825367e-06,
          2.3559502232780732e-07,
          -1.057166280846537e-09
        ],
        "binWgt":1.2332394189950642,
        "polyfit5":[
          0.970922669258344,
          0.011564476175900935,
          -0.000429124815720777,
          6.352347145831986e-06,
          -3.899511870383046e-08,
          8.432930984556275e-11
        ],
        "polyfit6":[
          1.067418430876259,
          -0.0020151381201562826,
          0.00019177013226753039,
          -6.3214385959772775e-06,
          8.779279619357593e-08,
          -5.210692711498025e-10,
          1.0998164909042782e-12
        ],
        "polyfit7":[
          0.9890787062110831,
          0.011608313004970455,
          -0.000588774185252467,
          1.4470756391808148e-05,
          -2.0254510516988768e-07,
          1.6623132873977864e-09,
          -7.245812361602674e-12,
          1.2691067757195753e-14
        ],
        "polyfit8":[
          1.0424870184120136,
          0.0013072997578752563,
          9.251448961389155e-05,
          -7.427241125641217e-06,
          1.8687868879810673e-07,
          -2.3575092933596354e-09,
          1.6667242761781542e-11,
          -6.318262473043385e-14,
          9.924829811302309e-17
        ]
      },
      "mlljj":{}
    }
  }
}