{
  "2016":{
    "boosted":{
      "mjj":{
        "lowmass_10_to_150":{
          "polyfit2":[
            1.0666720203472961,
            -0.002525607087350129,
            2.334686854158128e-05
          ],
          "polyfit3":[
            1.170040325818805,
            -0.008318838074815756,
            0.00011533780373094302,
            -4.251366303485832e-07
          ],
          "polyfit4":[
            1.26715041291033,
            -0.01598253472736868,
            0.00030994692677417625,
            -2.360065221814483e-06,
            6.4996727471369825e-09
          ],
          "polyfit5":[
            1.0685045232121924,
            0.004535301042035581,
            -0.00042410957597657203,
            9.29727035071401e-06,
            -7.732598615144436e-08,
            2.2192536745205542e-10
          ],
          "polyfit6":[
            0.6428934015323132,
            0.059154336683693,
            -0.0029809551121933796,
            6.64052736151031e-05,
            -7.303652083875999e-07,
            3.898755999904378e-09,
            -8.057182248157266e-12
          ],
          "polyfit7":[
            0.8580847873254009,
            0.026369086161366427,
            -0.0010841657866981977,
            1.141153314582649e-05,
            1.4540995037906962e-07,
            -3.856842717196465e-09,
            2.7673757330158864e-11,
            -6.663927552422737e-14
          ],
          "polyfit8":[
            0.06930573708175512,
            0.16400092955651036,
            -0.010518364457132013,
            0.0003479882944647643,
            -6.773156647024451e-06,
            8.091641687982633e-08,
            -5.823059360858854e-10,
            2.3075497811047154e-12,
            -3.85167335714638e-15
          ]
        },
        "binWgt_above_150":{
          "binWgt":1.162029416011471
        }
      }
    },
    "resolved":{
      "mjj":{
        "highmass_150_to_600":{
          "polyfit2":[
            1.075622005928596,
            -0.0006207879474295252,
            5.067707268187109e-07
          ],
          "polyfit3":[
            1.0707061342060982,
            -0.000567636959415189,
            3.3197012712801464e-07,
            1.7515148840232784e-10
          ],
          "polyfit4":[
            1.0360858130475952,
            -7.779336834301915e-05,
            -2.0982582797140486e-06,
            5.189446613237917e-09,
            -3.647924753952101e-12
          ],
          "polyfit5":[
            0.7319081855522612,
            0.005239808546458684,
            -3.7367362528547536e-05,
            1.1616238644311739e-07,
            -1.69693459949159e-10,
            9.487751644035558e-14
          ],
          "polyfit6":[
            0.4932288368068879,
            0.010200129414910584,
            -7.84915264620513e-05,
            2.9029674694216264e-07,
            -5.674317891447773e-10,
            5.605661813987198e-13,
            -2.1896797627219175e-16
          ],
          "polyfit7":[
            -1.8594554604456845,
            0.06688170877899793,
            -0.000642535713924785,
            3.2958861333776874e-06,
            -9.83726257795206e-09,
            1.713178609528954e-11,
            -1.6146657937975352e-14,
            6.363089175806998e-18
          ],
          "polyfit8":[
            -8.336637582985233,
            0.24434353141106926,
            -0.0027026390680615197,
            1.6531695064436503e-05,
            -6.134102688478146e-08,
            1.4154431871038675e-10,
            -1.985672205957725e-13,
            1.5502212167226752e-16,
            -5.1632939302776835e-20
          ]
        },
        "lowmass_10_to_150":{
          "polyfit2":[
            1.6119941319661573,
            -0.03417749598272082,
            0.001274040340262605,
            -2.4838327534090807e-05,
            2.484426982499665e-07,
            -1.2270429056415133e-09,
            2.3780591937772047e-12
          ],
          "polyfit3":[
            1.6119941319661573,
            -0.03417749598272082,
            0.001274040340262605,
            -2.4838327534090807e-05,
            2.484426982499665e-07,
            -1.2270429056415133e-09,
            2.3780591937772047e-12
          ],
          "polyfit4":[
            1.6119941319661573,
            -0.03417749598272082,
            0.001274040340262605,
            -2.4838327534090807e-05,
            2.484426982499665e-07,
            -1.2270429056415133e-09,
            2.3780591937772047e-12
          ],
          "polyfit5":[
            1.6119941319661573,
            -0.03417749598272082,
            0.001274040340262605,
            -2.4838327534090807e-05,
            2.484426982499665e-07,
            -1.2270429056415133e-09,
            2.3780591937772047e-12
          ],
          "polyfit6":[
            1.6119941319661573,
            -0.03417749598272082,
            0.001274040340262605,
            -2.4838327534090807e-05,
            2.484426982499665e-07,
            -1.2270429056415133e-09,
            2.3780591937772047e-12
          ],
          "polyfit7":[
            1.6119941319661573,
            -0.03417749598272082,
            0.001274040340262605,
            -2.4838327534090807e-05,
            2.484426982499665e-07,
            -1.2270429056415133e-09,
            2.3780591937772047e-12
          ],
          "polyfit8":[
            1.6119941319661573,
            -0.03417749598272082,
            0.001274040340262605,
            -2.4838327534090807e-05,
            2.484426982499665e-07,
            -1.2270429056415133e-09,
            2.3780591937772047e-12
          ]
        },
        "binWgt_above_600":{
          "binWgt":0.8487917444683304
        }
      }
    }
  }
}