{
  "2017":{
    "resolved":{
      "mjj":{
        "polyfit2":[
          1.5388855035108189,
          -0.027640020807002365,
          0.0010513570080768783,
          -2.769499497518016e-05,
          4.3144459871553723e-07,
          -3.795648928837833e-09,
          1.741963725939264e-11,
          -3.2374355034549094e-14
        ],
        "binWgt":0.8189064447163384,
        "polyfit3":[
          1.5388855035108189,
          -0.027640020807002365,
          0.0010513570080768783,
          -2.769499497518016e-05,
          4.3144459871553723e-07,
          -3.795648928837833e-09,
          1.741963725939264e-11,
          -3.2374355034549094e-14
        ],
        "polyfit4":[
          1.5388855035108189,
          -0.027640020807002365,
          0.0010513570080768783,
          -2.769499497518016e-05,
          4.3144459871553723e-07,
          -3.795648928837833e-09,
          1.741963725939264e-11,
          -3.2374355034549094e-14
        ],
        "polyfit5":[
          1.5388855035108189,
          -0.027640020807002365,
          0.0010513570080768783,
          -2.769499497518016e-05,
          4.3144459871553723e-07,
          -3.795648928837833e-09,
          1.741963725939264e-11,
          -3.2374355034549094e-14
        ],
        "polyfit6":[
          1.5388855035108189,
          -0.027640020807002365,
          0.0010513570080768783,
          -2.769499497518016e-05,
          4.3144459871553723e-07,
          -3.795648928837833e-09,
          1.741963725939264e-11,
          -3.2374355034549094e-14
        ],
        "polyfit7":[
          1.5388855035108189,
          -0.027640020807002365,
          0.0010513570080768783,
          -2.769499497518016e-05,
          4.3144459871553723e-07,
          -3.795648928837833e-09,
          1.741963725939264e-11,
          -3.2374355034549094e-14
        ],
        "polyfit8":[
          1.5388855035108189,
          -0.027640020807002365,
          0.0010513570080768783,
          -2.769499497518016e-05,
          4.3144459871553723e-07,
          -3.795648928837833e-09,
          1.741963725939264e-11,
          -3.2374355034549094e-14
        ]
      },
      "mlljj":{}
    },
    "boosted":{
      "mjj":{
        "polyfit2":[
          0.8256995328206589,
          0.0034905271389793846,
          -4.706076096775458e-06
        ],
        "binWgt":1.2033290786661617,
        "polyfit3":[
          0.871023893289282,
          0.0008277586718853937,
          3.902976635029614e-05,
          -2.064435847806002e-07
        ],
        "polyfit4":[
          0.6436759254048021,
          0.019775788696135884,
          -0.0004637077844953045,
          4.9770392854454615e-06,
          -1.7938346894393186e-08
        ],
        "polyfit5":[
          0.11647864694339029,
          0.07718547039794012,
          -0.0026046965012205504,
          4.0148990104221736e-05,
          -2.7818905409991753e-07,
          7.065457099754651e-10
        ],
        "polyfit6":[
          0.5133376526163161,
          0.02465148555458849,
          -9.03172416416488e-05,
          -1.6983560064919206e-05,
          3.8452861535225413e-07,
          -3.071947387564953e-09,
          8.377483900205785e-12
        ],
        "polyfit7":[
          -0.6415074712673363,
          0.2031159191926994,
          -0.010520745607596851,
          0.000287895362472529,
          -4.503398956222026e-06,
          4.0454726298189366e-08,
          -1.930799033100734e-10,
          3.772158134795115e-13
        ],
        "polyfit8":[
          -2.8897414997191415,
          0.5977422348522163,
          -0.03770234832087406,
          0.0012617762903783646,
          -2.459449933607181e-05,
          2.873388484050585e-07,
          -1.9733070012364174e-09,
          7.316399469070506e-12,
          -1.1267668214817358e-14
        ]
      },
      "mlljj":{}
    }
  }
}