{
  "2017":{
    "boosted":{
      "mjj":{
        "lowmass_10_to_150":{
          "polyfit2":[
            0.8573740919394219,
            0.0035705116334109575,
            -8.6008087268438e-06
          ],
          "polyfit3":[
            0.9280327682306952,
            -0.0005404983708859323,
            5.8092936251195534e-05,
            -3.1008373936832454e-07
          ],
          "polyfit4":[
            0.6125652525186153,
            0.025517024194315934,
            -0.000624921521972869,
            6.637539359807096e-06,
            -2.3697151137337752e-08
          ],
          "polyfit5":[
            0.031605277263359884,
            0.08804534754206114,
            -0.002928190654980814,
            4.402312875918292e-05,
            -2.970816118442737e-07,
            7.334999216904822e-10
          ],
          "polyfit6":[
            0.21454682276994846,
            0.0639909433028139,
            -0.0017843199534597644,
            1.82024722173731e-05,
            3.4616144034091047e-10,
            -9.497067467783466e-10,
            3.702587036518492e-12
          ],
          "polyfit7":[
            -0.5553643503255778,
            0.1827743432239436,
            -0.00871379709636348,
            0.0002202213884438341,
            -3.2277721876654073e-06,
            2.7684908774210967e-08,
            -1.282532952693281e-10,
            2.4591263786080637e-13
          ],
          "polyfit8":[
            -0.6684214464610251,
            0.2026002127941436,
            -0.010077381118705176,
            0.00026897389366743534,
            -4.231013104725671e-06,
            3.9979347299448525e-08,
            -2.1665320021183055e-10,
            5.894813864258149e-13,
            -5.562193786523202e-16
          ]
        },
        "binWgt_above_150":{
          "binWgt":1.3426464948957193
        }
      }
    },
    "resolved":{
      "mjj":{
        "highmass_150_to_600":{
          "polyfit2":[
            0.9589957901042006,
            -0.00026771866559986685,
            1.1924788827326384e-07
          ],
          "polyfit3":[
            1.0577871230900422,
            -0.001320056460671058,
            3.5221379528015678e-06,
            -3.3592358264674746e-09
          ],
          "polyfit4":[
            1.1960856599565244,
            -0.0032568908561537943,
            1.303103754711864e-05,
            -2.279072744261703e-08,
            1.4019656999218135e-11
          ],
          "polyfit5":[
            0.7245242053365891,
            0.004924557101866245,
            -4.0800317003663556e-05,
            1.4522899125574302e-07,
            -2.3546633731480484e-10,
            1.4156696237406419e-13
          ],
          "polyfit6":[
            0.9890225370719467,
            -0.0005373912469537291,
            4.173430579237832e-06,
            -4.3856538255116787e-08,
            1.9337177680274135e-10,
            -3.571119178832574e-13,
            2.32973490727786e-16
          ],
          "polyfit7":[
            -3.279742941045221,
            0.10163975254868811,
            -0.0010057790682243839,
            5.30152600668288e-06,
            -1.6184283364132978e-08,
            2.873667765361804e-11,
            -2.756673075496421e-14,
            1.1045651764608477e-17
          ],
          "polyfit8":[
            0.14160125334155402,
            0.008413668050911836,
            7.046694611451914e-05,
            -1.5750825065395983e-06,
            1.0430101108636277e-08,
            -3.521956615016374e-11,
            6.574758906586246e-14,
            -6.46468822531453e-17,
            2.6176773905395752e-20
          ]
        },
        "lowmass_10_to_150":{
          "polyfit2":[
            0.6015589525793797,
            0.08105974890284136,
            -0.0038135978061030976,
            8.487167595438579e-05,
            -1.0369653388921337e-06,
            7.109389504580066e-09,
            -2.5648026861922112e-11,
            3.791278977444058e-14
          ],
          "polyfit3":[
            0.6015589525793797,
            0.08105974890284136,
            -0.0038135978061030976,
            8.487167595438579e-05,
            -1.0369653388921337e-06,
            7.109389504580066e-09,
            -2.5648026861922112e-11,
            3.791278977444058e-14
          ],
          "polyfit4":[
            0.6015589525793797,
            0.08105974890284136,
            -0.0038135978061030976,
            8.487167595438579e-05,
            -1.0369653388921337e-06,
            7.109389504580066e-09,
            -2.5648026861922112e-11,
            3.791278977444058e-14
          ],
          "polyfit5":[
            0.6015589525793797,
            0.08105974890284136,
            -0.0038135978061030976,
            8.487167595438579e-05,
            -1.0369653388921337e-06,
            7.109389504580066e-09,
            -2.5648026861922112e-11,
            3.791278977444058e-14
          ],
          "polyfit6":[
            0.6015589525793797,
            0.08105974890284136,
            -0.0038135978061030976,
            8.487167595438579e-05,
            -1.0369653388921337e-06,
            7.109389504580066e-09,
            -2.5648026861922112e-11,
            3.791278977444058e-14
          ],
          "polyfit7":[
            0.6015589525793797,
            0.08105974890284136,
            -0.0038135978061030976,
            8.487167595438579e-05,
            -1.0369653388921337e-06,
            7.109389504580066e-09,
            -2.5648026861922112e-11,
            3.791278977444058e-14
          ],
          "polyfit8":[
            0.6015589525793797,
            0.08105974890284136,
            -0.0038135978061030976,
            8.487167595438579e-05,
            -1.0369653388921337e-06,
            7.109389504580066e-09,
            -2.5648026861922112e-11,
            3.791278977444058e-14
          ]
        },
        "binWgt_above_600":{
          "binWgt":0.8321081370738962
        }
      }
    }
  }
}