{
  "2018":{
    "resolved":{
      "mjj":{
        "polyfit6":[
          1.0736800349688749,
          0.022472381031099917,
          -0.0011991318140646726,
          2.4662023774815865e-05,
          -2.5188811297978535e-07,
          1.2607222600926904e-09,
          -2.460486913643323e-12
        ],
        "polyfit4":[
          0.9217266848764155,
          -0.00022555257333722493,
          -2.057780698343344e-07,
          2.7550931363771704e-10,
          3.559224299428968e-13
        ],
        "binWgt":0.7801798264181176,
        "polyfit5":[
          0.45168007246122577,
          0.007897814445396835,
          -5.346250924694979e-05,
          1.659767754022724e-07,
          -2.4498777829219726e-10,
          1.3884276947765166e-13
        ],
        "polyfit7":[
          6.309012109730716,
          -0.13679773788840688,
          0.0014232945089206162,
          -7.902293817883255e-06,
          2.5249404108676114e-08,
          -4.650105108902627e-11,
          4.5812977801488615e-14,
          -1.8675875333341988e-17
        ],
        "polyfit8":[
          9.110336384515573,
          -0.21306802654446785,
          0.0023030510594688135,
          -1.3518520657475604e-05,
          4.696639560574958e-08,
          -9.864187517175979e-11,
          1.2182058597556638e-13,
          -8.027568724424593e-17,
          2.1284525143573e-20
        ]
      },
      "mlljj":{}
    },
    "boosted":{
      "mjj":{
        "polyfit4":[
          0.8053162497193265,
          0.013271366122168126,
          -0.0004024761639682583,
          4.791161792425538e-06,
          -1.799912545100017e-08
        ],
        "binWgt":1.0961134410403983,
        "polyfit5":[
          0.09089495372132131,
          0.08771940533167602,
          -0.0030571755873554925,
          4.6618423083634634e-05,
          -3.158227262921152e-07,
          7.802511837692906e-10
        ],
        "polyfit6":[
          -0.13543369226908908,
          0.1169317953711296,
          -0.004420027908864312,
          7.685597303045217e-05,
          -6.588925211348954e-07,
          2.6957662712297945e-09,
          -4.161911854761959e-12
        ],
        "polyfit7":[
          -0.4291452009399311,
          0.1616358905251799,
          -0.006991044623723584,
          0.0001508475080616337,
          -1.828397363182234e-06,
          1.297862388158204e-08,
          -5.1218231985730604e-11,
          8.720848882042374e-14
        ],
        "polyfit8":[
          -2.8895289802219533,
          0.5885573725306472,
          -0.036025925964682765,
          0.001178079193878805,
          -2.2774219872008227e-05,
          2.6771328931353515e-07,
          -1.871612505205212e-09,
          7.12839977375191e-12,
          -1.1357908599366057e-14
        ]
      },
      "mlljj":{}
    }
  }
}