{
  "2018":{
    "boosted":{
      "mjj":{
        "lowmass_10_to_150":{
          "polyfit2":[
            0.7842047043819627,
            0.0035998824373073522,
            -1.8130327963758684e-05
          ],
          "polyfit3":[
            0.8369185230582038,
            0.000651868016900582,
            2.7915768621077873e-05,
            -2.0707806150879602e-07
          ],
          "polyfit4":[
            0.6188447207797243,
            0.01828757321024908,
            -0.0004210939986621794,
            4.22428741264589e-06,
            -1.4694678092337833e-08
          ],
          "polyfit5":[
            -0.08575655701557851,
            0.09299746450185879,
            -0.0031004468557153954,
            4.642208481331408e-05,
            -3.1405122549270115e-07,
            7.801447756176474e-10
          ],
          "polyfit6":[
            -0.5781561108652272,
            0.15734810198996235,
            -0.006118056309867488,
            0.00011345004207737876,
            -1.0735996551638436e-06,
            5.009862028882522e-09,
            -9.158415814544461e-12
          ],
          "polyfit7":[
            -1.1535691452540493,
            0.24533798383965685,
            -0.011184302075956214,
            0.00025916915623145297,
            -3.3735719693928755e-06,
            2.5196399076023875e-08,
            -1.013614581301535e-10,
            1.7055602024533182e-13
          ],
          "polyfit8":[
            -4.806391355341345,
            0.8799515506452267,
            -0.0543522413348777,
            0.0017861914086100116,
            -3.450334288551315e-05,
            4.037108442375342e-07,
            -2.8060522426845046e-09,
            1.0632489391246484e-11,
            -1.6878560741288945e-14
          ]
        },
        "binWgt_above_150":{
          "binWgt":1.1513424316475276
        }
      }
    },
    "resolved":{
      "mjj":{
        "highmass_150_to_600":{
          "polyfit2":[
            0.907918445455233,
            -0.0003723959983162155,
            2.7242600578891164e-07
          ],
          "polyfit3":[
            0.9222035558018232,
            -0.0005238781076902076,
            7.605447588048206e-07,
            -4.80480866001459e-10
          ],
          "polyfit4":[
            0.9059822229861842,
            -0.00029825226059529707,
            -3.3983605707623714e-07,
            1.7547401651399692e-09,
            -1.604324953299632e-12
          ],
          "polyfit5":[
            0.4065989439478385,
            0.008309088081790074,
            -5.663431743427971e-05,
            1.7654204981188099e-07,
            -2.5995313708334363e-10,
            1.4600482547696188e-13
          ],
          "polyfit6":[
            0.8167160494435658,
            -0.00013231749283508932,
            1.2679534029044588e-05,
            -1.1419358006257682e-07,
            3.980854559402553e-10,
            -6.178197485153284e-13,
            3.562513479813905e-16
          ],
          "polyfit7":[
            1.7755313867179512,
            -0.023049506345917504,
            0.0002389064944432151,
            -1.3100998692275478e-06,
            4.05800941726544e-09,
            -7.112265083500186e-12,
            6.555194230311778e-15,
            -2.4604491708770508e-18
          ],
          "polyfit8":[
            4.103471275165882,
            -0.0863670808292087,
            0.0009685404710452728,
            -5.963551758482719e-06,
            2.203579408190774e-08,
            -5.023849238716916e-11,
            6.937128170987725e-14,
            -5.333113062176853e-17,
            1.7565107781821252e-20
          ]
        },
        "lowmass_10_to_150":{
          "polyfit2":[
            0.8633296764885919,
            0.0407377769276247,
            -0.0018712002357695473,
            3.652776539537136e-05,
            -3.6124855146706193e-07,
            1.769490897258891e-09,
            -3.40404257866169e-12
          ],
          "polyfit3":[
            0.8633296764885919,
            0.0407377769276247,
            -0.0018712002357695473,
            3.652776539537136e-05,
            -3.6124855146706193e-07,
            1.769490897258891e-09,
            -3.40404257866169e-12
          ],
          "polyfit4":[
            0.8633296764885919,
            0.0407377769276247,
            -0.0018712002357695473,
            3.652776539537136e-05,
            -3.6124855146706193e-07,
            1.769490897258891e-09,
            -3.40404257866169e-12
          ],
          "polyfit5":[
            0.8633296764885919,
            0.0407377769276247,
            -0.0018712002357695473,
            3.652776539537136e-05,
            -3.6124855146706193e-07,
            1.769490897258891e-09,
            -3.40404257866169e-12
          ],
          "polyfit6":[
            0.8633296764885919,
            0.0407377769276247,
            -0.0018712002357695473,
            3.652776539537136e-05,
            -3.6124855146706193e-07,
            1.769490897258891e-09,
            -3.40404257866169e-12
          ],
          "polyfit7":[
            0.8633296764885919,
            0.0407377769276247,
            -0.0018712002357695473,
            3.652776539537136e-05,
            -3.6124855146706193e-07,
            1.769490897258891e-09,
            -3.40404257866169e-12
          ],
          "polyfit8":[
            0.8633296764885919,
            0.0407377769276247,
            -0.0018712002357695473,
            3.652776539537136e-05,
            -3.6124855146706193e-07,
            1.769490897258891e-09,
            -3.40404257866169e-12
          ]
        },
        "binWgt_above_600":{
          "binWgt":0.7456396642758719
        }
      }
    }
  }
}