{
  "2016":{
    "boosted":{
      "mjj":{
        "lowmass_10_to_150":{
          "polyfit2":[
            0.9626298568318817,
            -0.0014663409457761351,
            1.1602928557848635e-05
          ],
          "polyfit3":[
            1.0864077547797013,
            -0.008359906685669756,
            0.00011973210253367717,
            -4.914360043813725e-07
          ],
          "polyfit4":[
            0.9938905178383708,
            -0.0010185878399845455,
            -6.668611218169761e-05,
            1.3526309900056613e-06,
            -6.140387150906229e-09
          ],
          "polyfit5":[
            0.6745292097275067,
            0.032051211543505764,
            -0.001247377446007288,
            2.001345821272606e-05,
            -1.395039349734462e-07,
            3.506572968049969e-10
          ],
          "polyfit6":[
            0.40406705065372545,
            0.06684258375953098,
            -0.002875602959278298,
            5.630606546529109e-05,
            -5.530789376138138e-07,
            2.66881736489268e-09,
            -5.054066384236619e-12
          ],
          "polyfit7":[
            0.9082590215109678,
            -0.010158850860959065,
            0.0015827338876033207,
            -7.28737013589619e-05,
            1.5004396756883389e-06,
            -1.5468629512318824e-08,
            7.823790994000807e-11,
            -1.547824052961371e-13
          ],
          "polyfit8":[
            1.2431957456824887,
            -0.06860982489555308,
            0.005586794411138238,
            -0.00021554556235058275,
            4.428267546745104e-06,
            -5.127361950223674e-08,
            3.3532676552936383e-10,
            -1.1532355513070454e-12,
            1.6161832110347964e-15
          ]
        },
        "binWgt_above_150":{
          "binWgt":0.9751160492709021
        }
      }
    },
    "resolved":{
      "mjj":{
        "highmass_150_to_600":{
          "polyfit2":[
            0.9618810185193034,
            -0.0006387789675429687,
            3.3958935219546446e-07
          ],
          "polyfit3":[
            0.8385519445113478,
            0.0007058437117205765,
            -4.12231503022505e-06,
            4.512439186337168e-09
          ],
          "polyfit4":[
            0.9211070097814239,
            -0.0004699653551406609,
            1.7537219992374931e-06,
            -7.706212286849606e-09,
            8.960647642325505e-12
          ],
          "polyfit5":[
            1.0556508168885304,
            -0.002832836043323314,
            1.7503658607637274e-05,
            -5.75252910303905e-08,
            8.391572315340307e-11,
            -4.307329431727197e-14
          ],
          "polyfit6":[
            4.070201739617075,
            -0.06572288559467009,
            0.0005410237913155419,
            -2.2836409040270426e-06,
            5.190361096070157e-09,
            -6.04764292854827e-12,
            2.8354765540793412e-15
          ],
          "polyfit7":[
            4.28726378674635,
            -0.07097446561634375,
            0.0005935126587088003,
            -2.5645958756817403e-06,
            6.060825041912392e-09,
            -7.61079252182671e-12,
            4.344661427989274e-15,
            -6.055706866310413e-19
          ],
          "polyfit8":[
            9.739117414237151,
            -0.22083921909723647,
            0.0023392730570107865,
            -1.3821063361015428e-05,
            5.0024399049519243e-08,
            -1.1421110454350492e-10,
            1.6124996488353669e-13,
            -1.2897003043075917e-16,
            4.475909986858027e-20
          ]
        },
        "lowmass_10_to_150":{
          "polyfit2":[
            1.4804200946009431,
            -0.03610088912295297,
            0.0014892802921195737,
            -3.097957841041376e-05,
            3.259602045688737e-07,
            -1.682154396868893e-09,
            3.389232217480263e-12
          ],
          "polyfit3":[
            1.4804200946009431,
            -0.03610088912295297,
            0.0014892802921195737,
            -3.097957841041376e-05,
            3.259602045688737e-07,
            -1.682154396868893e-09,
            3.389232217480263e-12
          ],
          "polyfit4":[
            1.4804200946009431,
            -0.03610088912295297,
            0.0014892802921195737,
            -3.097957841041376e-05,
            3.259602045688737e-07,
            -1.682154396868893e-09,
            3.389232217480263e-12
          ],
          "polyfit5":[
            1.4804200946009431,
            -0.03610088912295297,
            0.0014892802921195737,
            -3.097957841041376e-05,
            3.259602045688737e-07,
            -1.682154396868893e-09,
            3.389232217480263e-12
          ],
          "polyfit6":[
            1.4804200946009431,
            -0.03610088912295297,
            0.0014892802921195737,
            -3.097957841041376e-05,
            3.259602045688737e-07,
            -1.682154396868893e-09,
            3.389232217480263e-12
          ],
          "polyfit7":[
            1.4804200946009431,
            -0.03610088912295297,
            0.0014892802921195737,
            -3.097957841041376e-05,
            3.259602045688737e-07,
            -1.682154396868893e-09,
            3.389232217480263e-12
          ],
          "polyfit8":[
            1.4804200946009431,
            -0.03610088912295297,
            0.0014892802921195737,
            -3.097957841041376e-05,
            3.259602045688737e-07,
            -1.682154396868893e-09,
            3.389232217480263e-12
          ]
        },
        "binWgt_above_600":{
          "binWgt":0.6975689652786785
        }
      }
    }
  }
}