{
  "2018":{
    "boosted":{
      "mjj":{
        "lowmass_10_to_150":{
          "polyfit2":[
            0.9919580852111236,
            -0.0021027317477971355,
            2.6880141540375235e-05
          ],
          "polyfit3":[
            1.2433308809330184,
            -0.015876057102577872,
            0.0002415933610647208,
            -9.719538812233489e-07
          ],
          "polyfit4":[
            0.8726239950908282,
            0.013210711120249597,
            -0.000492014264992603,
            6.286141914179026e-06,
            -2.425608813053699e-08
          ],
          "polyfit5":[
            0.08355436688707601,
            0.09457800216454494,
            -0.003382513621476893,
            5.184177493490296e-05,
            -3.494790514321627e-07,
            8.55373169768478e-10
          ],
          "polyfit6":[
            0.23215323480842767,
            0.07557429645362089,
            -0.002500199927590853,
            3.230622686763631e-05,
            -1.2788253812281784e-07,
            -3.830853175968583e-10,
            2.695553208662435e-12
          ],
          "polyfit7":[
            -0.07302291388647617,
            0.12177435097071604,
            -0.0051483828220512395,
            0.00010835699463928447,
            -1.3282982249380885e-06,
            1.0161841748488255e-08,
            -4.552796743259838e-11,
            8.932810965572436e-14
          ],
          "polyfit8":[
            -1.9583931687205642,
            0.44817877119493377,
            -0.027310337018420866,
            0.0008913884354144365,
            -1.7276570239406403e-05,
            2.0391372312625228e-07,
            -1.4286589746615599e-09,
            5.433229417445263e-12,
            -8.609779109598529e-15
          ]
        },
        "binWgt_above_150":{
          "binWgt":1.0148403693372712
        }
      }
    },
    "resolved":{
      "mjj":{
        "highmass_150_to_600":{
          "polyfit2":[
            0.9526650311130961,
            -0.0004368848532562633,
            3.3258912470491277e-07
          ],
          "polyfit3":[
            0.9190858243043089,
            -7.915882928177547e-05,
            -8.25869470296288e-07,
            1.1456759190931354e-09
          ],
          "polyfit4":[
            0.8687812576274876,
            0.0006225766829734919,
            -4.2551055064556025e-06,
            8.118110447609997e-09,
            -5.0052680370704936e-12
          ],
          "polyfit5":[
            0.49191394276742145,
            0.007143997159720811,
            -4.7054421653191496e-05,
            1.413890066606713e-07,
            -2.0243346508524618e-10,
            1.1175143387700513e-13
          ],
          "polyfit6":[
            -1.9460104115419472,
            0.05743273212437779,
            -0.0004607812559779936,
            1.8798185265952222e-06,
            -4.143535349290379e-09,
            4.693346471287205e-12,
            -2.13982747382566e-15
          ],
          "polyfit7":[
            9.9117010738075,
            -0.2263815730988902,
            0.00234457564080711,
            -1.2968863595606478e-05,
            4.1353705479967186e-08,
            -7.613212476089164e-11,
            7.509001753029055e-14,
            -3.06838097593052e-17
          ],
          "polyfit8":[
            13.398653123956407,
            -0.32135468719659366,
            0.0034404417398459465,
            -1.9966890587525284e-05,
            6.84213609422058e-08,
            -1.4113474088289932e-10,
            1.698648082168242e-13,
            -1.075045815773373e-16,
            2.6546543522069732e-20
          ]
        },
        "lowmass_10_to_150":{
          "polyfit2":[
            1.2979551240411862,
            0.0016289911969063387,
            -0.0004619048077002695,
            1.200150827684702e-05,
            -1.3786031581116218e-07,
            7.415880721670229e-10,
            -1.517308731404423e-12
          ],
          "polyfit3":[
            1.2979551240411862,
            0.0016289911969063387,
            -0.0004619048077002695,
            1.200150827684702e-05,
            -1.3786031581116218e-07,
            7.415880721670229e-10,
            -1.517308731404423e-12
          ],
          "polyfit4":[
            1.2979551240411862,
            0.0016289911969063387,
            -0.0004619048077002695,
            1.200150827684702e-05,
            -1.3786031581116218e-07,
            7.415880721670229e-10,
            -1.517308731404423e-12
          ],
          "polyfit5":[
            1.2979551240411862,
            0.0016289911969063387,
            -0.0004619048077002695,
            1.200150827684702e-05,
            -1.3786031581116218e-07,
            7.415880721670229e-10,
            -1.517308731404423e-12
          ],
          "polyfit6":[
            1.2979551240411862,
            0.0016289911969063387,
            -0.0004619048077002695,
            1.200150827684702e-05,
            -1.3786031581116218e-07,
            7.415880721670229e-10,
            -1.517308731404423e-12
          ],
          "polyfit7":[
            1.2979551240411862,
            0.0016289911969063387,
            -0.0004619048077002695,
            1.200150827684702e-05,
            -1.3786031581116218e-07,
            7.415880721670229e-10,
            -1.517308731404423e-12
          ],
          "polyfit8":[
            1.2979551240411862,
            0.0016289911969063387,
            -0.0004619048077002695,
            1.200150827684702e-05,
            -1.3786031581116218e-07,
            7.415880721670229e-10,
            -1.517308731404423e-12
          ]
        },
        "binWgt_above_600":{
          "binWgt":0.7991910734373455
        }
      }
    }
  }
}