{
  "2018":{
    "boosted":{
      "mjj":{
        "lowmass_10_to_150":{
          "polyfit2":[
            0.7842047043819627,
            0.0035998824373073522,
            -1.8130327963758684e-05
          ],
          "polyfit3":[
            0.836918523058202,
            0.0006518680169006841,
            2.791576862107627e-05,
            -2.0707806150878882e-07
          ],
          "polyfit4":[
            0.61884472078029,
            0.01828757321020424,
            -0.000421093998661058,
            4.224287412634996e-06,
            -1.4694678092302191e-08
          ],
          "polyfit5":[
            -0.08575655691892708,
            0.09299746449182372,
            -0.0031004468553623393,
            4.642208480784869e-05,
            -3.1405122545451325e-07,
            7.801447755194303e-10
          ],
          "polyfit6":[
            -0.5781561077296045,
            0.15734810158820323,
            -0.006118056291389772,
            0.00011345004167424783,
            -1.0735996506683945e-06,
            5.009862004198469e-09,
            -9.158415761746075e-12
          ],
          "polyfit7":[
            -1.1535690826396063,
            0.2453379744863794,
            -0.011184301550522276,
            0.0002591691414760944,
            -3.3735717416545926e-06,
            2.519639711763965e-08,
            -1.0136144934811812e-10,
            1.705560042643915e-13
          ],
          "polyfit8":[
            -4.806413352212771,
            0.8799553717684214,
            -0.05435250114180064,
            0.0017862005922429929,
            -3.450352992280995e-05,
            4.037131159571675e-07,
            -2.8060684561476836e-09,
            1.0632552030235218e-11,
            -1.6878661677783624e-14
          ]
        },
        "binWgt_above_150":{
          "binWgt":1.1513424316475276
        }
      }
    },
    "resolved":{
      "mjj":{
        "highmass_150_to_600":{
          "polyfit2":[
            0.9079184454552485,
            -0.00037239599831632563,
            2.7242600578907977e-07
          ],
          "polyfit3":[
            0.9222035558020647,
            -0.0005238781076927127,
            7.605447588126982e-07,
            -4.804808660090402e-10
          ],
          "polyfit4":[
            0.9059822229879082,
            -0.0002982522606186265,
            -3.3983605696574233e-07,
            1.7547401649218532e-09,
            -1.6043249531471522e-12
          ],
          "polyfit5":[
            0.4065989425935766,
            0.00830908810486792,
            -5.663431758342765e-05,
            1.7654205026950232e-07,
            -2.599531377521022e-10,
            1.4600482585093496e-13
          ],
          "polyfit6":[
            0.8167160631055475,
            -0.0001323177710909714,
            1.2679536289137535e-05,
            -1.1419358943993813e-07,
            3.9808547694120417e-10,
            -6.178197726482231e-13,
            3.562513591314919e-16
          ],
          "polyfit7":[
            1.7755339368896887,
            -0.02304956669237923,
            0.00023890708403575577,
            -1.3101029536793094e-06,
            4.058018760024161e-09,
            -7.112281496739612e-12,
            6.555209747139624e-15,
            -2.460455274007655e-18
          ],
          "polyfit8":[
            4.103516224223456,
            -0.08636826982306675,
            0.0009685537798782072,
            -5.963634143382717e-06,
            2.203610289816849e-08,
            -5.0239211231278616e-11,
            6.937229816174803e-14,
            -5.33319303112558e-17,
            1.756537628283877e-20
          ]
        },
        "lowmass_10_to_150":{
          "polyfit2":[
            0.8633296563355141,
            0.04073777889988954,
            -0.0018712003090518479,
            3.652776673686489e-05,
            -3.612485643877673e-07,
            1.7694909599869694e-09,
            -3.4040426995917493e-12
          ],
          "polyfit3":[
            0.8633296563355141,
            0.04073777889988954,
            -0.0018712003090518479,
            3.652776673686489e-05,
            -3.612485643877673e-07,
            1.7694909599869694e-09,
            -3.4040426995917493e-12
          ],
          "polyfit4":[
            0.8633296563355141,
            0.04073777889988954,
            -0.0018712003090518479,
            3.652776673686489e-05,
            -3.612485643877673e-07,
            1.7694909599869694e-09,
            -3.4040426995917493e-12
          ],
          "polyfit5":[
            0.8633296563355141,
            0.04073777889988954,
            -0.0018712003090518479,
            3.652776673686489e-05,
            -3.612485643877673e-07,
            1.7694909599869694e-09,
            -3.4040426995917493e-12
          ],
          "polyfit6":[
            0.8633296563355141,
            0.04073777889988954,
            -0.0018712003090518479,
            3.652776673686489e-05,
            -3.612485643877673e-07,
            1.7694909599869694e-09,
            -3.4040426995917493e-12
          ],
          "polyfit7":[
            0.8633296563355141,
            0.04073777889988954,
            -0.0018712003090518479,
            3.652776673686489e-05,
            -3.612485643877673e-07,
            1.7694909599869694e-09,
            -3.4040426995917493e-12
          ],
          "polyfit8":[
            0.8633296563355141,
            0.04073777889988954,
            -0.0018712003090518479,
            3.652776673686489e-05,
            -3.612485643877673e-07,
            1.7694909599869694e-09,
            -3.4040426995917493e-12
          ]
        },
        "binWgt_above_600":{
          "binWgt":0.7456396642758719
        }
      }
    }
  }
}