{
  "2016":{
    "resolved":{
      "mjj":{
        "polyfit6":[
          1.6904444445597497,
          -0.044573367281242296,
          0.0017577204334687496,
          -3.463879301240828e-05,
          3.4617047105150775e-07,
          -1.7019199999235386e-09,
          3.2775302868089946e-12
        ],
        "polyfit2":[
          1.0919333582666992,
          -0.0008556621187545456,
          5.788794349569565e-07
        ],
        "binWgt":0.7471514965489405,
        "polyfit3":[
          1.0892961995432962,
          -0.0008269322676637171,
          4.8360308317965e-07,
          9.620040548968844e-11
        ],
        "polyfit4":[
          0.9886967970546605,
          0.0006035573791167708,
          -6.6508128653554645e-06,
          1.4891763310832727e-08,
          -1.0813777524776814e-11
        ],
        "polyfit5":[
          0.45324949919563984,
          0.009997748562606174,
          -6.9190881566134e-05,
          2.1239541106742647e-07,
          -3.0734251657447303e-10,
          1.6995173126062904e-13
        ],
        "polyfit7":[
          1.6781517006717808,
          -0.02396895493408061,
          0.00031555466643767567,
          -2.0947333863184037e-06,
          7.60858715576987e-09,
          -1.5397609401402216e-11,
          1.6289098387437826e-14,
          -7.016581844043829e-18
        ],
        "polyfit8":[
          -4.202162055646609,
          0.1375543535233546,
          -0.001564406608185524,
          1.0014915122704683e-05,
          -3.963154107932087e-08,
          9.898985374385919e-11,
          -1.5181075702732975e-13,
          1.3025860442479684e-16,
          -4.77702931612023e-20
        ]
      },
      "mlljj":{}
    },
    "boosted":{
      "mjj":{
        "polyfit2":[
          1.0919333582666992,
          -0.0008556621187545456,
          5.788794349569565e-07
        ],
        "binWgt":1.167131650514267,
        "polyfit3":[
          1.0892961995432962,
          -0.0008269322676637171,
          4.8360308317965e-07,
          9.620040548968844e-11
        ],
        "polyfit4":[
          0.9886967970546605,
          0.0006035573791167708,
          -6.6508128653554645e-06,
          1.4891763310832727e-08,
          -1.0813777524776814e-11
        ],
        "polyfit5":[
          0.45324949919563984,
          0.009997748562606174,
          -6.9190881566134e-05,
          2.1239541106742647e-07,
          -3.0734251657447303e-10,
          1.6995173126062904e-13
        ],
        "polyfit6":[
          -0.8683317596639419,
          0.03755481578527097,
          -0.0002984380866814083,
          1.1863813025945895e-06,
          -2.539093922732163e-09,
          2.79056142845287e-12,
          -1.2353849014542884e-15
        ],
        "polyfit7":[
          1.6781517006717808,
          -0.02396895493408061,
          0.00031555466643767567,
          -2.0947333863184037e-06,
          7.60858715576987e-09,
          -1.5397609401402216e-11,
          1.6289098387437826e-14,
          -7.016581844043829e-18
        ],
        "polyfit8":[
          -4.202162055646609,
          0.1375543535233546,
          -0.001564406608185524,
          1.0014915122704683e-05,
          -3.963154107932087e-08,
          9.898985374385919e-11,
          -1.5181075702732975e-13,
          1.3025860442479684e-16,
          -4.77702931612023e-20
        ]
      },
      "mlljj":{}
    }
  }
}