{
  "2016":{
    "boosted":{
      "mjj":{
        "lowmass_10_to_150":{
          "polyfit2":[
            1.0675857753961233,
            -0.002463808357309082,
            2.005217227985528e-05
          ],
          "polyfit3":[
            1.163446512438415,
            -0.00784370462710403,
            0.00010542619625167727,
            -3.9391637930350563e-07
          ],
          "polyfit4":[
            1.2434678640840908,
            -0.01417039301694185,
            0.00026614832418818234,
            -1.991493708008773e-06,
            5.363583651543549e-09
          ],
          "polyfit5":[
            1.018880578447046,
            0.009055697587207309,
            -0.0005647557042353405,
            1.1192627384824352e-05,
            -8.932206258799677e-08,
            2.503336675578138e-10
          ],
          "polyfit6":[
            0.680909317002159,
            0.052478335426995835,
            -0.002598362207151281,
            5.6611298285832636e-05,
            -6.084963018239996e-07,
            3.171747051159369e-09,
            -6.3972628346704564e-12
          ],
          "polyfit7":[
            0.8904087680293433,
            0.020530561745743168,
            -0.0007490937378842691,
            2.987825808075215e-06,
            2.4535220982179934e-07,
            -4.387477138837844e-09,
            2.841547678994859e-11,
            -6.489845939291699e-14
          ],
          "polyfit8":[
            -0.3902792036712229,
            0.244097119505218,
            -0.01607773622792226,
            0.0005498938325167175,
            -1.0995984816696192e-05,
            1.3333361939136775e-07,
            -9.623708517223976e-10,
            3.790752493768815e-12,
            -6.25390671957382e-15
          ]
        },
        "binWgt_above_150":{
          "binWgt":1.1414090796940555
        }
      }
    },
    "resolved":{
      "mjj":{
        "highmass_150_to_600":{
          "polyfit2":[
            1.0773009371639797,
            -0.0008605447859267991,
            5.878734226186851e-07
          ],
          "polyfit3":[
            1.0743132081526838,
            -0.0008280040449836572,
            4.800044337139149e-07,
            1.0887416773323802e-10
          ],
          "polyfit4":[
            0.9626058200425922,
            0.0007604625982984676,
            -7.442399829043949e-06,
            1.653861798478236e-08,
            -1.2008078865363896e-11
          ],
          "polyfit5":[
            0.3937435533987666,
            0.010742337174484933,
            -7.39014540951211e-05,
            2.2642623265044148e-07,
            -3.2712662125547553e-10,
            1.8059914114005927e-13
          ],
          "polyfit6":[
            -1.0644711757718466,
            0.04114468404757443,
            -0.00032677786306108944,
            1.300599345708645e-06,
            -2.7879457841889174e-09,
            3.0696127434472e-12,
            -1.361656716348733e-15
          ],
          "polyfit7":[
            1.460839195625271,
            -0.01986632742288059,
            0.0002820853952517547,
            -1.953040296201308e-06,
            7.274580670276636e-09,
            -1.4965643338270897e-11,
            1.6015250379180163e-14,
            -6.957410727913226e-18
          ],
          "polyfit8":[
            -2.4633831136718176,
            0.08793746007628381,
            -0.0009727527994606002,
            6.130522384116577e-06,
            -2.4261402122443778e-08,
            6.139853749752422e-11,
            -9.620922926404487e-14,
            8.468904381661653e-17,
            -3.189191452607844e-20
          ]
        },
        "lowmass_10_to_150":{
          "polyfit2":[
            1.6639621811496181,
            -0.043013606131418344,
            0.001686236270213986,
            -3.31057937443699e-05,
            3.293480981778819e-07,
            -1.6106947784436954e-09,
            3.084130763142827e-12
          ],
          "polyfit3":[
            1.6639621811496181,
            -0.043013606131418344,
            0.001686236270213986,
            -3.31057937443699e-05,
            3.293480981778819e-07,
            -1.6106947784436954e-09,
            3.084130763142827e-12
          ],
          "polyfit4":[
            1.6639621811496181,
            -0.043013606131418344,
            0.001686236270213986,
            -3.31057937443699e-05,
            3.293480981778819e-07,
            -1.6106947784436954e-09,
            3.084130763142827e-12
          ],
          "polyfit5":[
            1.6639621811496181,
            -0.043013606131418344,
            0.001686236270213986,
            -3.31057937443699e-05,
            3.293480981778819e-07,
            -1.6106947784436954e-09,
            3.084130763142827e-12
          ],
          "polyfit6":[
            1.6639621811496181,
            -0.043013606131418344,
            0.001686236270213986,
            -3.31057937443699e-05,
            3.293480981778819e-07,
            -1.6106947784436954e-09,
            3.084130763142827e-12
          ],
          "polyfit7":[
            1.6639621811496181,
            -0.043013606131418344,
            0.001686236270213986,
            -3.31057937443699e-05,
            3.293480981778819e-07,
            -1.6106947784436954e-09,
            3.084130763142827e-12
          ],
          "polyfit8":[
            1.6639621811496181,
            -0.043013606131418344,
            0.001686236270213986,
            -3.31057937443699e-05,
            3.293480981778819e-07,
            -1.6106947784436954e-09,
            3.084130763142827e-12
          ]
        },
        "binWgt_above_600":{
          "binWgt":0.7339025502949871
        }
      }
    }
  }
}