{
  "2016-preVFP":{
    "resolved":{
      "mjj":{
        "polyfit6":[
          1.6492947169505803,
          -0.051578611112747134,
          0.0020506422744342966,
          -4.0451707202514556e-05,
          4.072697085798531e-07,
          -2.0256373070533658e-09,
          3.953266025385011e-12
        ],
        "polyfit4":[
          1.0364389078492366,
          -0.0013755440826371272,
          4.7562062731543e-06,
          -1.0911763795158566e-08,
          9.187862873559012e-12
        ],
        "binWgt":0.7009253183654504,
        "polyfit5":[
          0.8885684305111569,
          0.0012199996719744611,
          -1.2531997766183335e-05,
          4.371844436728036e-08,
          -7.289732828408197e-11,
          4.709266373043837e-14
        ],
        "polyfit7":[
          3.4706005988929944,
          -0.06171907252525893,
          0.0006214126665295782,
          -3.376067935759535e-06,
          1.0603798860761962e-08,
          -1.9267661384358243e-11,
          1.8778613616864565e-14,
          -7.584330458135177e-18
        ],
        "polyfit8":[
          11.556700967320708,
          -0.28390575570889065,
          0.0032083513415312108,
          -2.004623149941865e-05,
          7.566397741941905e-08,
          -1.7688755050929217e-10,
          2.505536503552251e-13,
          -1.9699284517598412e-16,
          6.596529397988269e-20
        ]
      },
      "mlljj":{}
    },
    "boosted":{
      "mjj":{
        "polyfit4":[
          1.276191328225855,
          -0.0175126492494123,
          0.00029823796749019665,
          -1.9680338408941504e-06,
          4.516023955906623e-09
        ],
        "binWgt":1.0450487581038412,
        "polyfit5":[
          1.1239064301442527,
          -0.0019046673685129637,
          -0.00025677915376444194,
          6.794666137843243e-06,
          -5.812491732767109e-08,
          1.6484702510267549e-10
        ],
        "polyfit6":[
          0.9247015686509368,
          0.02356674523319899,
          -0.001447750815202258,
          3.338305234226604e-05,
          -3.619905692704645e-07,
          1.8741189430795173e-09,
          -3.740720687516654e-12
        ],
        "polyfit7":[
          1.905167802874033,
          -0.12554389715073463,
          0.007169889911143081,
          -0.00021612013660127447,
          3.6033935788667035e-06,
          -3.315434139518066e-08,
          1.5718654984328873e-10,
          -2.9924961601098294e-13
        ],
        "polyfit8":[
          2.149931428819745,
          -0.16825927041812802,
          0.01009927222424754,
          -0.0003206623487869789,
          5.752333807492319e-06,
          -5.947596552130772e-08,
          3.464495346897027e-10,
          -1.0351729244820242e-12,
          1.1924215681914015e-15
        ]
      },
      "mlljj":{}
    }
  }
}