{
  "2018":{
    "boosted":{
      "mjj":{
        "lowmass_10_to_150":{
          "polyfit2":[
            0.8910061826080669,
            0.000942120501068187,
            5.038725624503122e-06
          ],
          "polyfit3":[
            1.03535888290609,
            -0.007052975162390278,
            0.0001300200207979354,
            -5.6530657453223e-07
          ],
          "polyfit4":[
            0.73754113246655,
            0.016625727467260126,
            -0.00046975564553477313,
            5.365148571361842e-06,
            -1.9769991538680458e-08
          ],
          "polyfit5":[
            -0.06089009898883149,
            0.0999855028994017,
            -0.003444196770628883,
            5.223903601777383e-05,
            -3.535220538318237e-07,
            8.743898843307342e-10
          ],
          "polyfit6":[
            -0.13043434343090737,
            0.1089728116243131,
            -0.00386361992689493,
            6.154365052842262e-05,
            -4.590567702333786e-07,
            1.463399708504245e-09,
            -1.2792467228614255e-12
          ],
          "polyfit7":[
            -0.30440861719849327,
            0.13544836853738373,
            -0.00538522802270863,
            0.00010529437995914918,
            -1.1499176077775028e-06,
            7.532158022367293e-09,
            -2.9027064410252365e-11,
            5.138431098841435e-14
          ],
          "polyfit8":[
            -3.135324217751386,
            0.6263977701239655,
            -0.038746675706507853,
            0.001284423431992,
            -2.5167143823924648e-05,
            2.9929360521786585e-07,
            -2.111662250378475e-09,
            8.097852543611801e-12,
            -1.2965272109061044e-14
          ]
        },
        "binWgt_above_150":{
          "binWgt":1.1064501001594842
        }
      }
    },
    "resolved":{
      "mjj":{
        "highmass_150_to_600":{
          "polyfit2":[
            0.9133051535136836,
            -0.00014549288173994126,
            4.488896154757878e-08
          ],
          "polyfit3":[
            0.9237941719415633,
            -0.00025674673689867736,
            4.034936318867889e-07,
            -3.5295947128023245e-10
          ],
          "polyfit4":[
            0.9171723527395931,
            -0.0001644761498294737,
            -4.712122285097193e-08,
            5.629490001011629e-10,
            -6.574129214985843e-13
          ],
          "polyfit5":[
            0.30367286662202375,
            0.010430601641039445,
            -6.944310594467167e-05,
            2.1622897091500035e-07,
            -3.1957387768514786e-10,
            1.8024808631922327e-13
          ],
          "polyfit6":[
            -1.274293878670761,
            0.042903238733291674,
            -0.00033594504220080495,
            1.3332674998593244e-06,
            -2.8457165825648357e-09,
            3.109869480271817e-12,
            -1.3651444462780388e-15
          ],
          "polyfit7":[
            0.026667248280847117,
            0.011801531358287373,
            -2.8886446389504293e-05,
            -2.900242288400195e-07,
            2.1220144436011905e-09,
            -5.7041560843357845e-12,
            7.0460103700280884e-15,
            -3.3374994018435918e-18
          ],
          "polyfit8":[
            -0.7052494946638924,
            0.031715173896818834,
            -0.0002584125326340588,
            1.1740627486332606e-06,
            -3.5345782525039405e-09,
            7.864924866220826e-12,
            -1.2716236310600723e-14,
            1.2663975255305556e-17,
            -5.523895197071768e-21
          ]
        },
        "lowmass_10_to_150":{
          "polyfit2":[
            0.9443308505907109,
            0.03886528672418249,
            -0.0018441271614149865,
            3.598203900330976e-05,
            -3.5350590002376155e-07,
            1.7220823688053716e-09,
            -3.3045610195795662e-12
          ],
          "polyfit3":[
            0.9443308505907109,
            0.03886528672418249,
            -0.0018441271614149865,
            3.598203900330976e-05,
            -3.5350590002376155e-07,
            1.7220823688053716e-09,
            -3.3045610195795662e-12
          ],
          "polyfit4":[
            0.9443308505907109,
            0.03886528672418249,
            -0.0018441271614149865,
            3.598203900330976e-05,
            -3.5350590002376155e-07,
            1.7220823688053716e-09,
            -3.3045610195795662e-12
          ],
          "polyfit5":[
            0.9443308505907109,
            0.03886528672418249,
            -0.0018441271614149865,
            3.598203900330976e-05,
            -3.5350590002376155e-07,
            1.7220823688053716e-09,
            -3.3045610195795662e-12
          ],
          "polyfit6":[
            0.9443308505907109,
            0.03886528672418249,
            -0.0018441271614149865,
            3.598203900330976e-05,
            -3.5350590002376155e-07,
            1.7220823688053716e-09,
            -3.3045610195795662e-12
          ],
          "polyfit7":[
            0.9443308505907109,
            0.03886528672418249,
            -0.0018441271614149865,
            3.598203900330976e-05,
            -3.5350590002376155e-07,
            1.7220823688053716e-09,
            -3.3045610195795662e-12
          ],
          "polyfit8":[
            0.9443308505907109,
            0.03886528672418249,
            -0.0018441271614149865,
            3.598203900330976e-05,
            -3.5350590002376155e-07,
            1.7220823688053716e-09,
            -3.3045610195795662e-12
          ]
        },
        "binWgt_above_600":{
          "binWgt":0.8299158957328296
        }
      }
    }
  }
}