{
  "2017":{
    "boosted":{
      "mjj":{
        "lowmass_10_to_150":{
          "polyfit2":[
            0.8756027076491143,
            0.0038117093438875217,
            -1.3071248452976545e-05
          ],
          "polyfit3":[
            0.9791109289984663,
            -0.0021616880409307433,
            8.287338025466363e-05,
            -4.406252507022948e-07
          ],
          "polyfit4":[
            0.5944403526061208,
            0.029417251872167698,
            -0.0007379626675882326,
            7.830848690931698e-06,
            -2.7926638441694925e-08
          ],
          "polyfit5":[
            -0.016945307586449087,
            0.09468586639962762,
            -0.003121569613918116,
            4.6201350236761095e-05,
            -3.062761423828819e-07,
            7.409500257359849e-10
          ],
          "polyfit6":[
            0.004348520569570562,
            0.09189910557734621,
            -0.0029896168145319346,
            4.3235200963908995e-05,
            -2.722557242690928e-07,
            5.492880305317081e-10,
            4.1961372043293267e-13
          ],
          "polyfit7":[
            -0.5387148245851582,
            0.1756154655949211,
            -0.007869264948065568,
            0.00018530735544962338,
            -2.538465169380253e-06,
            2.0608798358677562e-08,
            -9.179812338770396e-11,
            1.7140692327520931e-13
          ],
          "polyfit8":[
            1.0452277582205278,
            -0.10201430854078766,
            0.011209394769981933,
            -0.0004959200319192157,
            1.1457601556069711e-05,
            -1.5061061826810045e-07,
            1.1370906411070932e-09,
            -4.595988845279533e-12,
            7.70404712592237e-15
          ]
        },
        "binWgt_above_150":{
          "binWgt":1.469908511956042
        }
      }
    },
    "resolved":{
      "mjj":{
        "highmass_150_to_600":{
          "polyfit2":[
            0.936987370280123,
            -2.1720222119230976e-05,
            -2.7459478465401305e-07
          ],
          "polyfit3":[
            0.9155423140055142,
            0.00020695293432398623,
            -1.0147525198143928e-06,
            7.315118733389267e-10
          ],
          "polyfit4":[
            1.1367531774657846,
            -0.0028913797634788833,
            1.4195487213694946e-05,
            -3.034333245050157e-08,
            2.2413690639673768e-11
          ],
          "polyfit5":[
            1.3422643658366835,
            -0.0064575775052315675,
            3.766731048794436e-05,
            -1.036370398566525e-07,
            1.3130547750377786e-10,
            -6.182677456170751e-14
          ],
          "polyfit6":[
            0.7268364050386519,
            0.0062484815589748215,
            -6.692304306335106e-05,
            3.359098165227007e-07,
            -8.650172301818752e-10,
            1.0960093437730416e-12,
            -5.405401333113108e-16
          ],
          "polyfit7":[
            -4.283247393782691,
            0.12621647370243044,
            -0.0012531928657780148,
            6.616856461331313e-06,
            -2.0115811860228188e-08,
            3.530412407239594e-11,
            -3.323519651029459e-14,
            1.2992934554569472e-17
          ],
          "polyfit8":[
            9.626587380263727,
            -0.25313448604231104,
            0.0031299466289222092,
            -2.1411662644814947e-05,
            8.844435579582696e-08,
            -2.2575470585445906e-10,
            3.478987795672877e-13,
            -2.9634233884876176e-16,
            1.0703192540350737e-19
          ]
        },
        "lowmass_10_to_150":{
          "polyfit2":[
            -0.014596996506877881,
            0.15280376940806376,
            -0.007030727223796883,
            0.00015942473753707183,
            -2.010888700446376e-06,
            1.4352769147758431e-08,
            -5.4299746410470586e-11,
            8.475397861187127e-14
          ],
          "polyfit3":[
            -0.014596996506877881,
            0.15280376940806376,
            -0.007030727223796883,
            0.00015942473753707183,
            -2.010888700446376e-06,
            1.4352769147758431e-08,
            -5.4299746410470586e-11,
            8.475397861187127e-14
          ],
          "polyfit4":[
            -0.014596996506877881,
            0.15280376940806376,
            -0.007030727223796883,
            0.00015942473753707183,
            -2.010888700446376e-06,
            1.4352769147758431e-08,
            -5.4299746410470586e-11,
            8.475397861187127e-14
          ],
          "polyfit5":[
            -0.014596996506877881,
            0.15280376940806376,
            -0.007030727223796883,
            0.00015942473753707183,
            -2.010888700446376e-06,
            1.4352769147758431e-08,
            -5.4299746410470586e-11,
            8.475397861187127e-14
          ],
          "polyfit6":[
            -0.014596996506877881,
            0.15280376940806376,
            -0.007030727223796883,
            0.00015942473753707183,
            -2.010888700446376e-06,
            1.4352769147758431e-08,
            -5.4299746410470586e-11,
            8.475397861187127e-14
          ],
          "polyfit7":[
            -0.014596996506877881,
            0.15280376940806376,
            -0.007030727223796883,
            0.00015942473753707183,
            -2.010888700446376e-06,
            1.4352769147758431e-08,
            -5.4299746410470586e-11,
            8.475397861187127e-14
          ],
          "polyfit8":[
            -0.014596996506877881,
            0.15280376940806376,
            -0.007030727223796883,
            0.00015942473753707183,
            -2.010888700446376e-06,
            1.4352769147758431e-08,
            -5.4299746410470586e-11,
            8.475397861187127e-14
          ]
        },
        "binWgt_above_600":{
          "binWgt":0.8415568611674213
        }
      }
    }
  }
}