{
  "2016-preVFP":{
    "boosted":{
      "mjj":{
        "lowmass_10_to_150":{
          "polyfit2":[
            1.0386325098509956,
            -0.003420674789268755,
            2.4880799530398152e-05
          ],
          "polyfit3":[
            1.1763717970140717,
            -0.011105644549150855,
            0.0001460434997052619,
            -5.549216849305767e-07
          ],
          "polyfit4":[
            1.2583384848625683,
            -0.017550435241601506,
            0.0003090137058707585,
            -2.1651372595463638e-06,
            5.3674746774058016e-09
          ],
          "polyfit5":[
            1.0972876896047352,
            -0.0010166670099471182,
            -0.00027958352127481446,
            7.135131630042934e-06,
            -6.115865910183859e-08,
            1.751713794315769e-10
          ],
          "polyfit6":[
            0.8545526172267112,
            0.030044002286845537,
            -0.0017323991975557054,
            3.957454740193404e-05,
            -4.319339830497437e-07,
            2.261070015856402e-09,
            -4.5656557932264706e-12
          ],
          "polyfit7":[
            1.8919554561160472,
            -0.12787941316706936,
            0.0074015944495334106,
            -0.00022504514111674508,
            3.775877466131785e-06,
            -3.4924866613986596e-08,
            1.6633559775546067e-10,
            -3.1789611016796224e-13
          ],
          "polyfit8":[
            2.0799939416853865,
            -0.16071338225969228,
            0.009654566269357442,
            -0.0003054955909806984,
            5.4306657220648195e-06,
            -5.5208200844159135e-08,
            3.122929421228069e-10,
            -8.858921602800331e-13,
            9.210981640779189e-16
          ]
        },
        "binWgt_above_150":{
          "binWgt":1.0251540930992082
        }
      }
    },
    "resolved":{
      "mjj":{
        "highmass_150_to_600":{
          "polyfit2":[
            0.9859054474902627,
            -0.0006280376093950041,
            3.0133742077975273e-07
          ],
          "polyfit3":[
            0.9426398283244447,
            -0.0001565810242254838,
            -1.262030389275621e-06,
            1.5791048692062865e-09
          ],
          "polyfit4":[
            0.9985613912862713,
            -0.0009519549431576497,
            2.7055587719050717e-06,
            -6.651679985068133e-09,
            6.019360629279902e-12
          ],
          "polyfit5":[
            0.8202428275605679,
            0.002177764152703339,
            -1.813809921546827e-05,
            5.9203196860438594e-08,
            -9.291203891120449e-11,
            5.674417371221738e-14
          ],
          "polyfit6":[
            0.7305703698272388,
            0.004047792412476243,
            -3.369714161938765e-05,
            1.2532225588342091e-07,
            -2.444658346179121e-10,
            2.347917347186458e-13,
            -8.398845234993927e-17
          ],
          "polyfit7":[
            4.15714602813013,
            -0.07878552875361934,
            0.0007934344946254483,
            -4.2974004830003844e-06,
            1.344237587964673e-08,
            -2.431283262511524e-11,
            2.3584477317230484e-14,
            -9.483724597650237e-18
          ],
          "polyfit8":[
            11.46892576868242,
            -0.27970089186360503,
            0.003132764970880373,
            -1.9372292136604167e-05,
            7.227744654538746e-08,
            -1.668524635055863e-10,
            2.3318426268701386e-13,
            -1.8076837527537608e-16,
            5.965184906691662e-20
          ]
        },
        "lowmass_10_to_150":{
          "polyfit2":[
            1.6264947008216086,
            -0.049977946251070667,
            0.0019861539672098496,
            -3.9213813064465526e-05,
            3.949499670052868e-07,
            -1.963835548759363e-09,
            3.8294746766445685e-12
          ],
          "polyfit3":[
            1.6264947008216086,
            -0.049977946251070667,
            0.0019861539672098496,
            -3.9213813064465526e-05,
            3.949499670052868e-07,
            -1.963835548759363e-09,
            3.8294746766445685e-12
          ],
          "polyfit4":[
            1.6264947008216086,
            -0.049977946251070667,
            0.0019861539672098496,
            -3.9213813064465526e-05,
            3.949499670052868e-07,
            -1.963835548759363e-09,
            3.8294746766445685e-12
          ],
          "polyfit5":[
            1.6264947008216086,
            -0.049977946251070667,
            0.0019861539672098496,
            -3.9213813064465526e-05,
            3.949499670052868e-07,
            -1.963835548759363e-09,
            3.8294746766445685e-12
          ],
          "polyfit6":[
            1.6264947008216086,
            -0.049977946251070667,
            0.0019861539672098496,
            -3.9213813064465526e-05,
            3.949499670052868e-07,
            -1.963835548759363e-09,
            3.8294746766445685e-12
          ],
          "polyfit7":[
            1.6264947008216086,
            -0.049977946251070667,
            0.0019861539672098496,
            -3.9213813064465526e-05,
            3.949499670052868e-07,
            -1.963835548759363e-09,
            3.8294746766445685e-12
          ],
          "polyfit8":[
            1.6264947008216086,
            -0.049977946251070667,
            0.0019861539672098496,
            -3.9213813064465526e-05,
            3.949499670052868e-07,
            -1.963835548759363e-09,
            3.8294746766445685e-12
          ]
        },
        "binWgt_above_600":{
          "binWgt":0.6980288336753723
        }
      }
    }
  }
}