{
  "2016-preVFP":{
    "boosted":{
      "mjj":{
        "lowmass_10_to_150":{
          "polyfit2":[
            1.072121503069634,
            -0.0033392612591777154,
            2.7355443715430854e-05
          ],
          "polyfit3":[
            1.217796023631186,
            -0.011509469172613758,
            0.00015722312401829708,
            -6.002727606832195e-07
          ],
          "polyfit4":[
            1.429168488423389,
            -0.028134376913149583,
            0.0005782859828605383,
            -4.775383457460352e-06,
            1.398962820943058e-08
          ],
          "polyfit5":[
            1.1676527099525673,
            -0.0011483264793993588,
            -0.00038817051658817596,
            1.0598479444858712e-05,
            -9.674078863571642e-08,
            2.935551935409828e-10
          ],
          "polyfit6":[
            0.6931904533925788,
            0.059617462509831846,
            -0.0032313616065629954,
            7.411240789836902e-05,
            -8.233997941346746e-07,
            4.388098473504702e-09,
            -8.981674981164839e-12
          ],
          "polyfit7":[
            1.4839115426858427,
            -0.06061733663312427,
            0.003714443445921748,
            -0.00012696266057743316,
            2.3732584667947207e-06,
            -2.386661309316461e-08,
            1.209289188632971e-10,
            -2.41800862594215e-13
          ],
          "polyfit8":[
            2.312181838247865,
            -0.20512241550473828,
            0.013621080521955256,
            -0.00048044037867853845,
            9.639131793171935e-06,
            -1.128744120348581e-07,
            7.610682234511329e-10,
            -2.7315807533061755e-12,
            4.035462645595504e-15
          ]
        },
        "binWgt_above_150":{
          "binWgt":1.0996813861959376
        }
      }
    },
    "resolved":{
      "mjj":{
        "highmass_150_to_600":{
          "polyfit2":[
            1.0337289478513978,
            -0.0004776140305120041,
            3.1429549316058015e-07
          ],
          "polyfit3":[
            1.063736535197839,
            -0.0008021347240969622,
            1.3819006082603292e-06,
            -1.0699263589133816e-09
          ],
          "polyfit4":[
            1.096984062508656,
            -0.0012722185879865569,
            3.712105622483969e-06,
            -5.873260946313685e-09,
            3.491168915105354e-12
          ],
          "polyfit5":[
            0.7257619059818631,
            0.005211508738679909,
            -3.924439387091307e-05,
            1.291156808198946e-07,
            -1.9819615124095387e-10,
            1.150612806937221e-13
          ],
          "polyfit6":[
            0.6481814930393124,
            0.006823086027980907,
            -5.2598287680135356e-05,
            1.856256334243666e-07,
            -3.27176046634711e-10,
            2.659496394598577e-13,
            -7.088057737106729e-17
          ],
          "polyfit7":[
            3.7194790649711122,
            -0.06715921611963412,
            0.0006834753738153049,
            -3.7358839815077894e-06,
            1.1764930682646865e-08,
            -2.13452991970863e-11,
            2.0695457869576216e-14,
            -8.293557238056774e-18
          ],
          "polyfit8":[
            -9.345377688492096,
            0.2907978199558057,
            -0.003472057719549164,
            2.2963622788723357e-05,
            -9.213335041257827e-08,
            2.2964103317995626e-10,
            -3.473273696217912e-13,
            2.916259055324284e-16,
            -1.0417147052423978e-19
          ]
        },
        "lowmass_10_to_150":{
          "polyfit2":[
            1.708380428958918,
            -0.04933952060297701,
            0.001868246192817485,
            -3.5911641785981126e-05,
            3.5561508421172416e-07,
            -1.7462686657194945e-09,
            3.372170556816375e-12
          ],
          "polyfit3":[
            1.708380428958918,
            -0.04933952060297701,
            0.001868246192817485,
            -3.5911641785981126e-05,
            3.5561508421172416e-07,
            -1.7462686657194945e-09,
            3.372170556816375e-12
          ],
          "polyfit4":[
            1.708380428958918,
            -0.04933952060297701,
            0.001868246192817485,
            -3.5911641785981126e-05,
            3.5561508421172416e-07,
            -1.7462686657194945e-09,
            3.372170556816375e-12
          ],
          "polyfit5":[
            1.708380428958918,
            -0.04933952060297701,
            0.001868246192817485,
            -3.5911641785981126e-05,
            3.5561508421172416e-07,
            -1.7462686657194945e-09,
            3.372170556816375e-12
          ],
          "polyfit6":[
            1.708380428958918,
            -0.04933952060297701,
            0.001868246192817485,
            -3.5911641785981126e-05,
            3.5561508421172416e-07,
            -1.7462686657194945e-09,
            3.372170556816375e-12
          ],
          "polyfit7":[
            1.708380428958918,
            -0.04933952060297701,
            0.001868246192817485,
            -3.5911641785981126e-05,
            3.5561508421172416e-07,
            -1.7462686657194945e-09,
            3.372170556816375e-12
          ],
          "polyfit8":[
            1.708380428958918,
            -0.04933952060297701,
            0.001868246192817485,
            -3.5911641785981126e-05,
            3.5561508421172416e-07,
            -1.7462686657194945e-09,
            3.372170556816375e-12
          ]
        },
        "binWgt_above_600":{
          "binWgt":0.8330364051824162
        }
      }
    }
  }
}