{
  "2016":{
    "boosted":{
      "mjj":{
        "lowmass_10_to_150":{
          "polyfit2":[
            1.0305508871374565,
            -0.002237523159122577,
            1.9813111672413075e-05
          ],
          "polyfit3":[
            1.134876893804782,
            -0.008079997613098668,
            0.00011212479801273844,
            -4.237073454668609e-07
          ],
          "polyfit4":[
            1.1709458494484004,
            -0.010924401467653782,
            0.00018413847427748518,
            -1.137136896271908e-06,
            2.387069009470649e-09
          ],
          "polyfit5":[
            0.9093049057316205,
            0.016140947450835122,
            -0.0007844037016480589,
            1.4234848167221596e-05,
            -1.0802973128709114e-07,
            2.9192761324397034e-10
          ],
          "polyfit6":[
            0.535617561599865,
            0.06412123581060039,
            -0.0030279649556479308,
            6.422900158338992e-05,
            -6.780451166543113e-07,
            3.4912233314566642e-09,
            -6.9889442616187836e-12
          ],
          "polyfit7":[
            0.6837175312663357,
            0.04156509933597397,
            -0.0017245007438354508,
            2.6500307038969736e-05,
            -7.834457319723703e-08,
            -1.8090824538994773e-09,
            1.7381273311119098e-11,
            -4.536050613850869e-14
          ],
          "polyfit8":[
            0.44396567981434193,
            0.08337916572641546,
            -0.0045883344263346875,
            0.0001285603398120152,
            -2.1736176750689003e-06,
            2.382946117847473e-08,
            -1.6684118197354031e-10,
            6.706760575150573e-13,
            -1.160040633036366e-15
          ]
        },
        "binWgt_above_150":{
          "binWgt":1.0873252657051642
        }
      }
    },
    "resolved":{
      "mjj":{
        "highmass_150_to_600":{
          "polyfit2":[
            1.0182017891486126,
            -0.00045540552236523384,
            2.664503147573668e-07
          ],
          "polyfit3":[
            0.9951196027042627,
            -0.000206167271071404,
            -5.520429400642105e-07,
            8.190666138029199e-10
          ],
          "polyfit4":[
            0.9915770061432674,
            -0.00015610855466900337,
            -8.000545818436522e-07,
            1.330106674250705e-09,
            -3.7134603566939484e-13
          ],
          "polyfit5":[
            0.9124233014019856,
            0.0012258273598182634,
            -9.95347823637479e-06,
            3.00929881491801e-08,
            -4.335446720238836e-11,
            2.453207235656667e-14
          ],
          "polyfit6":[
            1.0438664401538769,
            -0.0015032549996111782,
            1.2649304183759194e-05,
            -6.551232939256936e-08,
            1.7477198475880792e-10,
            -2.3056766205139463e-13,
            1.1981157840016512e-16
          ],
          "polyfit7":[
            0.2870059865357953,
            0.01672208033060852,
            -0.0001686168620190688,
            8.998553085429697e-07,
            -2.8009124165484173e-09,
            5.085829402416648e-12,
            -4.987143328143129e-15,
            2.0390294914437704e-18
          ],
          "polyfit8":[
            -2.936496377793143,
            0.10498576878534752,
            -0.0011925970568465037,
            7.474505224693194e-06,
            -2.8367927476169024e-08,
            6.680619960529299e-11,
            -9.542917898231342e-14,
            7.569907460696529e-17,
            -2.5569689305149283e-20
          ]
        },
        "lowmass_10_to_150":{
          "polyfit2":[
            1.5204857789677642,
            -0.029004415841088895,
            0.0010895425464790807,
            -2.179995431246378e-05,
            2.237832622554738e-07,
            -1.1326898667528293e-09,
            2.2463969793875135e-12
          ],
          "polyfit3":[
            1.5204857789677642,
            -0.029004415841088895,
            0.0010895425464790807,
            -2.179995431246378e-05,
            2.237832622554738e-07,
            -1.1326898667528293e-09,
            2.2463969793875135e-12
          ],
          "polyfit4":[
            1.5204857789677642,
            -0.029004415841088895,
            0.0010895425464790807,
            -2.179995431246378e-05,
            2.237832622554738e-07,
            -1.1326898667528293e-09,
            2.2463969793875135e-12
          ],
          "polyfit5":[
            1.5204857789677642,
            -0.029004415841088895,
            0.0010895425464790807,
            -2.179995431246378e-05,
            2.237832622554738e-07,
            -1.1326898667528293e-09,
            2.2463969793875135e-12
          ],
          "polyfit6":[
            1.5204857789677642,
            -0.029004415841088895,
            0.0010895425464790807,
            -2.179995431246378e-05,
            2.237832622554738e-07,
            -1.1326898667528293e-09,
            2.2463969793875135e-12
          ],
          "polyfit7":[
            1.5204857789677642,
            -0.029004415841088895,
            0.0010895425464790807,
            -2.179995431246378e-05,
            2.237832622554738e-07,
            -1.1326898667528293e-09,
            2.2463969793875135e-12
          ],
          "polyfit8":[
            1.5204857789677642,
            -0.029004415841088895,
            0.0010895425464790807,
            -2.179995431246378e-05,
            2.237832622554738e-07,
            -1.1326898667528293e-09,
            2.2463969793875135e-12
          ]
        },
        "binWgt_above_600":{
          "binWgt":0.8273605293717173
        }
      }
    }
  }
}