{
  "2016-preVFP":{
    "boosted":{
      "mjj":{
        "lowmass_10_to_150":{
          "polyfit2":[
            1.0416685601328224,
            -0.0034151423535449562,
            2.6846838090259732e-05
          ],
          "polyfit3":[
            1.165778572247607,
            -0.010381159366930138,
            0.0001370630824981347,
            -5.067101887136059e-07
          ],
          "polyfit4":[
            1.3131546709389526,
            -0.02193789045092295,
            0.00042850654939639084,
            -3.3860351374405145e-06,
            9.617558940739632e-09
          ],
          "polyfit5":[
            1.1071532779425795,
            -0.000722534073544115,
            -0.0003300050822658887,
            8.658038044136849e-06,
            -7.697566210417765e-08,
            2.2918229360595354e-10
          ],
          "polyfit6":[
            0.7423730179158943,
            0.045979231748912365,
            -0.0025130117029735603,
            5.7324506901749425e-05,
            -6.322972278065352e-07,
            3.349248055200103e-09,
            -6.824065442459419e-12
          ],
          "polyfit7":[
            1.4379071679458415,
            -0.05972980799675064,
            0.0035896780330243717,
            -0.00011919125762860835,
            2.1715777038778927e-06,
            -2.1416153642145025e-08,
            1.0697621527637202e-10,
            -2.1170678507296782e-13
          ],
          "polyfit8":[
            2.3786963036128483,
            -0.22386964662435846,
            0.014842679154864282,
            -0.0005206808230336207,
            1.0423064599756988e-05,
            -1.224793095647344e-07,
            8.337047691085699e-10,
            -3.0380070731360154e-12,
            4.580798892360503e-15
          ]
        },
        "binWgt_above_150":{
          "binWgt":1.0496446344643369
        }
      }
    },
    "resolved":{
      "mjj":{
        "highmass_150_to_600":{
          "polyfit2":[
            0.9646521311320849,
            -0.0002451527553838771,
            -4.732526239462415e-08
          ],
          "polyfit3":[
            1.0068978083001177,
            -0.0007014258647262262,
            1.4506527314631545e-06,
            -1.4976619687488762e-09
          ],
          "polyfit4":[
            1.1160312508624426,
            -0.002242662884213429,
            9.079033959714885e-06,
            -1.719555484256944e-08,
            1.1390086477250624e-11
          ],
          "polyfit5":[
            1.1015091778670838,
            -0.0019892513140948678,
            7.4018731902327585e-06,
            -1.1931128134165235e-08,
            3.5335509984009575e-12,
            4.477132480186298e-15
          ],
          "polyfit6":[
            1.5685022446332,
            -0.011683678562859033,
            8.7670449881967e-05,
            -3.513149512579289e-07,
            7.77448039187808e-10,
            -9.000563663258463e-13,
            4.2452460703634474e-16
          ],
          "polyfit7":[
            6.322999289038899,
            -0.1261441108298744,
            0.0012256983467776646,
            -6.409650892866135e-06,
            1.9443149426491513e-08,
            -3.42311461191395e-11,
            3.242473231507693e-14,
            -1.2769158280755778e-17
          ],
          "polyfit8":[
            -4.203763120334655,
            0.1620657278837686,
            -0.0021174635127898973,
            1.5051686619478388e-05,
            -6.39945380689019e-08,
            1.671366262644989e-10,
            -2.6255646769310716e-13,
            2.2739313671705157e-16,
            -8.333674302528964e-20
          ]
        },
        "lowmass_10_to_150":{
          "polyfit2":[
            1.571277688492175,
            -0.039110510060956526,
            0.001455215970155698,
            -2.806146972243686e-05,
            2.7974897784763995e-07,
            -1.3843107582356916e-09,
            2.6946517414929767e-12
          ],
          "polyfit3":[
            1.571277688492175,
            -0.039110510060956526,
            0.001455215970155698,
            -2.806146972243686e-05,
            2.7974897784763995e-07,
            -1.3843107582356916e-09,
            2.6946517414929767e-12
          ],
          "polyfit4":[
            1.571277688492175,
            -0.039110510060956526,
            0.001455215970155698,
            -2.806146972243686e-05,
            2.7974897784763995e-07,
            -1.3843107582356916e-09,
            2.6946517414929767e-12
          ],
          "polyfit5":[
            1.571277688492175,
            -0.039110510060956526,
            0.001455215970155698,
            -2.806146972243686e-05,
            2.7974897784763995e-07,
            -1.3843107582356916e-09,
            2.6946517414929767e-12
          ],
          "polyfit6":[
            1.571277688492175,
            -0.039110510060956526,
            0.001455215970155698,
            -2.806146972243686e-05,
            2.7974897784763995e-07,
            -1.3843107582356916e-09,
            2.6946517414929767e-12
          ],
          "polyfit7":[
            1.571277688492175,
            -0.039110510060956526,
            0.001455215970155698,
            -2.806146972243686e-05,
            2.7974897784763995e-07,
            -1.3843107582356916e-09,
            2.6946517414929767e-12
          ],
          "polyfit8":[
            1.571277688492175,
            -0.039110510060956526,
            0.001455215970155698,
            -2.806146972243686e-05,
            2.7974897784763995e-07,
            -1.3843107582356916e-09,
            2.6946517414929767e-12
          ]
        },
        "binWgt_above_600":{
          "binWgt":0.7972028644678945
        }
      }
    }
  }
}