{
  "2016-postVFP":{
    "boosted":{
      "mjj":{
        "lowmass_10_to_150":{
          "polyfit2":[
            1.0079857998109902,
            -0.0005307705641561251,
            6.959205093902737e-06
          ],
          "polyfit3":[
            1.066720154951893,
            -0.0038286675197496964,
            5.915313627445306e-05,
            -2.396510106065563e-07
          ],
          "polyfit4":[
            0.9562277374922393,
            0.005001191571936448,
            -0.00016627829847188708,
            2.006242954261654e-06,
            -7.542932853671273e-09
          ],
          "polyfit5":[
            0.5442026914161356,
            0.048084119626071356,
            -0.001714279114359946,
            2.6605643487306714e-05,
            -1.842544151789252e-07,
            4.67042775737544e-10
          ],
          "polyfit6":[
            0.14581534418069733,
            0.09958210387026849,
            -0.004127323323652805,
            8.039134332550953e-05,
            -7.971293639701657e-07,
            3.903009084256152e-09,
            -7.495211608400677e-12
          ],
          "polyfit7":[
            -0.33584218928410386,
            0.1732519297834298,
            -0.008393889901873768,
            0.00020407518188120664,
            -2.7655759329805315e-06,
            2.132010326814444e-08,
            -8.765590899025463e-11,
            1.493287160637563e-13
          ],
          "polyfit8":[
            -1.9945674264667832,
            0.46252978068506173,
            -0.028185254422771006,
            0.0009083937492632992,
            -1.7204505256491857e-05,
            1.9777457026766846e-07,
            -1.3541976913070657e-09,
            5.068016640905399e-12,
            -7.963757156764965e-15
          ]
        },
        "binWgt_above_150":{
          "binWgt":1.1233125867728153
        }
      }
    },
    "resolved":{
      "mjj":{
        "highmass_150_to_600":{
          "polyfit2":[
            1.081256969262889,
            -0.0009388624657177707,
            7.183841088006294e-07
          ],
          "polyfit3":[
            1.0220278506246987,
            -0.0002934979475847157,
            -1.4222018186278381e-06,
            2.1625845983491324e-09
          ],
          "polyfit4":[
            0.8712024350504588,
            0.0018538087378681177,
            -1.214906596271941e-05,
            2.4453867527523284e-08,
            -1.6330172845402664e-11
          ],
          "polyfit5":[
            0.44138913394339735,
            0.009399432390932282,
            -6.242164360963922e-05,
            1.8336639257609857e-07,
            -2.551957306726008e-10,
            1.370941942359784e-13
          ],
          "polyfit6":[
            1.595851589835904,
            -0.014675649567757713,
            0.00013788705369774344,
            -6.678248803454422e-07,
            1.695667181178611e-09,
            -2.15442887392768e-12,
            1.080703886302689e-15
          ],
          "polyfit7":[
            1.0933380200597198,
            -0.0025281207438432535,
            1.658064061719128e-05,
            -1.910840609849589e-08,
            -3.122646315642205e-10,
            1.4476309176337855e-12,
            -2.3931500170358514e-15,
            1.3922428278716255e-18
          ],
          "polyfit8":[
            -6.665649736436979,
            0.2106639570201441,
            -0.002465631313504519,
            1.5976484510189006e-05,
            -6.274115361722133e-08,
            1.5269487141747218e-10,
            -2.247960637391973e-13,
            1.8313556643322612e-16,
            -6.329148529421598e-20
          ]
        },
        "lowmass_10_to_150":{
          "polyfit2":[
            1.551924009607937,
            -0.02914204466310486,
            0.0011695097860626269,
            -2.411215984776537e-05,
            2.4872507801044907e-07,
            -1.2509232153969683e-09,
            2.4531560001934364e-12
          ],
          "polyfit3":[
            1.551924009607937,
            -0.02914204466310486,
            0.0011695097860626269,
            -2.411215984776537e-05,
            2.4872507801044907e-07,
            -1.2509232153969683e-09,
            2.4531560001934364e-12
          ],
          "polyfit4":[
            1.551924009607937,
            -0.02914204466310486,
            0.0011695097860626269,
            -2.411215984776537e-05,
            2.4872507801044907e-07,
            -1.2509232153969683e-09,
            2.4531560001934364e-12
          ],
          "polyfit5":[
            1.551924009607937,
            -0.02914204466310486,
            0.0011695097860626269,
            -2.411215984776537e-05,
            2.4872507801044907e-07,
            -1.2509232153969683e-09,
            2.4531560001934364e-12
          ],
          "polyfit6":[
            1.551924009607937,
            -0.02914204466310486,
            0.0011695097860626269,
            -2.411215984776537e-05,
            2.4872507801044907e-07,
            -1.2509232153969683e-09,
            2.4531560001934364e-12
          ],
          "polyfit7":[
            1.551924009607937,
            -0.02914204466310486,
            0.0011695097860626269,
            -2.411215984776537e-05,
            2.4872507801044907e-07,
            -1.2509232153969683e-09,
            2.4531560001934364e-12
          ],
          "polyfit8":[
            1.551924009607937,
            -0.02914204466310486,
            0.0011695097860626269,
            -2.411215984776537e-05,
            2.4872507801044907e-07,
            -1.2509232153969683e-09,
            2.4531560001934364e-12
          ]
        },
        "binWgt_above_600":{
          "binWgt":0.7444653463979339
        }
      }
    }
  }
}