{
  "2016-preVFP":{
    "resolved":{
      "mjj":{
        "polyfit6":[
          1.531088956518631,
          -0.045791199453017115,
          0.0018113225909193083,
          -3.604074428490378e-05,
          3.681807753767875e-07,
          -1.8627277103760046e-09,
          3.699634530634303e-12
        ],
        "polyfit4":[
          1.2147590301697992,
          -0.004852891394050203,
          2.264673776097366e-05,
          -4.864054309317867e-08,
          3.72870160106239e-11
        ],
        "binWgt":0.6816513182049915,
        "polyfit5":[
          1.575390163204698,
          -0.011186676175085756,
          6.487069890556898e-05,
          -1.822328220899517e-07,
          2.3834153952587916e-10,
          -1.1556852577062432e-13
        ],
        "polyfit7":[
          8.78936496055873,
          -0.18140124037880728,
          0.0017209505747264456,
          -8.798763652437483e-06,
          2.616349951764232e-08,
          -4.53075978621435e-11,
          4.2355511264884184e-14,
          -1.650502335651199e-17
        ],
        "polyfit8":[
          25.387163259130645,
          -0.6378144802890942,
          0.007039831638474226,
          -4.3110608958999836e-05,
          1.6024651700948242e-07,
          -3.7062774131151213e-10,
          5.215290418132735e-13,
          -4.0881604209532597e-16,
          1.369057061414112e-19
        ]
      },
      "mlljj":{}
    },
    "boosted":{
      "mjj":{
        "polyfit4":[
          1.0459946413049377,
          -0.003878646431261053,
          -4.4149320819035746e-05,
          1.440546294406317e-06,
          -7.090125127025762e-09
        ],
        "binWgt":0.9760394842256457,
        "polyfit5":[
          1.0354571024673833,
          -0.0028039787684239785,
          -8.21499927123113e-05,
          2.036749153390569e-06,
          -1.1324525981389538e-08,
          1.1069257856786128e-11
        ],
        "polyfit6":[
          1.0519693623118482,
          -0.004911263243285296,
          1.6239861574839903e-05,
          -1.564387619873262e-07,
          1.3690274926530894e-08,
          -1.2928247071833216e-10,
          3.0622382498820224e-13
        ],
        "polyfit7":[
          2.190346859805915,
          -0.17820807139802872,
          0.010042088498918631,
          -0.0002905953951740549,
          4.629562633579765e-06,
          -4.0882696709118624e-08,
          1.8736360299112635e-10,
          -3.474108621776937e-13
        ],
        "polyfit8":[
          2.8550201756716374,
          -0.29425104653461664,
          0.018003614851141672,
          -0.0005748118910461255,
          1.04731459112863e-05,
          -1.124707609383293e-07,
          7.021794206982718e-10,
          -2.3494116155399395e-12,
          3.2440816788205312e-15
        ]
      },
      "mlljj":{}
    }
  }
}