{
  "2016-preVFP":{
    "resolved":{
      "mjj":{
        "polyfit6":[
          1.4587437066118483,
          -0.03225723833925996,
          0.00137353291402082,
          -2.8821073595434452e-05,
          2.989702706071813e-07,
          -1.4978698587211491e-09,
          2.900407129155083e-12
        ],
        "polyfit4":[
          0.8038952136425241,
          0.0019492091231501714,
          -1.1639197355127325e-05,
          2.325918523591526e-08,
          -1.55338454300975e-11
        ],
        "binWgt":0.7551731464466449,
        "polyfit5":[
          0.5003988901134061,
          0.007195439596874478,
          -4.5606121813385235e-05,
          1.2632419517388894e-07,
          -1.6266250444824065e-10,
          7.949450783037595e-14
        ],
        "polyfit7":[
          -3.3272059927771553,
          0.09444028689484699,
          -0.0008566812277249112,
          4.117071582985176e-06,
          -1.1412171913674493e-08,
          1.8303765299821655e-11,
          -1.5765602173311543e-14,
          5.638653111338749e-18
        ],
        "polyfit8":[
          -20.949358039844217,
          0.5680942603870623,
          -0.006213219764382292,
          3.741463456166078e-05,
          -1.3596321536089413e-07,
          3.057850426134654e-10,
          -4.1634697196360587e-13,
          3.143608363173749e-16,
          -1.0097106105962667e-19
        ]
      },
      "mlljj":{}
    },
    "boosted":{
      "mjj":{
        "polyfit4":[
          1.285141704069233,
          -0.015995337140907236,
          0.00029754831858436366,
          -2.145477107195071e-06,
          5.457054330964726e-09
        ],
        "binWgt":1.1652017650625477,
        "polyfit5":[
          1.2874243189281274,
          -0.016231749011925832,
          0.00030546347797557667,
          -2.257656756178028e-06,
          6.152043125679536e-09,
          -1.5425599572670038e-12
        ],
        "polyfit6":[
          1.1101763037254018,
          0.008805937887617016,
          -0.0008458853049499182,
          2.1374841945127568e-05,
          -2.3132302893656857e-07,
          1.136251852930806e-09,
          -2.0717592071148018e-12
        ],
        "polyfit7":[
          0.9539097776105675,
          0.03605054387008075,
          -0.0024143704623526057,
          6.341382140483025e-05,
          -8.225158307800903e-07,
          5.616941561457233e-09,
          -1.933968955606455e-11,
          2.6475705827752052e-14
        ],
        "polyfit8":[
          1.0487387856558166,
          0.017765358025776456,
          -0.0012058381706319449,
          2.4616486011537296e-05,
          -1.3377015988502614e-07,
          -1.477701417220205e-09,
          2.2773187869666063e-11,
          -1.0687706063986475e-13,
          1.741412851853564e-16
        ]
      },
      "mlljj":{}
    }
  }
}