{
  "2018":{
    "resolved":{
      "mjj":{
        "polyfit6":[
          1.141161875211929,
          0.015536029277464383,
          -0.000997652309189653,
          2.1727796325210495e-05,
          -2.29490679270451e-07,
          1.1763375314398262e-09,
          -2.3381124930469567e-12
        ],
        "polyfit4":[
          1.0465023747870934,
          -0.0019210137951584188,
          6.258980960239229e-06,
          -9.470813095575875e-09,
          5.380912383985547e-12
        ],
        "binWgt":0.7280618691655567,
        "polyfit5":[
          1.2213961925682553,
          -0.004921035623376559,
          2.5536538152160947e-05,
          -6.754711145779232e-08,
          8.773372969586018e-11,
          -4.4218036443515776e-14
        ],
        "polyfit7":[
          5.588088226753056,
          -0.10977472159033941,
          0.0010575528671297868,
          -5.4645046089049324e-06,
          1.629896861196309e-08,
          -2.8064669353149177e-11,
          2.586687404022674e-14,
          -9.865009427522622e-18
        ],
        "polyfit8":[
          -0.6120147135872281,
          0.056246681818873004,
          -0.0008128477334644512,
          6.118875484322829e-06,
          -2.6873374699309348e-08,
          7.12458629527682e-11,
          -1.1208108652747657e-13,
          9.614643915961082e-17,
          -3.458332844870439e-20
        ]
      },
      "mlljj":{}
    },
    "boosted":{
      "mjj":{
        "polyfit4":[
          0.5016632447416628,
          0.018064095064363603,
          -0.00026843709373159004,
          1.778095604044456e-06,
          -4.225653629499306e-09
        ],
        "binWgt":1.0348817673075659,
        "polyfit5":[
          0.1995149897928831,
          0.05605164122671015,
          -0.0016750506267880988,
          2.3031474256547605e-05,
          -1.421025958157742e-07,
          3.180280985339798e-10
        ],
        "polyfit6":[
          -0.0009343445284543495,
          0.08748550138368476,
          -0.0031979838014459766,
          5.537348212161355e-05,
          -4.756139157732406e-07,
          1.9513694200606157e-09,
          -3.03441407776335e-12
        ],
        "polyfit7":[
          -0.012916304228285148,
          0.08963274654079846,
          -0.0033233743146403693,
          5.876567474939617e-05,
          -5.236398354507015e-07,
          2.317304345845698e-09,
          -4.451541122740048e-12,
          2.183574295261429e-15
        ],
        "polyfit8":[
          -0.2937529336784461,
          0.14394036995988677,
          -0.006917790557240939,
          0.00017424646088348678,
          -2.574590576341969e-06,
          2.3449880015026884e-08,
          -1.299318586693895e-10,
          3.9972005892925453e-13,
          -5.195224858272592e-16
        ]
      },
      "mlljj":{}
    }
  }
}