{
  "2016-preVFP":{
    "boosted":{
      "mjj":{
        "lowmass_10_to_150":{
          "polyfit2":[
            1.0386325098509956,
            -0.003420674789268755,
            2.4880799530398152e-05
          ],
          "polyfit3":[
            1.1763717970140717,
            -0.011105644549150855,
            0.0001460434997052619,
            -5.549216849305767e-07
          ],
          "polyfit4":[
            1.2583384848625683,
            -0.017550435241601506,
            0.0003090137058707585,
            -2.1651372595463638e-06,
            5.3674746774058016e-09
          ],
          "polyfit5":[
            1.0972876896047352,
            -0.0010166670099471182,
            -0.00027958352127481446,
            7.135131630042934e-06,
            -6.115865910183859e-08,
            1.751713794315769e-10
          ],
          "polyfit6":[
            0.8545526172267112,
            0.030044002286845537,
            -0.0017323991975557054,
            3.957454740193404e-05,
            -4.319339830497437e-07,
            2.261070015856402e-09,
            -4.5656557932264706e-12
          ],
          "polyfit7":[
            1.8919554561160472,
            -0.12787941316706936,
            0.0074015944495334106,
            -0.00022504514111674508,
            3.775877466131785e-06,
            -3.4924866613986596e-08,
            1.6633559775546067e-10,
            -3.1789611016796224e-13
          ],
          "polyfit8":[
            2.0799939416853865,
            -0.16071338225969228,
            0.009654566269357442,
            -0.0003054955909806984,
            5.4306657220648195e-06,
            -5.5208200844159135e-08,
            3.122929421228069e-10,
            -8.858921602800331e-13,
            9.210981640779189e-16
          ]
        },
        "binWgt_above_150":{
          "binWgt":1.0251540930992082
        }
      }
    },
    "resolved":{
      "mjj":{
        "highmass_150_to_600":{
          "polyfit2":[
            0.9859054474902589,
            -0.0006280376093949768,
            3.013374207797095e-07
          ],
          "polyfit3":[
            0.9426398283244357,
            -0.00015658102422538888,
            -1.2620303892759262e-06,
            1.5791048692065858e-09
          ],
          "polyfit4":[
            0.9985613912858312,
            -0.000951954943151679,
            2.7055587718767854e-06,
            -6.651679985012432e-09,
            6.01936062924113e-12
          ],
          "polyfit5":[
            0.8202428275572822,
            0.0021777641527667,
            -1.813809921592788e-05,
            5.9203196862002634e-08,
            -9.291203891370579e-11,
            5.6744173713728467e-14
          ],
          "polyfit6":[
            0.7305703696543334,
            0.004047792415994703,
            -3.3697141647858955e-05,
            1.2532225600076526e-07,
            -2.4446583487826925e-10,
            2.347917350144244e-13,
            -8.398845248483521e-17
          ],
          "polyfit7":[
            4.15714257683777,
            -0.07878544556689902,
            0.0007934336665129639,
            -4.297396068975992e-06,
            1.3442362262966156e-08,
            -2.431280827960513e-11,
            2.3584453914854672e-14,
            -9.483715247838485e-18
          ],
          "polyfit8":[
            11.46826744055033,
            -0.2796828958181958,
            0.0031325565622826097,
            -1.937095649669663e-05,
            7.227226247134914e-08,
            -1.6683997259012342e-10,
            2.331659931624087e-13,
            -1.807535224247933e-16,
            5.96467019566593e-20
          ]
        },
        "lowmass_10_to_150":{
          "polyfit2":[
            1.6264947008216086,
            -0.049977946251070667,
            0.0019861539672098496,
            -3.9213813064465526e-05,
            3.949499670052868e-07,
            -1.963835548759363e-09,
            3.8294746766445685e-12
          ],
          "polyfit3":[
            1.6264947008216086,
            -0.049977946251070667,
            0.0019861539672098496,
            -3.9213813064465526e-05,
            3.949499670052868e-07,
            -1.963835548759363e-09,
            3.8294746766445685e-12
          ],
          "polyfit4":[
            1.6264947008216086,
            -0.049977946251070667,
            0.0019861539672098496,
            -3.9213813064465526e-05,
            3.949499670052868e-07,
            -1.963835548759363e-09,
            3.8294746766445685e-12
          ],
          "polyfit5":[
            1.6264947008216086,
            -0.049977946251070667,
            0.0019861539672098496,
            -3.9213813064465526e-05,
            3.949499670052868e-07,
            -1.963835548759363e-09,
            3.8294746766445685e-12
          ],
          "polyfit6":[
            1.6264947008216086,
            -0.049977946251070667,
            0.0019861539672098496,
            -3.9213813064465526e-05,
            3.949499670052868e-07,
            -1.963835548759363e-09,
            3.8294746766445685e-12
          ],
          "polyfit7":[
            1.6264947008216086,
            -0.049977946251070667,
            0.0019861539672098496,
            -3.9213813064465526e-05,
            3.949499670052868e-07,
            -1.963835548759363e-09,
            3.8294746766445685e-12
          ],
          "polyfit8":[
            1.6264947008216086,
            -0.049977946251070667,
            0.0019861539672098496,
            -3.9213813064465526e-05,
            3.949499670052868e-07,
            -1.963835548759363e-09,
            3.8294746766445685e-12
          ]
        },
        "binWgt_above_600":{
          "binWgt":0.6980288336753723
        }
      }
    }
  }
}