{
  "2016-postVFP":{
    "boosted":{
      "mjj":{
        "lowmass_10_to_150":{
          "polyfit2":[
            1.057831295386825,
            -0.0014446603011859537,
            1.6800859826967738e-05
          ],
          "polyfit3":[
            1.0983331183197291,
            -0.003712026472858254,
            5.275170247582536e-05,
            -1.6608049490670328e-07
          ],
          "polyfit4":[
            1.0663306086894273,
            -0.0011754768716205023,
            -1.1864025264088265e-05,
            4.783743212137442e-07,
            -2.171046009817107e-09
          ],
          "polyfit5":[
            0.9055141419420663,
            0.015465836760430672,
            -0.0006067420644120879,
            9.908965095243036e-06,
            -6.98658195245252e-08,
            1.789585602808926e-10
          ],
          "polyfit6":[
            0.5332750476904785,
            0.063356357275851,
            -0.002849508339828641,
            5.997725646507716e-05,
            -6.418738130304863e-07,
            3.3955775985633912e-09,
            -7.038391933440607e-12
          ],
          "polyfit7":[
            -0.04917641845205693,
            0.15231088508401328,
            -0.008005047474365038,
            0.00020971467680304062,
            -3.031109396704605e-06,
            2.4599627674045614e-08,
            -1.049478278411464e-10,
            1.8300756263559136e-13
          ],
          "polyfit8":[
            -2.692422107683133,
            0.6136639122470969,
            -0.039630209303212906,
            0.0013380847019463771,
            -2.6232871718403654e-05,
            3.0906616510558966e-07,
            -2.153705654972199e-09,
            8.166936994769632e-12,
            -1.2971081950123285e-14
          ]
        },
        "binWgt_above_150":{
          "binWgt":1.2378115416130706
        }
      }
    },
    "resolved":{
      "mjj":{
        "highmass_150_to_600":{
          "polyfit2":[
            1.1200390689625184,
            -0.0007630493329280622,
            6.81470423569032e-07
          ],
          "polyfit3":[
            1.0770915051099639,
            -0.00029890408182058385,
            -8.440605913259353e-07,
            1.5278181977567342e-09
          ],
          "polyfit4":[
            0.9576334974769841,
            0.0013924717794941142,
            -9.242134074309888e-06,
            1.887087847469169e-08,
            -1.2627791899611384e-11
          ],
          "polyfit5":[
            0.7568170092333713,
            0.004906666379976265,
            -3.2578279484052355e-05,
            9.240131535954782e-08,
            -1.2282732021294533e-10,
            6.307837918837238e-14
          ],
          "polyfit6":[
            0.30587933929111627,
            0.014283520871545819,
            -0.00011036983833179653,
            4.220533168415732e-07,
            -8.764572805561321e-10,
            9.463667001862027e-13,
            -4.1580533320707545e-16
          ],
          "polyfit7":[
            -8.94134096316896,
            0.23712657328017298,
            -0.0023285172781114948,
            1.224537648986228e-05,
            -3.735433084883849e-08,
            6.618091380158854e-11,
            -6.314374994715307e-14,
            2.5071670145111553e-17
          ],
          "polyfit8":[
            -5.270266436764082,
            0.13654344642173596,
            -0.0011608432296489881,
            4.743040618342853e-06,
            -8.15980922813332e-09,
            -4.344847053579744e-12,
            4.027159637834639e-14,
            -5.921080492174878e-17,
            2.927626777955954e-20
          ]
        },
        "lowmass_10_to_150":{
          "polyfit2":[
            1.4999739694674459,
            -0.01661264887875324,
            0.0005797395560274214,
            -1.1794839387445499e-05,
            1.212970541539453e-07,
            -6.071572620130988e-10,
            1.1844946036433226e-12
          ],
          "polyfit3":[
            1.4999739694674459,
            -0.01661264887875324,
            0.0005797395560274214,
            -1.1794839387445499e-05,
            1.212970541539453e-07,
            -6.071572620130988e-10,
            1.1844946036433226e-12
          ],
          "polyfit4":[
            1.4999739694674459,
            -0.01661264887875324,
            0.0005797395560274214,
            -1.1794839387445499e-05,
            1.212970541539453e-07,
            -6.071572620130988e-10,
            1.1844946036433226e-12
          ],
          "polyfit5":[
            1.4999739694674459,
            -0.01661264887875324,
            0.0005797395560274214,
            -1.1794839387445499e-05,
            1.212970541539453e-07,
            -6.071572620130988e-10,
            1.1844946036433226e-12
          ],
          "polyfit6":[
            1.4999739694674459,
            -0.01661264887875324,
            0.0005797395560274214,
            -1.1794839387445499e-05,
            1.212970541539453e-07,
            -6.071572620130988e-10,
            1.1844946036433226e-12
          ],
          "polyfit7":[
            1.4999739694674459,
            -0.01661264887875324,
            0.0005797395560274214,
            -1.1794839387445499e-05,
            1.212970541539453e-07,
            -6.071572620130988e-10,
            1.1844946036433226e-12
          ],
          "polyfit8":[
            1.4999739694674459,
            -0.01661264887875324,
            0.0005797395560274214,
            -1.1794839387445499e-05,
            1.212970541539453e-07,
            -6.071572620130988e-10,
            1.1844946036433226e-12
          ]
        },
        "binWgt_above_600":{
          "binWgt":0.8668567641615792
        }
      }
    }
  }
}