{
  "2016-postVFP":{
    "boosted":{
      "mjj":{
        "lowmass_10_to_150":{
          "polyfit2":[
            0.9403766046055092,
            0.0002576534873042946,
            1.4609017300033904e-06
          ],
          "polyfit3":[
            1.0339788461447812,
            -0.0050025938871299264,
            8.459646647744722e-05,
            -3.799071005027142e-07
          ],
          "polyfit4":[
            0.8605269882990212,
            0.008931405430059854,
            -0.00027144303080562634,
            3.1609193357787143e-06,
            -1.1851595564605955e-08
          ],
          "polyfit5":[
            0.2496692414746543,
            0.07333827935884252,
            -0.0025958117860045518,
            4.0190948813663115e-05,
            -2.781824004834648e-07,
            7.040742630426981e-10
          ],
          "polyfit6":[
            -0.33627842641011135,
            0.14930931137033177,
            -0.006154871663233908,
            0.00011939555399231252,
            -1.1787340861848906e-06,
            5.740951763543062e-09,
            -1.096209908027439e-11
          ],
          "polyfit7":[
            -0.5618144188881539,
            0.18380773530691874,
            -0.008149795184221525,
            0.0001771026692011019,
            -2.094916421576416e-06,
            1.3826209864839141e-08,
            -4.8072027080908884e-11,
            6.893970688923617e-14
          ],
          "polyfit8":[
            -0.8977309082426882,
            0.2423250054692633,
            -0.012145412500033835,
            0.0003189480442048791,
            -4.9948468234226755e-06,
            4.91606281188977e-08,
            -3.009045164875785e-10,
            1.0476901023589436e-12,
            -1.5795590472997214e-15
          ]
        },
        "binWgt_above_150":{
          "binWgt":1.0134789802269464
        }
      }
    },
    "resolved":{
      "mjj":{
        "highmass_150_to_600":{
          "polyfit2":[
            0.9983663162255153,
            -0.0006124075771170159,
            1.561371615489444e-07
          ],
          "polyfit3":[
            0.7992779610345688,
            0.001555736111970471,
            -7.027511444603185e-06,
            7.252589207022211e-09
          ],
          "polyfit4":[
            0.6556644069257735,
            0.0036020845772005696,
            -1.7260726411561715e-05,
            2.854807835616498e-08,
            -1.5629516432195376e-11
          ],
          "polyfit5":[
            0.14241417396211273,
            0.012609529655405655,
            -7.724909213800323e-05,
            2.1810325686665754e-07,
            -3.00508463387277e-10,
            1.6353280403624796e-13
          ],
          "polyfit6":[
            4.550199660941259,
            -0.07926740532064531,
            0.0006867484474859293,
            -3.0263433302838306e-06,
            7.130603062386853e-09,
            -8.55976320439673e-12,
            4.111796811024259e-15
          ],
          "polyfit7":[
            -0.15241020456417576,
            0.03444121073239244,
            -0.0004490624017531539,
            3.0494114496453285e-06,
            -1.1681174920923984e-08,
            2.519892557412313e-11,
            -2.8458451093029174e-14,
            1.3059341498174795e-17
          ],
          "polyfit8":[
            -11.501422714031754,
            0.34621361026695585,
            -0.004078297637376789,
            2.643185694140327e-05,
            -1.0292476536610212e-07,
            2.4623136866931133e-10,
            -3.534669225489335e-13,
            2.786657805195926e-16,
            -9.251133664582956e-20
          ]
        },
        "lowmass_10_to_150":{
          "polyfit2":[
            1.4373451196894587,
            -0.025653207416599218,
            0.0011434398666075691,
            -2.5524861914023848e-05,
            2.7991421390059693e-07,
            -1.4820562127874806e-09,
            3.039496383730637e-12
          ],
          "polyfit3":[
            1.4373451196894587,
            -0.025653207416599218,
            0.0011434398666075691,
            -2.5524861914023848e-05,
            2.7991421390059693e-07,
            -1.4820562127874806e-09,
            3.039496383730637e-12
          ],
          "polyfit4":[
            1.4373451196894587,
            -0.025653207416599218,
            0.0011434398666075691,
            -2.5524861914023848e-05,
            2.7991421390059693e-07,
            -1.4820562127874806e-09,
            3.039496383730637e-12
          ],
          "polyfit5":[
            1.4373451196894587,
            -0.025653207416599218,
            0.0011434398666075691,
            -2.5524861914023848e-05,
            2.7991421390059693e-07,
            -1.4820562127874806e-09,
            3.039496383730637e-12
          ],
          "polyfit6":[
            1.4373451196894587,
            -0.025653207416599218,
            0.0011434398666075691,
            -2.5524861914023848e-05,
            2.7991421390059693e-07,
            -1.4820562127874806e-09,
            3.039496383730637e-12
          ],
          "polyfit7":[
            1.4373451196894587,
            -0.025653207416599218,
            0.0011434398666075691,
            -2.5524861914023848e-05,
            2.7991421390059693e-07,
            -1.4820562127874806e-09,
            3.039496383730637e-12
          ],
          "polyfit8":[
            1.4373451196894587,
            -0.025653207416599218,
            0.0011434398666075691,
            -2.5524861914023848e-05,
            2.7991421390059693e-07,
            -1.4820562127874806e-09,
            3.039496383730637e-12
          ]
        },
        "binWgt_above_600":{
          "binWgt":0.7155353851636219
        }
      }
    }
  }
}