{
  "2016-postVFP":{
    "resolved":{
      "mjj":{
        "polyfit6":[
          1.4439249768356663,
          -0.025025588231034537,
          0.0011309736231130028,
          -2.5463793018609167e-05,
          2.804887038971655e-07,
          -1.4888323926295784e-09,
          3.058644746848987e-12
        ],
        "polyfit2":[
          1.0151988677428887,
          -0.0006252670109402125,
          1.750366402253313e-07
        ],
        "binWgt":0.7281070844608327,
        "polyfit3":[
          0.8263007955961585,
          0.0014329019807337664,
          -6.6496099348883365e-06,
          6.8950167389196785e-09
        ],
        "polyfit4":[
          0.6898133856296781,
          0.0033776430033336737,
          -1.6374346841050864e-05,
          2.713187356261601e-08,
          -1.4852482969259168e-11
        ],
        "polyfit5":[
          0.03009764393690389,
          0.014952371556633906,
          -9.344594058076561e-05,
          2.7065175474745614e-07,
          -3.8084486190245563e-10,
          2.101146096259222e-13
        ],
        "polyfit7":[
          -0.7558395870062398,
          0.047229987130754124,
          -0.0005546718199978929,
          3.4987092844784646e-06,
          -1.273820088162392e-08,
          2.6556911605430173e-11,
          -2.93144607840141e-14,
          1.324678852727867e-17
        ],
        "polyfit8":[
          -8.248462811183195,
          0.25302066853183464,
          -0.0029497837671412465,
          1.8927691626380987e-05,
          -7.293898144340041e-08,
          1.7237904788137284e-10,
          -2.437235552010779e-13,
          1.8846499351242776e-16,
          -6.102900907368791e-20
        ]
      },
      "mlljj":{}
    },
    "boosted":{
      "mjj":{
        "polyfit2":[
          1.0151988677428887,
          -0.0006252670109402125,
          1.750366402253313e-07
        ],
        "binWgt":1.0331096829132116,
        "polyfit3":[
          0.8263007955961585,
          0.0014329019807337664,
          -6.6496099348883365e-06,
          6.8950167389196785e-09
        ],
        "polyfit4":[
          0.6898133856296781,
          0.0033776430033336737,
          -1.6374346841050864e-05,
          2.713187356261601e-08,
          -1.4852482969259168e-11
        ],
        "polyfit5":[
          0.03009764393690389,
          0.014952371556633906,
          -9.344594058076561e-05,
          2.7065175474745614e-07,
          -3.8084486190245563e-10,
          2.101146096259222e-13
        ],
        "polyfit6":[
          4.013434671785213,
          -0.06809386622676412,
          0.0005973073111718328,
          -2.663711644277331e-06,
          6.342419628038059e-09,
          -7.685030734676255e-12,
          3.722698719876472e-15
        ],
        "polyfit7":[
          -0.7558395870062398,
          0.047229987130754124,
          -0.0005546718199978929,
          3.4987092844784646e-06,
          -1.273820088162392e-08,
          2.6556911605430173e-11,
          -2.93144607840141e-14,
          1.324678852727867e-17
        ],
        "polyfit8":[
          -8.248462811183195,
          0.25302066853183464,
          -0.0029497837671412465,
          1.8927691626380987e-05,
          -7.293898144340041e-08,
          1.7237904788137284e-10,
          -2.437235552010779e-13,
          1.8846499351242776e-16,
          -6.102900907368791e-20
        ]
      },
      "mlljj":{}
    }
  }
}