{
  "2017":{
    "resolved":{
      "mjj":{
        "polyfit7":[
          0.9770890191811966,
          0.03745069631724549,
          -0.0017709216852954436,
          3.583357450510926e-05,
          -3.7830895496003055e-07,
          2.101518580771375e-09,
          -5.508110671538813e-12,
          4.637875922641984e-15
        ],
        "polyfit4":[
          1.127283662316477,
          -0.0022112895011260018,
          7.878066695223557e-06,
          -1.275269395434134e-08,
          7.271808978159355e-12
        ],
        "binWgt":0.8364097626590167,
        "polyfit5":[
          1.330389713392907,
          -0.005691316883603834,
          3.0209782553175795e-05,
          -7.992711990758527e-08,
          1.0238100049689044e-10,
          -5.099897353610621e-14
        ],
        "polyfit6":[
          1.9962253309818758,
          -0.019256529236870316,
          0.00013933003551613112,
          -5.23872010005612e-07,
          1.0680833903765021e-09,
          -1.1196116741249948e-12,
          4.718278978517108e-16
        ],
        "polyfit8":[
          -4.495068757528907,
          0.15994221811030987,
          -0.0019431395085846436,
          1.2777252396084228e-05,
          -5.002089449245173e-08,
          1.1983578958762201e-10,
          -1.7216920228597636e-13,
          1.3607819825935732e-16,
          -4.5445459617160965e-20
        ]
      },
      "mlljj":{}
    },
    "boosted":{
      "mjj":{
        "polyfit4":[
          0.3430521759985707,
          0.03654963577418074,
          -0.000676386555923932,
          5.3076622433285585e-06,
          -1.4040388559242292e-08
        ],
        "binWgt":1.3395498317951708,
        "polyfit5":[
          0.10268154958025538,
          0.06742472908479638,
          -0.0018223459464974674,
          2.2536291591054693e-05,
          -1.2455015737671303e-07,
          2.5003219921892793e-10
        ],
        "polyfit6":[
          -0.18403242337145795,
          0.11270171414050242,
          -0.004012383135504071,
          6.883522064617783e-05,
          -5.991506235338967e-07,
          2.5569215226195177e-09,
          -4.244419043205707e-12
        ],
        "polyfit7":[
          -0.03061554974133991,
          0.0851638362776662,
          -0.002404131893764753,
          2.533178450543484e-05,
          1.6672207795262256e-08,
          -2.1323946824075854e-09,
          1.388680363973113e-11,
          -2.7860232549496112e-14
        ],
        "polyfit8":[
          0.6086012701799522,
          -0.03878694246357405,
          0.0058355386467333435,
          -0.000240879295893755,
          4.775128751494746e-06,
          -5.14947936358871e-08,
          3.0892917975037985e-10,
          -9.6827293781467e-13,
          1.2355000245274852e-15
        ]
      },
      "mlljj":{}
    }
  }
}