{
  "2017":{
    "resolved":{
      "mjj":{
        "polyfit7":[
          0.0011689480578942206,
          0.1522958556609207,
          -0.006990038352434378,
          0.00015833645847094618,
          -1.9971978474656077e-06,
          1.4267182109460357e-08,
          -5.405954082108553e-11,
          8.456041797133337e-14
        ],
        "polyfit2":[
          0.9564142306371606,
          -4.0470342354059114e-05,
          -2.558413369713774e-07
        ],
        "binWgt":0.8556840606700215,
        "polyfit3":[
          0.935262870018404,
          0.00018506112703627767,
          -9.857994907926022e-07,
          7.214053012528354e-10
        ],
        "polyfit4":[
          1.154136077452604,
          -0.002880290339944439,
          1.4061315298421654e-05,
          -3.001800484697527e-08,
          2.2170439768625706e-11
        ],
        "polyfit5":[
          1.350411804471432,
          -0.006286111132425927,
          3.64768530359172e-05,
          -1.0001134407157227e-07,
          1.2615623074848297e-10,
          -5.903979867801896e-14
        ],
        "polyfit6":[
          0.6449350480405528,
          0.008278441302338053,
          -8.3406430356632e-05,
          4.037836270785673e-07,
          -1.015753997832897e-09,
          1.267939620087593e-12,
          -6.194866626438537e-16
        ],
        "polyfit8":[
          8.754716026367326,
          -0.22956109091876992,
          0.0028645407582632404,
          -1.975193149558872e-05,
          8.212741699358688e-08,
          -2.107526873444838e-10,
          3.261651064080221e-13,
          -2.787637912847774e-16,
          1.0094844634654348e-19
        ]
      },
      "mlljj":{}
    },
    "boosted":{
      "mjj":{
        "polyfit2":[
          0.9564142306371606,
          -4.0470342354059114e-05,
          -2.558413369713774e-07
        ],
        "binWgt":1.497912556584746,
        "polyfit3":[
          0.935262870018404,
          0.00018506112703627767,
          -9.857994907926022e-07,
          7.214053012528354e-10
        ],
        "polyfit4":[
          1.154136077452604,
          -0.002880290339944439,
          1.4061315298421654e-05,
          -3.001800484697527e-08,
          2.2170439768625706e-11
        ],
        "polyfit5":[
          1.350411804471432,
          -0.006286111132425927,
          3.64768530359172e-05,
          -1.0001134407157227e-07,
          1.2615623074848297e-10,
          -5.903979867801896e-14
        ],
        "polyfit6":[
          0.6449350480405528,
          0.008278441302338053,
          -8.3406430356632e-05,
          4.037836270785673e-07,
          -1.015753997832897e-09,
          1.267939620087593e-12,
          -6.194866626438537e-16
        ],
        "polyfit7":[
          -4.365949492998691,
          0.12826055502187397,
          -0.0012697674800226037,
          6.684973784751002e-06,
          -2.0266628437527258e-08,
          3.547513688541394e-11,
          -3.3312365979128964e-14,
          1.2991910063667018e-17
        ],
        "polyfit8":[
          8.754716026367326,
          -0.22956109091876992,
          0.0028645407582632404,
          -1.975193149558872e-05,
          8.212741699358688e-08,
          -2.107526873444838e-10,
          3.261651064080221e-13,
          -2.787637912847774e-16,
          1.0094844634654348e-19
        ]
      },
      "mlljj":{}
    }
  }
}