{
  "2018":{
    "resolved":{
      "mjj":{
        "polyfit6":[
          1.296207403326774,
          0.0020761583201960175,
          -0.000465108786008839,
          1.1888676635629075e-05,
          -1.3555816604884693e-07,
          7.258791305592925e-10,
          -1.4802304625125488e-12
        ],
        "polyfit4":[
          0.9189090166160557,
          -2.123929967776299e-05,
          -9.857834525928573e-07,
          1.223530490426827e-09,
          1.1736430680639312e-13
        ],
        "binWgt":0.8022971559320351,
        "polyfit5":[
          0.4789677729332318,
          0.0075941331058176674,
          -5.098319065723716e-05,
          1.5697204437426096e-07,
          -2.3071204312644313e-10,
          1.30720548217144e-13
        ],
        "polyfit7":[
          9.075118241062894,
          -0.20629343817476936,
          0.0021473605028053053,
          -1.1934946765676946e-05,
          3.8220568667201536e-08,
          -7.062596848072482e-11,
          6.98752074318273e-14,
          -2.8623514173028404e-17
        ],
        "polyfit8":[
          12.359395899689037,
          -0.29575451626345245,
          0.003179723155871258,
          -1.8528096626651714e-05,
          6.37247370944523e-08,
          -1.3188004070389445e-10,
          1.5919362845438931e-13,
          -1.0102902744712431e-16,
          2.5023420525494346e-20
        ]
      },
      "mlljj":{}
    },
    "boosted":{
      "mjj":{
        "polyfit4":[
          0.9217609962454314,
          0.01047154019816531,
          -0.0004135215794264896,
          5.449294147989113e-06,
          -2.1250198513115568e-08
        ],
        "binWgt":1.0490298140761967,
        "polyfit5":[
          0.1320061027275041,
          0.09185204458712196,
          -0.0033042188122536327,
          5.101303005414322e-05,
          -3.466148729298999e-07,
          8.560698543663135e-10
        ],
        "polyfit6":[
          0.2747676594686641,
          0.07359967876043566,
          -0.002456325321288931,
          3.22231231695287e-05,
          -1.3326072116825106e-07,
          -3.375908878601642e-10,
          2.6007827389695604e-12
        ],
        "polyfit7":[
          -0.0013513566888856104,
          0.11544295012655893,
          -0.0048585415521390524,
          0.00010132863269523578,
          -1.2259173665527928e-06,
          9.276755331034668e-09,
          -4.1438132569775715e-11,
          8.170339205809934e-14
        ],
        "polyfit8":[
          -1.9038808392757034,
          0.44512034050440963,
          -0.027267619659150633,
          0.0008939712669336939,
          -1.7387217678995988e-05,
          2.0582094459325413e-07,
          -1.4459495930773092e-09,
          5.5138323292622035e-12,
          -8.761057762220373e-15
        ]
      },
      "mlljj":{}
    }
  }
}