{
  "2016":{
    "resolved":{
      "mjj":{
        "polyfit6":[
          1.6853247795352668,
          -0.044604308667888615,
          0.0017579757431945315,
          -3.463435812454662e-05,
          3.459721366972329e-07,
          -1.7001559200374538e-09,
          3.272905453494129e-12
        ],
        "polyfit4":[
          1.010300524893597,
          0.0002263864287200672,
          -5.034848466874144e-06,
          1.1954744290406237e-08,
          -8.904137065889679e-12
        ],
        "binWgt":0.7398678524027769,
        "polyfit5":[
          0.5321235816763431,
          0.008616049005016137,
          -6.088681225844135e-05,
          1.8832434341726125e-07,
          -2.7367172566413254e-10,
          1.5172669342092786e-13
        ],
        "polyfit7":[
          1.5140498224945955,
          -0.01957087144042079,
          0.00026712250010903964,
          -1.820752415252206e-06,
          6.7362390323155584e-09,
          -1.381944308824452e-11,
          1.4776332579563976e-14,
          -6.4205003415916585e-18
        ],
        "polyfit8":[
          -3.109966693235445,
          0.10744578103511025,
          -0.001211214242806885,
          7.701632481759977e-06,
          -3.0409169789595864e-08,
          7.611857515159742e-11,
          -1.1738230954424179e-13,
          1.0149356521215865e-16,
          -3.754896841022679e-20
        ]
      },
      "mlljj":{}
    },
    "boosted":{
      "mjj":{
        "polyfit4":[
          1.2803364320178499,
          -0.014963606242706174,
          0.0002712501569308184,
          -1.947486784404533e-06,
          5.0641569415884345e-09
        ],
        "binWgt":1.1511835242140689,
        "polyfit5":[
          1.119200327398672,
          0.0016257229494768314,
          -0.00032038942892580836,
          7.418619281113279e-06,
          -6.208084643818416e-08,
          1.7725673666643263e-10
        ],
        "polyfit6":[
          0.8748616303988439,
          0.03292072706221224,
          -0.001782864557338889,
          4.00272996767685e-05,
          -4.343053413726251e-07,
          2.269184828207945e-09,
          -4.575730315458084e-12
        ],
        "polyfit7":[
          0.9363661716719389,
          0.02356082658354024,
          -0.0012419244961147061,
          2.4361700428208542e-05,
          -1.8513424342656985e-07,
          6.536397649863559e-11,
          5.5647861892059255e-12,
          -1.888904745290993e-14
        ],
        "polyfit8":[
          0.08126013035107736,
          0.17266549039336235,
          -0.011454546720237596,
          0.00038836676296449905,
          -7.659468677770285e-06,
          9.154177523399339e-08,
          -6.518477519881668e-10,
          2.5367760015218295e-12,
          -4.141043320790922e-15
        ]
      },
      "mlljj":{}
    }
  }
}