{
  "2016":{
    "boosted":{
      "mjj":{
        "lowmass_10_to_150":{
          "polyfit2":[
            0.9626298568319003,
            -0.001466340945776726,
            1.1602928557852557e-05
          ],
          "polyfit3":[
            1.0864077547797937,
            -0.00835990668567428,
            0.00011973210253374066,
            -4.914360043816359e-07
          ],
          "polyfit4":[
            0.9938905178385363,
            -0.0010185878399950963,
            -6.668611218147872e-05,
            1.3526309900038565e-06,
            -6.140387150901114e-09
          ],
          "polyfit5":[
            0.674529209702501,
            0.0320512115461006,
            -0.0012473774460999088,
            2.0013458214187147e-05,
            -1.3950393498385844e-07,
            3.5065729683228545e-10
          ],
          "polyfit6":[
            0.4040670496453402,
            0.06684258388642218,
            -0.0028756029650893102,
            5.630606559220434e-05,
            -5.530789390335333e-07,
            2.6688173727202227e-09,
            -5.054066401055918e-12
          ],
          "polyfit7":[
            0.9082590290119371,
            -0.010158851954287514,
            0.0015827339481042136,
            -7.28737030401047e-05,
            1.5004397014246367e-06,
            -1.5468629732167877e-08,
            7.823791092044332e-11,
            -1.547824070719878e-13
          ],
          "polyfit8":[
            1.2431964713100345,
            -0.06860995071179389,
            0.00558680297411729,
            -0.00021554586557652895,
            4.428273733578641e-06,
            -5.12736947647976e-08,
            3.3532730336759614e-10,
            -1.153237631192634e-12,
            1.616186564855705e-15
          ]
        },
        "binWgt_above_150":{
          "binWgt":0.9751160492709021
        }
      }
    },
    "resolved":{
      "mjj":{
        "highmass_150_to_600":{
          "polyfit2":[
            0.9618810185193362,
            -0.0006387789675432082,
            3.395893521958439e-07
          ],
          "polyfit3":[
            0.8385519445115837,
            0.0007058437117180603,
            -4.122315030216892e-06,
            4.512439186329095e-09
          ],
          "polyfit4":[
            0.9211070097834557,
            -0.0004699653551684531,
            1.7537219993704963e-06,
            -7.706212287114564e-09,
            8.960647642512225e-12
          ],
          "polyfit5":[
            1.0556508166588452,
            -0.002832836039323339,
            1.7503658581217517e-05,
            -5.752529094760899e-08,
            8.391572303001787e-11,
            -4.307329424700179e-14
          ],
          "polyfit6":[
            4.070201692956429,
            -0.06572288465197276,
            0.0005410237837307426,
            -2.2836408728833157e-06,
            5.190361027079801e-09,
            -6.04764285013383e-12,
            2.8354765182341963e-15
          ],
          "polyfit7":[
            4.287264046237919,
            -0.07097447207992683,
            0.0005935127251280085,
            -2.5645962404702578e-06,
            6.06082619882184e-09,
            -7.61079464309967e-12,
            4.344663513974514e-15,
            -6.055715371965924e-19
          ],
          "polyfit8":[
            9.737990944206704,
            -0.22080831117484123,
            0.002338913705281275,
            -1.3818750848744683e-05,
            5.001538506928115e-08,
            -1.1418929076880942e-10,
            1.6121791870484944e-13,
            -1.2894386213243556e-16,
            4.474999160185335e-20
          ]
        },
        "lowmass_10_to_150":{
          "polyfit2":[
            1.4804200879143976,
            -0.03610088832304112,
            0.0014892802572957263,
            -3.0979577686635584e-05,
            3.259601968418531e-07,
            -1.6821543560526658e-09,
            3.38923213309639e-12
          ],
          "polyfit3":[
            1.4804200879143976,
            -0.03610088832304112,
            0.0014892802572957263,
            -3.0979577686635584e-05,
            3.259601968418531e-07,
            -1.6821543560526658e-09,
            3.38923213309639e-12
          ],
          "polyfit4":[
            1.4804200879143976,
            -0.03610088832304112,
            0.0014892802572957263,
            -3.0979577686635584e-05,
            3.259601968418531e-07,
            -1.6821543560526658e-09,
            3.38923213309639e-12
          ],
          "polyfit5":[
            1.4804200879143976,
            -0.03610088832304112,
            0.0014892802572957263,
            -3.0979577686635584e-05,
            3.259601968418531e-07,
            -1.6821543560526658e-09,
            3.38923213309639e-12
          ],
          "polyfit6":[
            1.4804200879143976,
            -0.03610088832304112,
            0.0014892802572957263,
            -3.0979577686635584e-05,
            3.259601968418531e-07,
            -1.6821543560526658e-09,
            3.38923213309639e-12
          ],
          "polyfit7":[
            1.4804200879143976,
            -0.03610088832304112,
            0.0014892802572957263,
            -3.0979577686635584e-05,
            3.259601968418531e-07,
            -1.6821543560526658e-09,
            3.38923213309639e-12
          ],
          "polyfit8":[
            1.4804200879143976,
            -0.03610088832304112,
            0.0014892802572957263,
            -3.0979577686635584e-05,
            3.259601968418531e-07,
            -1.6821543560526658e-09,
            3.38923213309639e-12
          ]
        },
        "binWgt_above_600":{
          "binWgt":0.6975689652786785
        }
      }
    }
  }
}