{
  "2016-postVFP":{
    "resolved":{
      "mjj":{
        "polyfit6":[
          1.5727144091475747,
          -0.03007753718191647,
          0.0012157421455298318,
          -2.5123619553040096e-05,
          2.5970625052424483e-07,
          -1.3089734368313537e-09,
          2.5725599940344535e-12
        ],
        "polyfit2":[
          1.0968793388695346,
          -0.0009445882478520849,
          7.270143118254839e-07
        ],
        "binWgt":0.7585375006980554,
        "polyfit3":[
          1.0452663796772645,
          -0.00038209315165488084,
          -1.1393217285729647e-06,
          1.8860493994166395e-09
        ],
        "polyfit4":[
          0.898781817994706,
          0.0017033805883095337,
          -1.1557120639585322e-05,
          2.353478522355877e-08,
          -1.5859320737732186e-11
        ],
        "polyfit5":[
          0.40693014387670157,
          0.01033714547956592,
          -6.907489279769474e-05,
          2.0534419787524895e-07,
          -2.8914392807770844e-10,
          1.56853422760819e-13
        ],
        "polyfit7":[
          0.9903627405650425,
          -0.0003539361546038187,
          1.9714823807512476e-06,
          2.1355687016497435e-08,
          -3.288067481116329e-10,
          1.304616596830811e-12,
          -2.1134968549757286e-15,
          1.2332145147405765e-18
        ],
        "polyfit8":[
          -5.862546559030482,
          0.1879271014905638,
          -0.002190047957380381,
          1.4146135885641633e-05,
          -5.545388196731513e-08,
          1.3485323131331194e-10,
          -1.984883987821393e-13,
          1.617061308688963e-16,
          -5.588426134916774e-20
        ]
      },
      "mlljj":{}
    },
    "boosted":{
      "mjj":{
        "polyfit2":[
          1.0968793388695346,
          -0.0009445882478520849,
          7.270143118254839e-07
        ],
        "binWgt":1.1484942893894092,
        "polyfit3":[
          1.0452663796772645,
          -0.00038209315165488084,
          -1.1393217285729647e-06,
          1.8860493994166395e-09
        ],
        "polyfit4":[
          0.898781817994706,
          0.0017033805883095337,
          -1.1557120639585322e-05,
          2.353478522355877e-08,
          -1.5859320737732186e-11
        ],
        "polyfit5":[
          0.40693014387670157,
          0.01033714547956592,
          -6.907489279769474e-05,
          2.0534419787524895e-07,
          -2.8914392807770844e-10,
          1.56853422760819e-13
        ],
        "polyfit6":[
          1.4354512894016198,
          -0.011113427970614482,
          0.00010941810060818417,
          -5.532483501492309e-07,
          1.4497456810583847e-09,
          -1.8859777427674065e-12,
          9.635503461007434e-16
        ],
        "polyfit7":[
          0.9903627405650425,
          -0.0003539361546038187,
          1.9714823807512476e-06,
          2.1355687016497435e-08,
          -3.288067481116329e-10,
          1.304616596830811e-12,
          -2.1134968549757286e-15,
          1.2332145147405765e-18
        ],
        "polyfit8":[
          -5.862546559030482,
          0.1879271014905638,
          -0.002190047957380381,
          1.4146135885641633e-05,
          -5.545388196731513e-08,
          1.3485323131331194e-10,
          -1.984883987821393e-13,
          1.617061308688963e-16,
          -5.588426134916774e-20
        ]
      },
      "mlljj":{}
    }
  }
}