{
  "2016":{
    "resolved":{
      "mjj":{
        "polyfit6":[
          1.4636942662450465,
          -0.03289255478216901,
          0.0013692337280684635,
          -2.8732533384105698e-05,
          3.034260903664169e-07,
          -1.5667504931199926e-09,
          3.1532493041305144e-12
        ],
        "polyfit2":[
          0.980294788239787,
          -0.0006523473575903077,
          3.543453014817989e-07
        ],
        "binWgt":0.7105525365856166,
        "polyfit3":[
          0.8565795753801534,
          0.0006965498748557065,
          -4.124051424653484e-06,
          4.531596741133574e-09
        ],
        "polyfit4":[
          0.907718050368531,
          -3.190071278749115e-05,
          -4.822434444203413e-07,
          -3.0446304003338557e-09,
          5.558500092483711e-12
        ],
        "polyfit5":[
          0.8658242170010734,
          0.000704078976743967,
          -5.3903076631810205e-06,
          1.2488594988176183e-08,
          -1.7824652980076716e-11,
          1.3444139442153948e-14
        ],
        "polyfit7":[
          3.699610291835662,
          -0.05904652804874843,
          0.0004995910692414206,
          -2.1842580261552565e-06,
          5.212867558282535e-09,
          -6.59146929998499e-12,
          3.7652536287676205e-15,
          -5.06635962717126e-19
        ],
        "polyfit8":[
          12.725957672541602,
          -0.3072181928237686,
          0.0033912022364550945,
          -2.0834049237911346e-05,
          7.807313910892162e-08,
          -1.833119103880231e-10,
          2.639590365468948e-13,
          -2.1343445503897677e-16,
          7.426641631238956e-20
        ]
      },
      "mlljj":{}
    },
    "boosted":{
      "mjj":{
        "polyfit2":[
          0.980294788239787,
          -0.0006523473575903077,
          3.543453014817989e-07
        ],
        "binWgt":0.9996594889209827,
        "polyfit3":[
          0.8565795753801534,
          0.0006965498748557065,
          -4.124051424653484e-06,
          4.531596741133574e-09
        ],
        "polyfit4":[
          0.907718050368531,
          -3.190071278749115e-05,
          -4.822434444203413e-07,
          -3.0446304003338557e-09,
          5.558500092483711e-12
        ],
        "polyfit5":[
          0.8658242170010734,
          0.000704078976743967,
          -5.3903076631810205e-06,
          1.2488594988176183e-08,
          -1.7824652980076716e-11,
          1.3444139442153948e-14
        ],
        "polyfit6":[
          3.5183342618483415,
          -0.05465971498610864,
          0.00045573384922984757,
          -1.9494405660840167e-06,
          4.485149296204778e-09,
          -5.284315058935352e-12,
          2.5029167638400532e-15
        ],
        "polyfit7":[
          3.699610291835662,
          -0.05904652804874843,
          0.0004995910692414206,
          -2.1842580261552565e-06,
          5.212867558282535e-09,
          -6.59146929998499e-12,
          3.7652536287676205e-15,
          -5.06635962717126e-19
        ],
        "polyfit8":[
          12.725957672541602,
          -0.3072181928237686,
          0.0033912022364550945,
          -2.0834049237911346e-05,
          7.807313910892162e-08,
          -1.833119103880231e-10,
          2.639590365468948e-13,
          -2.1343445503897677e-16,
          7.426641631238956e-20
        ]
      },
      "mlljj":{}
    }
  }
}