{
  "2016-preVFP":{
    "boosted":{
      "mjj":{
        "lowmass_10_to_150":{
          "polyfit2":[
            0.9783403870029704,
            -0.002910306447432405,
            1.9922278072678836e-05
          ],
          "polyfit3":[
            1.1142013486775189,
            -0.010432139027645213,
            0.00013725391977023165,
            -5.309933638343183e-07
          ],
          "polyfit4":[
            1.0545278738279857,
            -0.00574472191185189,
            1.8932453645847366e-05,
            6.339284113604516e-07,
            -3.8621987706400826e-09
          ],
          "polyfit5":[
            0.9798762139363216,
            0.0018789159689040034,
            -0.0002509717795308781,
            4.873781577923631e-06,
            -3.4017909923690476e-08,
            7.896630766531266e-11
          ],
          "polyfit6":[
            0.9768476386930757,
            0.0022655458216538477,
            -0.00026902494704292106,
            5.276194288493564e-06,
            -3.860779933135248e-08,
            1.047227334076905e-10,
            -5.62132383576962e-14
          ],
          "polyfit7":[
            2.1537090760253306,
            -0.17709879491581643,
            0.010119598615167287,
            -0.00029600991624947274,
            4.7549768364375125e-06,
            -4.226408225221254e-08,
            1.9462492783377555e-10,
            -3.6194932342957105e-13
          ],
          "polyfit8":[
            2.8562743874295413,
            -0.2998126718977846,
            0.01854327597604234,
            -0.000596920133365826,
            1.094668673307579e-05,
            -1.1818865542995245e-07,
            7.412239657119971e-10,
            -2.4901494206648986e-12,
            3.453135663252149e-15
          ]
        },
        "binWgt_above_150":{
          "binWgt":0.9389701929864566
        }
      }
    },
    "resolved":{
      "mjj":{
        "highmass_150_to_600":{
          "polyfit2":[
            0.9218980911531435,
            -0.0005982878271033714,
            3.584353941560037e-07
          ],
          "polyfit3":[
            0.8670333008453724,
            3.658273416776625e-07,
            -1.6303696266468018e-06,
            2.01386881093961e-09
          ],
          "polyfit4":[
            1.2343424517917545,
            -0.005227477849193049,
            2.44712054994465e-05,
            -5.220516867742379e-08,
            3.97225140395444e-11
          ],
          "polyfit5":[
            1.712221528910944,
            -0.0136218602849092,
            8.044231572636152e-05,
            -2.2932636466299476e-07,
            3.0634061108352774e-10,
            -1.5328603979058437e-13
          ],
          "polyfit6":[
            3.5652499614740765,
            -0.05230309468453095,
            0.00040268610584839263,
            -1.6008764605584337e-06,
            3.4560360887191763e-09,
            -3.861627761381813e-12,
            1.7535445185400576e-15
          ],
          "polyfit7":[
            9.224993618137555,
            -0.18929410224793458,
            0.0017725199256453151,
            -8.93662557792705e-06,
            2.6195158985400585e-08,
            -4.4716901677207445e-11,
            4.1219946827312047e-14,
            -1.5845420203849177e-17
          ],
          "polyfit8":[
            24.139485208060457,
            -0.599453093726515,
            0.00655280568003556,
            -3.977702630390226e-05,
            1.4672478490405224e-07,
            -3.3718305185658983e-10,
            4.720454042192187e-13,
            -3.6860685767192337e-16,
            1.2311518585726955e-19
          ]
        },
        "lowmass_10_to_150":{
          "polyfit2":[
            1.5169026487491764,
            -0.044999806529872025,
            0.001776181913380972,
            -3.534096551172718e-05,
            3.611003872774539e-07,
            -1.826736734611954e-09,
            3.626617296111241e-12
          ],
          "polyfit3":[
            1.5169026487491764,
            -0.044999806529872025,
            0.001776181913380972,
            -3.534096551172718e-05,
            3.611003872774539e-07,
            -1.826736734611954e-09,
            3.626617296111241e-12
          ],
          "polyfit4":[
            1.5169026487491764,
            -0.044999806529872025,
            0.001776181913380972,
            -3.534096551172718e-05,
            3.611003872774539e-07,
            -1.826736734611954e-09,
            3.626617296111241e-12
          ],
          "polyfit5":[
            1.5169026487491764,
            -0.044999806529872025,
            0.001776181913380972,
            -3.534096551172718e-05,
            3.611003872774539e-07,
            -1.826736734611954e-09,
            3.626617296111241e-12
          ],
          "polyfit6":[
            1.5169026487491764,
            -0.044999806529872025,
            0.001776181913380972,
            -3.534096551172718e-05,
            3.611003872774539e-07,
            -1.826736734611954e-09,
            3.626617296111241e-12
          ],
          "polyfit7":[
            1.5169026487491764,
            -0.044999806529872025,
            0.001776181913380972,
            -3.534096551172718e-05,
            3.611003872774539e-07,
            -1.826736734611954e-09,
            3.626617296111241e-12
          ],
          "polyfit8":[
            1.5169026487491764,
            -0.044999806529872025,
            0.001776181913380972,
            -3.534096551172718e-05,
            3.611003872774539e-07,
            -1.826736734611954e-09,
            3.626617296111241e-12
          ]
        },
        "binWgt_above_600":{
          "binWgt":0.6825574052739616
        }
      }
    }
  }
}