{
  "2017":{
    "boosted":{
      "mjj":{
        "lowmass_10_to_150":{
          "polyfit2":[
            0.8256995328206589,
            0.0034905271389793846,
            -4.706076096775458e-06
          ],
          "polyfit3":[
            0.871023893289282,
            0.0008277586718853937,
            3.902976635029614e-05,
            -2.064435847806002e-07
          ],
          "polyfit4":[
            0.6436759254048021,
            0.019775788696135884,
            -0.0004637077844953045,
            4.9770392854454615e-06,
            -1.7938346894393186e-08
          ],
          "polyfit5":[
            0.11647864694339029,
            0.07718547039794012,
            -0.0026046965012205504,
            4.0148990104221736e-05,
            -2.7818905409991753e-07,
            7.065457099754651e-10
          ],
          "polyfit6":[
            0.5133376526163161,
            0.02465148555458849,
            -9.03172416416488e-05,
            -1.6983560064919206e-05,
            3.8452861535225413e-07,
            -3.071947387564953e-09,
            8.377483900205785e-12
          ],
          "polyfit7":[
            -0.6415074712673363,
            0.2031159191926994,
            -0.010520745607596851,
            0.000287895362472529,
            -4.503398956222026e-06,
            4.0454726298189366e-08,
            -1.930799033100734e-10,
            3.772158134795115e-13
          ],
          "polyfit8":[
            -2.8897414997191415,
            0.5977422348522163,
            -0.03770234832087406,
            0.0012617762903783646,
            -2.459449933607181e-05,
            2.873388484050585e-07,
            -1.9733070012364174e-09,
            7.316399469070506e-12,
            -1.1267668214817358e-14
          ]
        },
        "binWgt_above_150":{
          "binWgt":1.2033290786661617
        }
      }
    },
    "resolved":{
      "mjj":{
        "highmass_150_to_600":{
          "polyfit2":[
            0.982873591605736,
            -0.0005605339533114745,
            5.721228682199193e-07
          ],
          "polyfit3":[
            1.2232099513739676,
            -0.0031181424540830177,
            8.846020546461938e-06,
            -8.16870227154528e-09
          ],
          "polyfit4":[
            1.258665978480432,
            -0.0036147628242100454,
            1.12853934606478e-05,
            -1.3156941669719275e-08,
            3.6013101572298375e-12
          ],
          "polyfit5":[
            0.12011952022812918,
            0.016111517555499194,
            -0.00011832867889864692,
            3.908817440020612e-07,
            -5.956245109278937e-10,
            3.3964396978942163e-13
          ],
          "polyfit6":[
            2.0819850424136,
            -0.02441353914934589,
            0.00021558981763054297,
            -1.0146221696600496e-06,
            2.596665707060102e-09,
            -3.3786893738993926e-12,
            1.7401451925611138e-15
          ],
          "polyfit7":[
            -0.06855222059874369,
            0.02706742726009034,
            -0.0002933636714669531,
            1.6798398894588506e-06,
            -5.6614617771147275e-09,
            1.1296367796664444e-11,
            -1.2287373030858483e-14,
            5.575789424304076e-18
          ],
          "polyfit8":[
            -12.269796577709126,
            0.3591039968442908,
            -0.00412182139986159,
            2.6113516862632645e-05,
            -1.0012864198694126e-07,
            2.3809896469531844e-10,
            -3.4293282675589785e-13,
            2.7359220268959347e-16,
            -9.263172148623305e-20
          ]
        },
        "lowmass_10_to_150":{
          "polyfit2":[
            1.5388850626963486,
            -0.027639968508104622,
            0.0010513545595537946,
            -2.7694935804396447e-05,
            4.314437940404919e-07,
            -3.795642718341782e-09,
            1.7419611887430178e-11,
            -3.237431244963207e-14
          ],
          "polyfit3":[
            1.5388850626963486,
            -0.027639968508104622,
            0.0010513545595537946,
            -2.7694935804396447e-05,
            4.314437940404919e-07,
            -3.795642718341782e-09,
            1.7419611887430178e-11,
            -3.237431244963207e-14
          ],
          "polyfit4":[
            1.5388850626963486,
            -0.027639968508104622,
            0.0010513545595537946,
            -2.7694935804396447e-05,
            4.314437940404919e-07,
            -3.795642718341782e-09,
            1.7419611887430178e-11,
            -3.237431244963207e-14
          ],
          "polyfit5":[
            1.5388850626963486,
            -0.027639968508104622,
            0.0010513545595537946,
            -2.7694935804396447e-05,
            4.314437940404919e-07,
            -3.795642718341782e-09,
            1.7419611887430178e-11,
            -3.237431244963207e-14
          ],
          "polyfit6":[
            1.5388850626963486,
            -0.027639968508104622,
            0.0010513545595537946,
            -2.7694935804396447e-05,
            4.314437940404919e-07,
            -3.795642718341782e-09,
            1.7419611887430178e-11,
            -3.237431244963207e-14
          ],
          "polyfit7":[
            1.5388850626963486,
            -0.027639968508104622,
            0.0010513545595537946,
            -2.7694935804396447e-05,
            4.314437940404919e-07,
            -3.795642718341782e-09,
            1.7419611887430178e-11,
            -3.237431244963207e-14
          ],
          "polyfit8":[
            1.5388850626963486,
            -0.027639968508104622,
            0.0010513545595537946,
            -2.7694935804396447e-05,
            4.314437940404919e-07,
            -3.795642718341782e-09,
            1.7419611887430178e-11,
            -3.237431244963207e-14
          ]
        },
        "binWgt_above_600":{
          "binWgt":0.8189064447163384
        }
      }
    }
  }
}