{
  "2018":{
    "resolved":{
      "mjj":{
        "polyfit6":[
          1.3219489773195598,
          -0.001321859764488447,
          -0.00035863550300649144,
          1.0118499844465652e-05,
          -1.195988666225387e-07,
          6.528413053143679e-10,
          -1.347427385618049e-12
        ],
        "polyfit4":[
          0.9530490620614744,
          -0.0005272455790707568,
          3.203946618759626e-07,
          8.956787645119e-10,
          -1.1085829038895347e-12
        ],
        "binWgt":0.7719870306000942,
        "polyfit5":[
          1.1368390832489461,
          -0.003682146075246553,
          2.0610173887486445e-05,
          -6.029301943781148e-08,
          8.576633155279981e-11,
          -4.671244256607618e-14
        ],
        "polyfit7":[
          2.707747290527406,
          -0.04326676737423271,
          0.00042896161174472416,
          -2.2929648591581106e-06,
          7.07374870598214e-09,
          -1.2583720729758339e-11,
          1.1965422536932291e-14,
          -4.7000985906407506e-18
        ],
        "polyfit8":[
          9.097411808728996,
          -0.21426393720222434,
          0.002354163130218049,
          -1.420727897948381e-05,
          5.1446110178810625e-08,
          -1.145749298881356e-10,
          1.5352425732407112e-13,
          -1.1339967356709327e-16,
          3.543225788901153e-20
        ]
      },
      "mlljj":{}
    },
    "boosted":{
      "mjj":{
        "polyfit4":[
          0.4736679288442612,
          0.02325997829291511,
          -0.0004058700670969956,
          3.1351989124604005e-06,
          -8.4183184775193e-09
        ],
        "binWgt":1.0797810048755718,
        "polyfit5":[
          0.18681630881556607,
          0.05942526415417204,
          -0.0017463907595201766,
          2.3374169741043016e-05,
          -1.392652127801512e-07,
          2.9980253202557775e-10
        ],
        "polyfit6":[
          -0.0009897824429859544,
          0.08879685082576684,
          -0.003162960234832405,
          5.328060376311816e-05,
          -4.455474021924832e-07,
          1.7883378304462198e-09,
          -2.742950484571382e-12
        ],
        "polyfit7":[
          -0.03515611869496592,
          0.0949132313242011,
          -0.0035193450449436986,
          6.289049501733438e-05,
          -5.810078153403295e-07,
          2.8146714960507583e-09,
          -6.690326493623732e-12,
          6.034966247749717e-15
        ],
        "polyfit8":[
          0.4518852200179515,
          0.0006058070391391698,
          0.002735395432510543,
          -0.00013855739238459252,
          3.0059215331068633e-06,
          -3.423110214767917e-08,
          2.136889325134912e-10,
          -6.929975020700897e-13,
          9.139916028612971e-16
        ]
      },
      "mlljj":{}
    }
  }
}