{
  "2016":{
    "boosted":{
      "mjj":{
        "lowmass_10_to_150":{
          "polyfit2":[
            1.0262549302303106,
            -0.002139242962095251,
            1.7139248890995033e-05
          ],
          "polyfit3":[
            1.1349156458936245,
            -0.008216336446353513,
            0.00011308590363751417,
            -4.398165930126031e-07
          ],
          "polyfit4":[
            1.1321331691528242,
            -0.007996055615748218,
            0.00010749230696378566,
            -3.843466411258298e-07,
            -1.8551672661345925e-10
          ],
          "polyfit5":[
            0.8662310012529435,
            0.019515994954211746,
            -0.0008758318744468132,
            1.5190867149414347e-05,
            -1.1179887873663082e-07,
            2.9435854787991097e-10
          ],
          "polyfit6":[
            0.5635287351827731,
            0.05842653716970243,
            -0.002697508585404119,
            5.5840110171553975e-05,
            -5.758216291266563e-07,
            2.900978413947918e-09,
            -5.696979427170464e-12
          ],
          "polyfit7":[
            0.9161836168132882,
            0.004618955681104447,
            0.00041707990219800494,
            -3.443268305605181e-05,
            8.603817099567743e-07,
            -9.799451815712622e-09,
            5.271405729566704e-11,
            -1.0872946548254587e-13
          ],
          "polyfit8":[
            0.3077913714563218,
            0.11080700538082965,
            -0.006860596505769687,
            0.00022507243374398866,
            -4.469811261606376e-06,
            5.545057691419922e-08,
            -4.1630587337124483e-10,
            1.7148495327368649e-12,
            -2.955186608912924e-15
          ]
        },
        "binWgt_above_150":{
          "binWgt":1.0714336958828203
        }
      }
    },
    "resolved":{
      "mjj":{
        "highmass_150_to_600":{
          "polyfit2":[
            1.0324733447794476,
            -0.000785020552186265,
            5.166170828431283e-07
          ],
          "polyfit3":[
            0.9792473804227028,
            -0.00020501142083948943,
            -1.4071134642063118e-06,
            1.9435239622388357e-09
          ],
          "polyfit4":[
            0.937920355470508,
            0.00038307899013348586,
            -4.3428415870870745e-06,
            8.039049548925104e-09,
            -4.4617435221793165e-12
          ],
          "polyfit5":[
            0.6438138909480182,
            0.005545747796513204,
            -3.873309843499449e-05,
            1.1672318264953919e-07,
            -1.6778510583496498e-10,
            9.371010741805499e-14
          ],
          "polyfit6":[
            1.0998059324947416,
            -0.003963705685107928,
            4.0389568390408323e-05,
            -2.1951801694172194e-07,
            6.029189918237997e-10,
            -8.116890197669883e-13,
            4.2706474708175415e-16
          ],
          "polyfit7":[
            2.6924273088178414,
            -0.042463328606233676,
            0.0004248400720405393,
            -2.2753358744557274e-06,
            6.965589660958565e-09,
            -1.2224555827674766e-11,
            1.1432495029074733e-14,
            -4.410272172694851e-18
          ],
          "polyfit8":[
            3.055315996140789,
            -0.05243468284636491,
            0.0005409394452604104,
            -3.0234958753379372e-06,
            9.885575247327665e-09,
            -1.9298862395673338e-11,
            2.1835062928480205e-14,
            -1.2911191726045944e-17,
            2.960496199183879e-21
          ]
        },
        "lowmass_10_to_150":{
          "polyfit2":[
            1.5913149399348618,
            -0.040300044580000825,
            0.0016108480821735596,
            -3.2341768096787e-05,
            3.289985200200802e-07,
            -1.644787947552049e-09,
            3.2177438871865076e-12
          ],
          "polyfit3":[
            1.5913149399348618,
            -0.040300044580000825,
            0.0016108480821735596,
            -3.2341768096787e-05,
            3.289985200200802e-07,
            -1.644787947552049e-09,
            3.2177438871865076e-12
          ],
          "polyfit4":[
            1.5913149399348618,
            -0.040300044580000825,
            0.0016108480821735596,
            -3.2341768096787e-05,
            3.289985200200802e-07,
            -1.644787947552049e-09,
            3.2177438871865076e-12
          ],
          "polyfit5":[
            1.5913149399348618,
            -0.040300044580000825,
            0.0016108480821735596,
            -3.2341768096787e-05,
            3.289985200200802e-07,
            -1.644787947552049e-09,
            3.2177438871865076e-12
          ],
          "polyfit6":[
            1.5913149399348618,
            -0.040300044580000825,
            0.0016108480821735596,
            -3.2341768096787e-05,
            3.289985200200802e-07,
            -1.644787947552049e-09,
            3.2177438871865076e-12
          ],
          "polyfit7":[
            1.5913149399348618,
            -0.040300044580000825,
            0.0016108480821735596,
            -3.2341768096787e-05,
            3.289985200200802e-07,
            -1.644787947552049e-09,
            3.2177438871865076e-12
          ],
          "polyfit8":[
            1.5913149399348618,
            -0.040300044580000825,
            0.0016108480821735596,
            -3.2341768096787e-05,
            3.289985200200802e-07,
            -1.644787947552049e-09,
            3.2177438871865076e-12
          ]
        },
        "binWgt_above_600":{
          "binWgt":0.7190768676945242
        }
      }
    }
  }
}