{
  "2016":{
    "resolved":{
      "mjj":{
        "polyfit6":[
          1.601292884044196,
          -0.04003990611956025,
          0.0016092706609382623,
          -3.2432983121801684e-05,
          3.308071378238045e-07,
          -1.6571651809857526e-09,
          3.2472417157276325e-12
        ],
        "polyfit2":[
          1.0487867418421106,
          -0.0007888886643836754,
          5.196270085371578e-07
        ],
        "binWgt":0.7322175294306466,
        "polyfit3":[
          0.9957672254227997,
          -0.00021102778908790924,
          -1.3978669265177951e-06,
          1.938095309333169e-09
        ],
        "polyfit4":[
          0.9488218468020934,
          0.000457045103674583,
          -4.733371395360262e-06,
          8.864958602391945e-09,
          -5.071174340149624e-12
        ],
        "polyfit5":[
          0.6079645512549837,
          0.006440618970823846,
          -4.45971041428279e-05,
          1.3487141911866985e-07,
          -1.9446772216444016e-10,
          1.0869500196777498e-13
        ],
        "polyfit7":[
          2.5450261623689316,
          -0.03906736412168747,
          0.00039604407866135154,
          -2.145728841883727e-06,
          6.628481143068377e-09,
          -1.1713443524114116e-11,
          1.1010519154946457e-14,
          -4.2627212359544476e-18
        ],
        "polyfit8":[
          3.134081507976609,
          -0.055253444457940795,
          0.0005845100117126069,
          -3.3603004998710587e-06,
          1.13691970514345e-08,
          -2.31999626547021e-11,
          2.7902902835159042e-14,
          -1.8068614102605057e-17,
          4.808527005858967e-21
        ]
      },
      "mlljj":{}
    },
    "boosted":{
      "mjj":{
        "polyfit2":[
          1.0487867418421106,
          -0.0007888886643836754,
          5.196270085371578e-07
        ],
        "binWgt":1.0966600934359756,
        "polyfit3":[
          0.9957672254227997,
          -0.00021102778908790924,
          -1.3978669265177951e-06,
          1.938095309333169e-09
        ],
        "polyfit4":[
          0.9488218468020934,
          0.000457045103674583,
          -4.733371395360262e-06,
          8.864958602391945e-09,
          -5.071174340149624e-12
        ],
        "polyfit5":[
          0.6079645512549837,
          0.006440618970823846,
          -4.45971041428279e-05,
          1.3487141911866985e-07,
          -1.9446772216444016e-10,
          1.0869500196777498e-13
        ],
        "polyfit6":[
          1.0068736235550944,
          -0.0018805963786926675,
          2.466071995947488e-05,
          -1.5954874959230712e-07,
          4.806100018904821e-10,
          -6.846259104390662e-13,
          3.7431282025683777e-16
        ],
        "polyfit7":[
          2.5450261623689316,
          -0.03906736412168747,
          0.00039604407866135154,
          -2.145728841883727e-06,
          6.628481143068377e-09,
          -1.1713443524114116e-11,
          1.1010519154946457e-14,
          -4.2627212359544476e-18
        ],
        "polyfit8":[
          3.134081507976609,
          -0.055253444457940795,
          0.0005845100117126069,
          -3.3603004998710587e-06,
          1.13691970514345e-08,
          -2.31999626547021e-11,
          2.7902902835159042e-14,
          -1.8068614102605057e-17,
          4.808527005858967e-21
        ]
      },
      "mlljj":{}
    }
  }
}