{
  "2016":{
    "boosted":{
      "mjj":{
        "lowmass_10_to_150":{
          "polyfit2":[
            0.9795121200512582,
            -0.0018038462015118875,
            1.4695959544239891e-05
          ],
          "polyfit3":[
            1.0799613741543233,
            -0.007428476858042999,
            0.00010305560189266888,
            -4.022204632924224e-07
          ],
          "polyfit4":[
            1.0413646091719204,
            -0.004386128971731698,
            2.630748586001065e-05,
            3.548129602625382e-07,
            -2.5211995753065323e-09
          ],
          "polyfit5":[
            0.6803316783495111,
            0.03303177511460667,
            -0.0013129184825952148,
            2.158998765923907e-05,
            -1.5481607786433173e-07,
            4.019073745236492e-10
          ],
          "polyfit6":[
            0.41270078412355526,
            0.06742759493822961,
            -0.002919275292110197,
            5.72811298208821e-05,
            -5.60220325154035e-07,
            2.6679659751515347e-09,
            -4.929968916376443e-12
          ],
          "polyfit7":[
            0.5659975021999971,
            0.04408511765767986,
            -0.0015721373348271657,
            1.8364765163115705e-05,
            5.6973918136749576e-08,
            -2.774165066238491e-09,
            2.0032814650933107e-11,
            -4.6353432240372677e-14
          ],
          "polyfit8":[
            0.9060342597742813,
            -0.015187161804482485,
            0.002483266456898721,
            -0.00012596335369430983,
            3.0152851875487206e-06,
            -3.8910908263842346e-08,
            2.792304235349957e-10,
            -1.052035960970569e-12,
            1.6265069346282036e-15
          ]
        },
        "binWgt_above_150":{
          "binWgt":0.9841819578689572
        }
      }
    },
    "resolved":{
      "mjj":{
        "highmass_150_to_600":{
          "polyfit2":[
            0.932726880624375,
            -0.0002086759189484,
            -9.395339514336374e-08
          ],
          "polyfit3":[
            0.8834702247052418,
            0.0003221023381955529,
            -1.833170384806318e-06,
            1.737009102330674e-09
          ],
          "polyfit4":[
            0.9410530272354439,
            -0.0004899113671688919,
            2.1813205067531815e-06,
            -6.518049978807978e-09,
            5.98768311795352e-12
          ],
          "polyfit5":[
            1.1211826898881432,
            -0.003628231272162693,
            2.2924371815855983e-05,
            -7.156347330004959e-08,
            1.0299923115458037e-10,
            -5.5267576183747826e-14
          ],
          "polyfit6":[
            1.7673615032145822,
            -0.0170253831524571,
            0.0001337156563809263,
            -5.3944990119983e-07,
            1.1687490184259008e-09,
            -1.2995867959809288e-12,
            5.834393369068133e-16
          ],
          "polyfit7":[
            3.4737479999245453,
            -0.05808433757480676,
            0.0005417583245073732,
            -2.710776115620454e-06,
            7.856104572855342e-09,
            -1.3237183527444412e-11,
            1.2041045388714751e-14,
            -4.570778391155575e-18
          ],
          "polyfit8":[
            2.905130709731396,
            -0.042529578679324255,
            0.0003614776770745102,
            -1.5543974862399342e-06,
            3.3637015783654616e-09,
            -2.4027180515889192e-12,
            -3.820484358771923e-15,
            8.336140992369527e-18,
            -4.476664652501332e-21
          ]
        },
        "lowmass_10_to_150":{
          "polyfit2":[
            1.3788558048741197,
            -0.02088983886894938,
            0.0007953385692597956,
            -1.685571788438398e-05,
            1.8260229138590824e-07,
            -9.691005256636256e-10,
            2.0037234744642736e-12
          ],
          "polyfit3":[
            1.3788558048741197,
            -0.02088983886894938,
            0.0007953385692597956,
            -1.685571788438398e-05,
            1.8260229138590824e-07,
            -9.691005256636256e-10,
            2.0037234744642736e-12
          ],
          "polyfit4":[
            1.3788558048741197,
            -0.02088983886894938,
            0.0007953385692597956,
            -1.685571788438398e-05,
            1.8260229138590824e-07,
            -9.691005256636256e-10,
            2.0037234744642736e-12
          ],
          "polyfit5":[
            1.3788558048741197,
            -0.02088983886894938,
            0.0007953385692597956,
            -1.685571788438398e-05,
            1.8260229138590824e-07,
            -9.691005256636256e-10,
            2.0037234744642736e-12
          ],
          "polyfit6":[
            1.3788558048741197,
            -0.02088983886894938,
            0.0007953385692597956,
            -1.685571788438398e-05,
            1.8260229138590824e-07,
            -9.691005256636256e-10,
            2.0037234744642736e-12
          ],
          "polyfit7":[
            1.3788558048741197,
            -0.02088983886894938,
            0.0007953385692597956,
            -1.685571788438398e-05,
            1.8260229138590824e-07,
            -9.691005256636256e-10,
            2.0037234744642736e-12
          ],
          "polyfit8":[
            1.3788558048741197,
            -0.02088983886894938,
            0.0007953385692597956,
            -1.685571788438398e-05,
            1.8260229138590824e-07,
            -9.691005256636256e-10,
            2.0037234744642736e-12
          ]
        },
        "binWgt_above_600":{
          "binWgt":0.7962337568831286
        }
      }
    }
  }
}