{
  "2016-postVFP":{
    "resolved":{
      "mjj":{
        "polyfit6":[
          1.4341602144950487,
          -0.024763007687945753,
          0.00111761889085481,
          -2.5142156764860293e-05,
          2.767886654119137e-07,
          -1.468704269612511e-09,
          3.015912566396792e-12
        ],
        "polyfit4":[
          0.6989623620199941,
          0.003177044149226511,
          -1.5716642692145122e-05,
          2.632105923161196e-08,
          -1.4512565184902078e-11
        ],
        "binWgt":0.7254175511509033,
        "polyfit5":[
          0.14247840317525348,
          0.012948943312187234,
          -8.083407417045274e-05,
          2.321947981885779e-07,
          -3.240684067698775e-10,
          1.7777510308566934e-13
        ],
        "polyfit7":[
          -1.975452240343739,
          0.0759194129808729,
          -0.0008328687546126867,
          4.929537071250542e-06,
          -1.6962355345960285e-08,
          3.373263128526997e-11,
          -3.582537168654114e-14,
          1.5687427736642784e-17
        ],
        "polyfit8":[
          -8.885474542712407,
          0.26580126184695035,
          -0.003043871472196008,
          1.9178825761700387e-05,
          -7.258252506201536e-08,
          1.68507172537076e-10,
          -2.340520116901671e-13,
          1.7772440021082182e-16,
          -5.645091851652094e-20
        ]
      },
      "mlljj":{}
    },
    "boosted":{
      "mjj":{
        "polyfit4":[
          0.8133858728979625,
          0.012057812440640095,
          -0.0003271066570691814,
          3.569796420624613e-06,
          -1.2860735695728486e-08
        ],
        "binWgt":1.0873866420496712,
        "polyfit5":[
          0.053002005266919415,
          0.09267982276505962,
          -0.00324561405158239,
          5.014836911945878e-05,
          -3.4822086728874675e-07,
          8.871869933663023e-10
        ],
        "polyfit6":[
          -0.4090764997338223,
          0.15283548220309917,
          -0.006071283246606748,
          0.00011315388518425754,
          -1.065669994895306e-06,
          4.904723666472685e-09,
          -8.75187735212848e-12
        ],
        "polyfit7":[
          -0.6081530443252174,
          0.18335386873784681,
          -0.007838774767277745,
          0.00016434205822203184,
          -1.8791392094762658e-06,
          1.2089583857142038e-08,
          -4.1754290689771915e-11,
          6.135232171968941e-14
        ],
        "polyfit8":[
          -1.5444511761804494,
          0.34658533603758207,
          -0.018991194677579006,
          0.0005604839549654587,
          -9.982884339778617e-06,
          1.1089466613513706e-07,
          -7.49237981978288e-10,
          2.8021216588113007e-12,
          -4.426525636330185e-15
        ]
      },
      "mlljj":{}
    }
  }
}