{
  "2016":{
    "boosted":{
      "mjj":{
        "lowmass_10_to_150":{
          "polyfit2":[
            1.0675857753961222,
            -0.0024638083573090518,
            2.0052172279855055e-05
          ],
          "polyfit3":[
            1.163446512438354,
            -0.007843704627100694,
            0.00010542619625162543,
            -3.9391637930327063e-07
          ],
          "polyfit4":[
            1.2434678640839087,
            -0.014170393016928929,
            0.00026614832418788553,
            -1.9914937080060855e-06,
            5.363583651535252e-09
          ],
          "polyfit5":[
            1.0188805784226844,
            0.00905569758962785,
            -0.0005647557043188096,
            1.1192627386105885e-05,
            -8.932206259693845e-08,
            2.503336675808702e-10
          ],
          "polyfit6":[
            0.6809093167956127,
            0.05247833545114245,
            -0.0025983622081847753,
            5.6611298307074095e-05,
            -6.084963020492597e-07,
            3.1717470523450717e-09,
            -6.397262837118393e-12
          ],
          "polyfit7":[
            0.8904087784013973,
            0.020530560161871998,
            -0.0007490936461193802,
            2.987823145935758e-06,
            2.453522522142554e-07,
            -4.387477514060814e-09,
            2.8415478517240416e-11,
            -6.489846261116912e-14
          ],
          "polyfit8":[
            -0.3902844447341688,
            0.24409802704379302,
            -0.01607779791378851,
            0.0005498960140793149,
            -1.0996029273082333e-05,
            1.3333415958982736e-07,
            -9.623747082242812e-10,
            3.790767394833948e-12,
            -6.2539307314615945e-15
          ]
        },
        "binWgt_above_150":{
          "binWgt":1.1414090796940557
        }
      }
    },
    "resolved":{
      "mjj":{
        "highmass_150_to_600":{
          "polyfit2":[
            1.0773009371640643,
            -0.0008605447859274126,
            5.878734226196443e-07
          ],
          "polyfit3":[
            1.0743132081536382,
            -0.0008280040449937465,
            4.800044337462881e-07,
            1.0887416770152908e-10
          ],
          "polyfit4":[
            0.9626058200681904,
            0.0007604625979398589,
            -7.442399827283785e-06,
            1.653861798118941e-08,
            -1.2008078862776165e-11
          ],
          "polyfit5":[
            0.3937435567716891,
            0.010742337115979026,
            -7.390145371032752e-05,
            2.2642623145015218e-07,
            -3.271266194748699e-10,
            1.8059914013097165e-13
          ],
          "polyfit6":[
            -1.064470945163957,
            0.04114467929671385,
            -0.00032677782403618374,
            1.3005991820283092e-06,
            -2.7879454138711748e-09,
            3.069612313880016e-12,
            -1.3616565161624206e-15
          ],
          "polyfit7":[
            1.4608378483970401,
            -0.01986629562034544,
            0.00028208508544357014,
            -1.9530386807940374e-06,
            7.27457579490033e-09,
            -1.4965634806136964e-11,
            1.6015242345129264e-14,
            -6.957407580711792e-18
          ],
          "polyfit8":[
            -2.463520510155414,
            0.08794125102041438,
            -0.0009727971153316245,
            6.130809042709512e-06,
            -2.4262524821768172e-08,
            6.140126601621623e-11,
            -9.62132525433425e-14,
            8.469233943204741e-17,
            -3.1893064547854296e-20
          ]
        },
        "lowmass_10_to_150":{
          "polyfit2":[
            1.6639621733455927,
            -0.04301360520728211,
            0.0016862362303325168,
            -3.31057929216407e-05,
            3.2934808945030757e-07,
            -1.6106947325938584e-09,
            3.0841306687984748e-12
          ],
          "polyfit3":[
            1.6639621733455927,
            -0.04301360520728211,
            0.0016862362303325168,
            -3.31057929216407e-05,
            3.2934808945030757e-07,
            -1.6106947325938584e-09,
            3.0841306687984748e-12
          ],
          "polyfit4":[
            1.6639621733455927,
            -0.04301360520728211,
            0.0016862362303325168,
            -3.31057929216407e-05,
            3.2934808945030757e-07,
            -1.6106947325938584e-09,
            3.0841306687984748e-12
          ],
          "polyfit5":[
            1.6639621733455927,
            -0.04301360520728211,
            0.0016862362303325168,
            -3.31057929216407e-05,
            3.2934808945030757e-07,
            -1.6106947325938584e-09,
            3.0841306687984748e-12
          ],
          "polyfit6":[
            1.6639621733455927,
            -0.04301360520728211,
            0.0016862362303325168,
            -3.31057929216407e-05,
            3.2934808945030757e-07,
            -1.6106947325938584e-09,
            3.0841306687984748e-12
          ],
          "polyfit7":[
            1.6639621733455927,
            -0.04301360520728211,
            0.0016862362303325168,
            -3.31057929216407e-05,
            3.2934808945030757e-07,
            -1.6106947325938584e-09,
            3.0841306687984748e-12
          ],
          "polyfit8":[
            1.6639621733455927,
            -0.04301360520728211,
            0.0016862362303325168,
            -3.31057929216407e-05,
            3.2934808945030757e-07,
            -1.6106947325938584e-09,
            3.0841306687984748e-12
          ]
        },
        "binWgt_above_600":{
          "binWgt":0.733902550294987
        }
      }
    }
  }
}