{
  "2017":{
    "resolved":{
      "mjj":{
        "polyfit7":[
          1.56721181711668,
          -0.030717056143122413,
          0.001258999546097043,
          -3.3558258362894256e-05,
          5.15674831968981e-07,
          -4.444744368981387e-09,
          1.997551733165534e-11,
          -3.641003132700576e-14
        ],
        "polyfit2":[
          1.0032594043555878,
          -0.0005856351998119641,
          6.026800485330516e-07
        ],
        "binWgt":0.8341755768704984,
        "polyfit3":[
          1.2474036084461555,
          -0.0031873075675008826,
          9.038267755113717e-06,
          -8.345280280830914e-09
        ],
        "polyfit4":[
          1.2807109345826693,
          -0.003653618368876659,
          1.1328381609407777e-05,
          -1.302865096634424e-08,
          3.381880825098389e-12
        ],
        "polyfit5":[
          0.1734583268700154,
          0.01551899807264626,
          -0.0001146275972807206,
          3.797056423781417e-07,
          -5.79370506727618e-10,
          3.305105129414267e-13
        ],
        "polyfit6":[
          2.3913178228368004,
          -0.030301555453099312,
          0.0002630918964342604,
          -1.2111848029257514e-06,
          3.036681362231863e-09,
          -3.884676552079397e-12,
          1.974159000790455e-15
        ],
        "polyfit8":[
          -12.59613593003952,
          0.37104798625864177,
          -0.004286271730327176,
          2.731000524404638e-05,
          -1.0522535080263548e-07,
          2.5122679811366454e-10,
          -3.6303271464361343e-13,
          2.9041050757001902e-16,
          -9.854824533884096e-20
        ]
      },
      "mlljj":{}
    },
    "boosted":{
      "mjj":{
        "polyfit2":[
          1.0032594043555878,
          -0.0005856351998119641,
          6.026800485330516e-07
        ],
        "binWgt":1.2368260158669295,
        "polyfit3":[
          1.2474036084461555,
          -0.0031873075675008826,
          9.038267755113717e-06,
          -8.345280280830914e-09
        ],
        "polyfit4":[
          1.2807109345826693,
          -0.003653618368876659,
          1.1328381609407777e-05,
          -1.302865096634424e-08,
          3.381880825098389e-12
        ],
        "polyfit5":[
          0.1734583268700154,
          0.01551899807264626,
          -0.0001146275972807206,
          3.797056423781417e-07,
          -5.79370506727618e-10,
          3.305105129414267e-13
        ],
        "polyfit6":[
          2.3913178228368004,
          -0.030301555453099312,
          0.0002630918964342604,
          -1.2111848029257514e-06,
          3.036681362231863e-09,
          -3.884676552079397e-12,
          1.974159000790455e-15
        ],
        "polyfit7":[
          0.2414670278350116,
          0.021197175342334052,
          -0.00024645685499163184,
          1.488960314169339e-06,
          -5.247200323363946e-09,
          1.085135820979167e-11,
          -1.2126077481134662e-14,
          5.610249655753647e-18
        ],
        "polyfit8":[
          -12.59613593003952,
          0.37104798625864177,
          -0.004286271730327176,
          2.731000524404638e-05,
          -1.0522535080263548e-07,
          2.5122679811366454e-10,
          -3.6303271464361343e-13,
          2.9041050757001902e-16,
          -9.854824533884096e-20
        ]
      },
      "mlljj":{}
    }
  }
}