{
  "2016-postVFP":{
    "boosted":{
      "mjj":{
        "lowmass_10_to_150":{
          "polyfit2":[
            1.007985799810984,
            -0.0005307705641559438,
            6.959205093901556e-06
          ],
          "polyfit3":[
            1.066720154951899,
            -0.003828667519750126,
            5.915313627446059e-05,
            -2.396510106065926e-07
          ],
          "polyfit4":[
            0.9562277374911284,
            0.005001191572020773,
            -0.00016627829847394755,
            2.006242954281438e-06,
            -7.542932853735724e-09
          ],
          "polyfit5":[
            0.5442026913410195,
            0.04808411963361592,
            -0.001714279114621545,
            2.6605643491336737e-05,
            -1.8425441520711276e-07,
            4.6704277581037e-10
          ],
          "polyfit6":[
            0.14581534184220418,
            0.0995821041652446,
            -0.004127323337161755,
            8.039134362045611e-05,
            -7.971293672700769e-07,
            3.903009102462759e-09,
            -7.495211647567498e-12
          ],
          "polyfit7":[
            -0.3358422708402551,
            0.17325194203325178,
            -0.008393890598547263,
            0.00020407520173232587,
            -2.7655762439506667e-06,
            2.1320105980602706e-08,
            -8.765592131588055e-11,
            1.4932873876654383e-13
          ],
          "polyfit8":[
            -1.9945737443976095,
            0.4625308677618709,
            -0.028185327745816287,
            0.0009083963221215641,
            -1.7204557296500458e-05,
            1.9777519828632362e-07,
            -1.354202147093913e-09,
            5.068033762929186e-12,
            -7.963784613424938e-15
          ]
        },
        "binWgt_above_150":{
          "binWgt":1.1233125867728153
        }
      }
    },
    "resolved":{
      "mjj":{
        "highmass_150_to_600":{
          "polyfit2":[
            1.081256969262889,
            -0.0009388624657177707,
            7.183841088006294e-07
          ],
          "polyfit3":[
            1.0220278506246199,
            -0.00029349794758385664,
            -1.4222018186306835e-06,
            2.162584598352003e-09
          ],
          "polyfit4":[
            0.8712024350415621,
            0.001853808737993922,
            -1.2149065963343203e-05,
            2.4453867528809838e-08,
            -1.633017284633849e-11
          ],
          "polyfit5":[
            0.44138913255401924,
            0.00939943241513322,
            -6.242164376953425e-05,
            1.8336639307723686e-07,
            -2.551957314196237e-10,
            1.3709419466135997e-13
          ],
          "polyfit6":[
            1.5958516821075617,
            -0.014675651474050618,
            0.0001378870694026943,
            -6.678249464125406e-07,
            1.6956673310922427e-09,
            -2.1544290483233877e-12,
            1.0807039677970973e-15
          ],
          "polyfit7":[
            1.0933389522686776,
            -0.002528143204660951,
            1.6580864142445338e-05,
            -1.9109597248452718e-08,
            -3.1226095768388607e-10,
            1.4476243498821667e-12,
            -2.3931437043302707e-15,
            1.392240306007806e-18
          ],
          "polyfit8":[
            -6.663240059561479,
            0.2105979091862665,
            -0.0024648642892209326,
            1.5971554838147286e-05,
            -6.272196547116135e-08,
            1.5264850918677107e-10,
            -2.2472807106456342e-13,
            1.830801481601149e-16,
            -6.327223442671078e-20
          ]
        },
        "lowmass_10_to_150":{
          "polyfit2":[
            1.5519240082241246,
            -0.029142044502370314,
            0.0011695097792448167,
            -2.4112159709184997e-05,
            2.487250765586684e-07,
            -1.2509232078502168e-09,
            2.4531559848025496e-12
          ],
          "polyfit3":[
            1.5519240082241246,
            -0.029142044502370314,
            0.0011695097792448167,
            -2.4112159709184997e-05,
            2.487250765586684e-07,
            -1.2509232078502168e-09,
            2.4531559848025496e-12
          ],
          "polyfit4":[
            1.5519240082241246,
            -0.029142044502370314,
            0.0011695097792448167,
            -2.4112159709184997e-05,
            2.487250765586684e-07,
            -1.2509232078502168e-09,
            2.4531559848025496e-12
          ],
          "polyfit5":[
            1.5519240082241246,
            -0.029142044502370314,
            0.0011695097792448167,
            -2.4112159709184997e-05,
            2.487250765586684e-07,
            -1.2509232078502168e-09,
            2.4531559848025496e-12
          ],
          "polyfit6":[
            1.5519240082241246,
            -0.029142044502370314,
            0.0011695097792448167,
            -2.4112159709184997e-05,
            2.487250765586684e-07,
            -1.2509232078502168e-09,
            2.4531559848025496e-12
          ],
          "polyfit7":[
            1.5519240082241246,
            -0.029142044502370314,
            0.0011695097792448167,
            -2.4112159709184997e-05,
            2.487250765586684e-07,
            -1.2509232078502168e-09,
            2.4531559848025496e-12
          ],
          "polyfit8":[
            1.5519240082241246,
            -0.029142044502370314,
            0.0011695097792448167,
            -2.4112159709184997e-05,
            2.487250765586684e-07,
            -1.2509232078502168e-09,
            2.4531559848025496e-12
          ]
        },
        "binWgt_above_600":{
          "binWgt":0.7444653463979339
        }
      }
    }
  }
}