{
  "2017":{
    "resolved":{
      "mjj":{
        "polyfit2":[
          0.6015589525793797,
          0.08105974890284136,
          -0.0038135978061030976,
          8.487167595438579e-05,
          -1.0369653388921337e-06,
          7.109389504580066e-09,
          -2.5648026861922112e-11,
          3.791278977444058e-14
        ],
        "binWgt":0.8321081370738962,
        "polyfit3":[
          0.6015589525793797,
          0.08105974890284136,
          -0.0038135978061030976,
          8.487167595438579e-05,
          -1.0369653388921337e-06,
          7.109389504580066e-09,
          -2.5648026861922112e-11,
          3.791278977444058e-14
        ],
        "polyfit4":[
          0.6015589525793797,
          0.08105974890284136,
          -0.0038135978061030976,
          8.487167595438579e-05,
          -1.0369653388921337e-06,
          7.109389504580066e-09,
          -2.5648026861922112e-11,
          3.791278977444058e-14
        ],
        "polyfit5":[
          0.6015589525793797,
          0.08105974890284136,
          -0.0038135978061030976,
          8.487167595438579e-05,
          -1.0369653388921337e-06,
          7.109389504580066e-09,
          -2.5648026861922112e-11,
          3.791278977444058e-14
        ],
        "polyfit6":[
          0.6015589525793797,
          0.08105974890284136,
          -0.0038135978061030976,
          8.487167595438579e-05,
          -1.0369653388921337e-06,
          7.109389504580066e-09,
          -2.5648026861922112e-11,
          3.791278977444058e-14
        ],
        "polyfit7":[
          0.6015589525793797,
          0.08105974890284136,
          -0.0038135978061030976,
          8.487167595438579e-05,
          -1.0369653388921337e-06,
          7.109389504580066e-09,
          -2.5648026861922112e-11,
          3.791278977444058e-14
        ],
        "polyfit8":[
          0.6015589525793797,
          0.08105974890284136,
          -0.0038135978061030976,
          8.487167595438579e-05,
          -1.0369653388921337e-06,
          7.109389504580066e-09,
          -2.5648026861922112e-11,
          3.791278977444058e-14
        ]
      },
      "mlljj":{}
    },
    "boosted":{
      "mjj":{
        "polyfit2":[
          0.8573740919394219,
          0.0035705116334109575,
          -8.6008087268438e-06
        ],
        "binWgt":1.3426464948957193,
        "polyfit3":[
          0.9280327682306952,
          -0.0005404983708859323,
          5.8092936251195534e-05,
          -3.1008373936832454e-07
        ],
        "polyfit4":[
          0.6125652525186153,
          0.025517024194315934,
          -0.000624921521972869,
          6.637539359807096e-06,
          -2.3697151137337752e-08
        ],
        "polyfit5":[
          0.031605277263359884,
          0.08804534754206114,
          -0.002928190654980814,
          4.402312875918292e-05,
          -2.970816118442737e-07,
          7.334999216904822e-10
        ],
        "polyfit6":[
          0.21454682276994846,
          0.0639909433028139,
          -0.0017843199534597644,
          1.82024722173731e-05,
          3.4616144034091047e-10,
          -9.497067467783466e-10,
          3.702587036518492e-12
        ],
        "polyfit7":[
          -0.5553643503255778,
          0.1827743432239436,
          -0.00871379709636348,
          0.0002202213884438341,
          -3.2277721876654073e-06,
          2.7684908774210967e-08,
          -1.282532952693281e-10,
          2.4591263786080637e-13
        ],
        "polyfit8":[
          -0.6684214464610251,
          0.2026002127941436,
          -0.010077381118705176,
          0.00026897389366743534,
          -4.231013104725671e-06,
          3.9979347299448525e-08,
          -2.1665320021183055e-10,
          5.894813864258149e-13,
          -5.562193786523202e-16
        ]
      },
      "mlljj":{}
    }
  }
}