{
  "2016-postVFP":{
    "boosted":{
      "mjj":{
        "lowmass_10_to_150":{
          "polyfit2":[
            0.9403766046055057,
            0.0002576534873044009,
            1.460901730002701e-06
          ],
          "polyfit3":[
            1.0339788461447634,
            -0.005002593887129008,
            8.459646647743372e-05,
            -3.7990710050265575e-07
          ],
          "polyfit4":[
            0.8605269882983921,
            0.008931405430108702,
            -0.00027144303080684,
            3.1609193357905054e-06,
            -1.1851595564644675e-08
          ],
          "polyfit5":[
            0.24966924138175728,
            0.07333827936835645,
            -0.0025958117863390884,
            4.019094881887226e-05,
            -2.7818240052019845e-07,
            7.040742631381891e-10
          ],
          "polyfit6":[
            -0.3362784293215253,
            0.14930931173900924,
            -0.0061548716801219155,
            0.00011939555436047653,
            -1.1787340902941329e-06,
            5.740951786152719e-09,
            -1.0962099128777205e-11
          ],
          "polyfit7":[
            -0.5618144672006253,
            0.18380774256903207,
            -0.008149795596768468,
            0.00017710268093378248,
            -2.094916604946472e-06,
            1.3826211460211586e-08,
            -4.8072034310766644e-11,
            6.893972016911509e-14
          ],
          "polyfit8":[
            -0.8977328715469571,
            0.2423253442015505,
            -0.012145435390429825,
            0.0003189488484176551,
            -4.994863100954513e-06,
            4.916082458756386e-08,
            -3.009059100133678e-10,
            1.0476954535147743e-12,
            -1.5795676198152933e-15
          ]
        },
        "binWgt_above_150":{
          "binWgt":1.0134789802269464
        }
      }
    },
    "resolved":{
      "mjj":{
        "highmass_150_to_600":{
          "polyfit2":[
            0.9983663162255172,
            -0.0006124075771170354,
            1.5613716154898253e-07
          ],
          "polyfit3":[
            0.7992779610349947,
            0.0015557361119658685,
            -7.027511444588087e-06,
            7.252589207007123e-09
          ],
          "polyfit4":[
            0.655664406952813,
            0.0036020845768193863,
            -1.7260726409677517e-05,
            2.8548078352289076e-08,
            -1.5629516429381217e-11
          ],
          "polyfit5":[
            0.1424141771907932,
            0.01260952959931364,
            -7.724909176843502e-05,
            2.1810325571155122e-07,
            -3.005084616696482e-10,
            1.6353280306009946e-13
          ],
          "polyfit6":[
            4.550198907359344,
            -0.07926738975395319,
            0.0006867483192622423,
            -3.026342790981542e-06,
            7.130601838863817e-09,
            -8.559761781235845e-12,
            4.111796146011011e-15
          ],
          "polyfit7":[
            -0.15239561361815124,
            0.03444086065631273,
            -0.00044905893303021343,
            3.049393045971797e-06,
            -1.1681118401399214e-08,
            2.5198824948388888e-11,
            -2.845835474570092e-14,
            1.3059303144491803e-17
          ],
          "polyfit8":[
            -11.499386449650292,
            0.34615810704427824,
            -0.0040776567495091,
            2.6427761701410953e-05,
            -1.0290891619499954e-07,
            2.4619328672449876e-10,
            -3.5341136997557343e-13,
            2.7862072842522833e-16,
            -9.249575973301013e-20
          ]
        },
        "lowmass_10_to_150":{
          "polyfit2":[
            1.4373451250384817,
            -0.025653208042415367,
            0.0011434398932678818,
            -2.5524862457422538e-05,
            2.7991421960400445e-07,
            -1.4820562424766738e-09,
            3.039496444346754e-12
          ],
          "polyfit3":[
            1.4373451250384817,
            -0.025653208042415367,
            0.0011434398932678818,
            -2.5524862457422538e-05,
            2.7991421960400445e-07,
            -1.4820562424766738e-09,
            3.039496444346754e-12
          ],
          "polyfit4":[
            1.4373451250384817,
            -0.025653208042415367,
            0.0011434398932678818,
            -2.5524862457422538e-05,
            2.7991421960400445e-07,
            -1.4820562424766738e-09,
            3.039496444346754e-12
          ],
          "polyfit5":[
            1.4373451250384817,
            -0.025653208042415367,
            0.0011434398932678818,
            -2.5524862457422538e-05,
            2.7991421960400445e-07,
            -1.4820562424766738e-09,
            3.039496444346754e-12
          ],
          "polyfit6":[
            1.4373451250384817,
            -0.025653208042415367,
            0.0011434398932678818,
            -2.5524862457422538e-05,
            2.7991421960400445e-07,
            -1.4820562424766738e-09,
            3.039496444346754e-12
          ],
          "polyfit7":[
            1.4373451250384817,
            -0.025653208042415367,
            0.0011434398932678818,
            -2.5524862457422538e-05,
            2.7991421960400445e-07,
            -1.4820562424766738e-09,
            3.039496444346754e-12
          ],
          "polyfit8":[
            1.4373451250384817,
            -0.025653208042415367,
            0.0011434398932678818,
            -2.5524862457422538e-05,
            2.7991421960400445e-07,
            -1.4820562424766738e-09,
            3.039496444346754e-12
          ]
        },
        "binWgt_above_600":{
          "binWgt":0.7155353851636219
        }
      }
    }
  }
}