{
  "2016-postVFP":{
    "boosted":{
      "mjj":{
        "lowmass_10_to_150":{
          "polyfit2":[
            0.954137690084972,
            0.00018389032283578244,
            1.6946182854132964e-06
          ],
          "polyfit3":[
            1.0527049192440672,
            -0.005313851268149177,
            8.800869407668957e-05,
            -3.919724577037476e-07
          ],
          "polyfit4":[
            0.8945486024418339,
            0.007313935428460911,
            -0.00023329232382978906,
            2.792986980268734e-06,
            -1.0631529686046118e-08
          ],
          "polyfit5":[
            0.268291380422873,
            0.07302479613295379,
            -0.002595884846545257,
            4.031167389822093e-05,
            -2.7972800505484924e-07,
            7.097109896650076e-10
          ],
          "polyfit6":[
            -0.17204839539940073,
            0.1298870365203773,
            -0.005250396206096231,
            9.920002882937862e-05,
            -9.47377518735722e-07,
            4.434302121456593e-09,
            -8.087315917545449e-12
          ],
          "polyfit7":[
            -0.6132768710077064,
            0.19722428408081932,
            -0.009135804793743884,
            0.00021135572661215606,
            -2.724283917508946e-06,
            2.0082854428813912e-08,
            -7.976467631732875e-11,
            1.3289202604619115e-13
          ],
          "polyfit8":[
            -1.2890870461144752,
            0.3148236571631901,
            -0.01715768324902583,
            0.0004958908490443891,
            -8.537149444234373e-06,
            9.086583362998707e-08,
            -5.85971385356282e-10,
            2.0915412260000194e-12,
            -3.1595682499512635e-15
          ]
        },
        "binWgt_above_150":{
          "binWgt":0.9942917602844451
        }
      }
    },
    "resolved":{
      "mjj":{
        "highmass_150_to_600":{
          "polyfit2":[
            1.0103435487540284,
            -0.0005382251205672672,
            4.0576568139263954e-07
          ],
          "polyfit3":[
            0.8225444531745463,
            0.0014852901629187735,
            -6.233635304527711e-06,
            6.649427112611743e-09
          ],
          "polyfit4":[
            0.713145340619834,
            0.0030286860833777336,
            -1.3873654372515325e-05,
            2.2390335311619492e-08,
            -1.1444422137545056e-11
          ],
          "polyfit5":[
            0.5816593881396805,
            0.005319461996672194,
            -2.902202622225491e-05,
            6.993787906592308e-08,
            -8.24575389505687e-11,
            4.052522790952046e-14
          ],
          "polyfit6":[
            0.3673038894897623,
            0.009762260152555768,
            -6.575850358509674e-05,
            2.2508888618739314e-07,
            -4.3592728901954203e-10,
            4.5334316894142327e-13,
            -1.9363656667162414e-16
          ],
          "polyfit7":[
            -4.133964387628856,
            0.1181168980530269,
            -0.0011432347637493896,
            5.963091535628413e-06,
            -1.8124002008838764e-08,
            3.205958107371079e-11,
            -3.0560469916666635e-14,
            1.212684519816077e-17
          ],
          "polyfit8":[
            6.8695831812861075,
            -0.18298069013060583,
            0.0023480643178219137,
            -1.6444410355802097e-05,
            6.89894767865136e-08,
            -1.7821130677193582e-10,
            2.77563384628332e-13,
            -2.388567288465197e-16,
            8.714512664044233e-20
          ]
        },
        "lowmass_10_to_150":{
          "polyfit2":[
            1.3998429752000598,
            -0.01811624329317401,
            0.0007702136273552549,
            -1.7909394054987345e-05,
            2.0549297124591095e-07,
            -1.1331567463978628e-09,
            2.4086629052158407e-12
          ],
          "polyfit3":[
            1.3998429752000598,
            -0.01811624329317401,
            0.0007702136273552549,
            -1.7909394054987345e-05,
            2.0549297124591095e-07,
            -1.1331567463978628e-09,
            2.4086629052158407e-12
          ],
          "polyfit4":[
            1.3998429752000598,
            -0.01811624329317401,
            0.0007702136273552549,
            -1.7909394054987345e-05,
            2.0549297124591095e-07,
            -1.1331567463978628e-09,
            2.4086629052158407e-12
          ],
          "polyfit5":[
            1.3998429752000598,
            -0.01811624329317401,
            0.0007702136273552549,
            -1.7909394054987345e-05,
            2.0549297124591095e-07,
            -1.1331567463978628e-09,
            2.4086629052158407e-12
          ],
          "polyfit6":[
            1.3998429752000598,
            -0.01811624329317401,
            0.0007702136273552549,
            -1.7909394054987345e-05,
            2.0549297124591095e-07,
            -1.1331567463978628e-09,
            2.4086629052158407e-12
          ],
          "polyfit7":[
            1.3998429752000598,
            -0.01811624329317401,
            0.0007702136273552549,
            -1.7909394054987345e-05,
            2.0549297124591095e-07,
            -1.1331567463978628e-09,
            2.4086629052158407e-12
          ],
          "polyfit8":[
            1.3998429752000598,
            -0.01811624329317401,
            0.0007702136273552549,
            -1.7909394054987345e-05,
            2.0549297124591095e-07,
            -1.1331567463978628e-09,
            2.4086629052158407e-12
          ]
        },
        "binWgt_above_600":{
          "binWgt":0.8566389482054788
        }
      }
    }
  }
}