{
  "2016-preVFP":{
    "resolved":{
      "mjj":{
        "polyfit6":[
          1.7259384110041671,
          -0.05530263192437658,
          0.0022043160710103825,
          -4.3275062302748906e-05,
          4.3220191628289353e-07,
          -2.1290965050561855e-09,
          4.113378485169536e-12
        ],
        "polyfit4":[
          0.9259760459633556,
          0.0008473186901710944,
          -6.810888019067049e-06,
          1.3768982411933728e-08,
          -9.46533588753719e-12
        ],
        "binWgt":0.7142033832489739,
        "polyfit5":[
          0.4149058246612995,
          0.009813027148430173,
          -6.648366102395075e-05,
          2.0214047902234237e-07,
          -2.9214307575492384e-10,
          1.6193089718676395e-13
        ],
        "polyfit7":[
          -0.858112664501485,
          0.036319682531531707,
          -0.00028654527711561624,
          1.1343041048025611e-06,
          -2.4178373557270375e-09,
          2.63509170783061e-12,
          -1.1346209899268112e-15,
          -2.3972198043250166e-20
        ],
        "polyfit8":[
          1.127241851319359,
          -0.01820890122362726,
          0.00034799968606190394,
          -2.9521057876230037e-06,
          1.3518667609805725e-08,
          -3.594042955404221e-11,
          5.553339541802015e-14,
          -4.6282527277778226e-17,
          1.6091058059006346e-20
        ]
      },
      "mlljj":{}
    },
    "boosted":{
      "mjj":{
        "polyfit4":[
          1.4550146611704582,
          -0.02867462824467951,
          0.0005842261221242655,
          -4.8434317512218385e-06,
          1.433717289469082e-08
        ],
        "binWgt":1.090767702896394,
        "polyfit5":[
          1.187007014531223,
          -0.0010951902365890118,
          -0.00040107370995708656,
          1.079446284620414e-05,
          -9.80618360220743e-08,
          2.974532695943522e-10
        ],
        "polyfit6":[
          0.8241472135623169,
          0.04535861066543617,
          -0.0025751771466999518,
          5.938599024798879e-05,
          -6.542901123325063e-07,
          3.433046103078026e-09,
          -6.8802835212771115e-12
        ],
        "polyfit7":[
          1.6433673553784636,
          -0.07917195596391391,
          0.004619245979026401,
          -0.00014892832236377561,
          2.6584507738929935e-06,
          -2.5859759421175666e-08,
          1.2787396031525035e-10,
          -2.509705577621757e-13
        ],
        "polyfit8":[
          1.6809249041268413,
          -0.0857240736483407,
          0.005068404470431839,
          -0.00016495209183138633,
          2.9877368505210644e-06,
          -2.989214846458785e-08,
          1.568633727875247e-10,
          -3.636784052410761e-13,
          1.8261019643955735e-16
        ]
      },
      "mlljj":{}
    }
  }
}