{
  "2017":{
    "resolved":{
      "mjj":{
        "polyfit7":[
          0.5801414403457563,
          0.08332855338782784,
          -0.003866479003617672,
          8.496280282668964e-05,
          -1.0234000503120247e-06,
          6.902353634535305e-09,
          -2.444002076527313e-11,
          3.5376281798178214e-14
        ],
        "polyfit4":[
          1.2224250263397165,
          -0.0034516955099145024,
          1.3678957146540757e-05,
          -2.3716245235452396e-08,
          1.4493054996042559e-11
        ],
        "binWgt":0.8367819839290754,
        "polyfit5":[
          0.7878689099587656,
          0.004085968206677877,
          -3.5904983262355895e-05,
          1.310117337000491e-07,
          -2.1520704735637844e-10,
          1.3031199322603055e-13
        ],
        "polyfit6":[
          0.8080014202444651,
          0.003670286741193965,
          -3.248275745818548e-05,
          1.1662563628346633e-07,
          -1.8258500780956273e-10,
          9.238318897764956e-14,
          1.771667303637079e-17
        ],
        "polyfit8":[
          -0.22570911904021188,
          0.016877458411217888,
          -5.514255040239215e-06,
          -1.2272215942502845e-06,
          9.576935021005019e-09,
          -3.421236045875805e-11,
          6.55574194594947e-14,
          -6.532429268411888e-17,
          2.662859526531357e-20
        ]
      },
      "mlljj":{}
    },
    "boosted":{
      "mjj":{
        "polyfit4":[
          0.6199541241664503,
          0.025723778439556692,
          -0.0006167926391880474,
          6.451957172602012e-06,
          -2.2711086859763262e-08
        ],
        "binWgt":1.3953602343717126,
        "polyfit5":[
          0.04401478361460518,
          0.08774841902303923,
          -0.002902157803764593,
          4.3551007322304455e-05,
          -2.9399528332349417e-07,
          7.277830798800196e-10
        ],
        "polyfit6":[
          0.173968641468394,
          0.07064415475656696,
          -0.0020879840984284613,
          2.515586361832065e-05,
          -8.192589905701592e-08,
          -4.732681006851209e-10,
          2.6437212214964505e-12
        ],
        "polyfit7":[
          -0.4467112896514855,
          0.16647945562946784,
          -0.007683244165955454,
          0.0001883998237293533,
          -2.6923083750971157e-06,
          2.2698113013970173e-08,
          -1.0421203153715095e-10,
          1.992779635179111e-13
        ],
        "polyfit8":[
          -0.5870580873373494,
          0.19110403429334358,
          -0.009377786196611091,
          0.0002490153366292758,
          -3.940254261099559e-06,
          3.799832273448762e-08,
          -2.142744472113746e-10,
          6.272381698330637e-13,
          -6.931752077722814e-16
        ]
      },
      "mlljj":{}
    }
  }
}