{
  "2018":{
    "resolved":{
      "mjj":{
        "polyfit6":[
          1.103070849695086,
          0.020746982800543212,
          -0.0011457307631400802,
          2.3940592141671377e-05,
          -2.4770193336073344e-07,
          1.254065029700944e-09,
          -2.4730182643287393e-12
        ],
        "polyfit2":[
          0.9542860700530912,
          -0.00043572287499330826,
          3.5195738089750664e-07
        ],
        "binWgt":0.7903408922037404,
        "polyfit3":[
          0.9438600683033559,
          -0.0003246414123829369,
          -7.80247730449156e-09,
          3.5576360592942133e-10
        ],
        "polyfit4":[
          0.9216464901995024,
          -1.4453476542260599e-05,
          -1.5255118289628238e-06,
          3.4458672618359344e-09,
          -2.221342706014687e-12
        ],
        "polyfit5":[
          0.5539323079782096,
          0.006347200885815501,
          -4.326845928226842e-05,
          1.3341062350866198e-07,
          -1.947469386079039e-10,
          1.089886249122258e-13
        ],
        "polyfit7":[
          7.035933434232244,
          -0.15285086831250927,
          0.0015721850315956979,
          -8.643721732065012e-06,
          2.7393801134142225e-08,
          -5.01143400571274e-11,
          4.910938345889144e-14,
          -1.993657833271139e-17
        ],
        "polyfit8":[
          10.147822425271304,
          -0.23761518280329938,
          0.0025503341263185216,
          -1.4890545376123822e-05,
          5.155795702863894e-08,
          -1.081494643640774e-10,
          1.3373346866441052e-13,
          -8.853639606339336e-17,
          2.3708143402031088e-20
        ]
      },
      "mlljj":{}
    },
    "boosted":{
      "mjj":{
        "polyfit2":[
          0.9542860700530912,
          -0.00043572287499330826,
          3.5195738089750664e-07
        ],
        "binWgt":1.0931926769550242,
        "polyfit3":[
          0.9438600683033559,
          -0.0003246414123829369,
          -7.80247730449156e-09,
          3.5576360592942133e-10
        ],
        "polyfit4":[
          0.9216464901995024,
          -1.4453476542260599e-05,
          -1.5255118289628238e-06,
          3.4458672618359344e-09,
          -2.221342706014687e-12
        ],
        "polyfit5":[
          0.5539323079782096,
          0.006347200885815501,
          -4.326845928226842e-05,
          1.3341062350866198e-07,
          -1.947469386079039e-10,
          1.089886249122258e-13
        ],
        "polyfit6":[
          -0.6564760286194812,
          0.0313149657654845,
          -0.00024868258878280134,
          9.965590166631316e-07,
          -2.1515797120942454e-09,
          2.3838305888579703e-12,
          -1.062441729496371e-15
        ],
        "polyfit7":[
          7.035933434232244,
          -0.15285086831250927,
          0.0015721850315956979,
          -8.643721732065012e-06,
          2.7393801134142225e-08,
          -5.01143400571274e-11,
          4.910938345889144e-14,
          -1.993657833271139e-17
        ],
        "polyfit8":[
          10.147822425271304,
          -0.23761518280329938,
          0.0025503341263185216,
          -1.4890545376123822e-05,
          5.155795702863894e-08,
          -1.081494643640774e-10,
          1.3373346866441052e-13,
          -8.853639606339336e-17,
          2.3708143402031088e-20
        ]
      },
      "mlljj":{}
    }
  }
}