{
  "2016-postVFP":{
    "resolved":{
      "mjj":{
        "polyfit6":[
          1.4071222959141882,
          -0.025576610324556475,
          0.0012035953162427423,
          -2.7728892233431482e-05,
          3.0845860024690555e-07,
          -1.63815134571664e-09,
          3.3423381557895407e-12
        ],
        "polyfit4":[
          1.1561564336942944,
          -0.0029559533922984887,
          1.056226661188287e-05,
          -1.844927948374918e-08,
          1.1965809655634607e-11
        ],
        "binWgt":0.7869650241817436,
        "polyfit5":[
          1.4227844903960405,
          -0.0075613762773561,
          4.0370573716942655e-05,
          -1.0890571799666451e-07,
          1.4116288481292683e-10,
          -6.987086466801588e-14
        ],
        "polyfit7":[
          1.8306749159459115,
          -0.015561959591826359,
          0.0001008217904832027,
          -3.287132344071e-07,
          5.178818321693074e-10,
          -2.5167129076539237e-13,
          -2.397923499568289e-16,
          2.358571841577809e-19
        ],
        "polyfit8":[
          6.004450740590306,
          -0.12762860255755673,
          0.0013666990964641347,
          -8.187600769702811e-06,
          2.98737632726263e-08,
          -6.791106336152216e-11,
          9.3899131662224e-14,
          -7.221024263133658e-17,
          2.3661424395674508e-20
        ]
      },
      "mlljj":{}
    },
    "boosted":{
      "mjj":{
        "polyfit4":[
          0.9133784044418016,
          0.004342395479769633,
          -8.20108608453152e-05,
          7.009756985297295e-07,
          -2.025953583233591e-09
        ],
        "binWgt":1.1050712653182218,
        "polyfit5":[
          0.6755737691290911,
          0.030401078131128027,
          -0.0009687331299836194,
          1.3273195516483137e-05,
          -7.929914154740616e-08,
          1.6938702956441912e-10
        ],
        "polyfit6":[
          0.3681203512996286,
          0.0751363125983592,
          -0.0030336809609310465,
          5.551202300815489e-05,
          -5.013914159168672e-07,
          2.179358562002046e-09,
          -3.6365938467568903e-12
        ],
        "polyfit7":[
          0.33101779564137845,
          0.08163604209283064,
          -0.0034066703969955724,
          6.545512350122341e-05,
          -6.403737159944425e-07,
          3.226154132803208e-09,
          -7.646304200045057e-12,
          6.112493577034007e-15
        ],
        "polyfit8":[
          0.5418555867303655,
          0.04098704641844985,
          -0.000722890087579566,
          -2.0604773676277738e-05,
          8.859476546378104e-07,
          -1.2484760406176813e-08,
          8.556153820365132e-11,
          -2.889195388762518e-13,
          3.851606538234064e-16
        ]
      },
      "mlljj":{}
    }
  }
}