{
  "2016-postVFP":{
    "resolved":{
      "mjj":{
        "polyfit6":[
          1.5173038314655851,
          -0.03374241065706013,
          0.0015251412163712578,
          -3.332269523340349e-05,
          3.557476643143415e-07,
          -1.8265080059383475e-09,
          3.6192609421320767e-12
        ],
        "polyfit4":[
          1.2106476688970413,
          -0.003175905894166052,
          1.137306171701574e-05,
          -1.9802550448185022e-08,
          1.3003079949447475e-11
        ],
        "binWgt":0.7996639198317531,
        "polyfit5":[
          1.143788305504393,
          -0.0020200384699644385,
          3.8846646064645535e-06,
          2.9441351716709684e-09,
          -1.9516742994671078e-11,
          1.7602408300834246e-14
        ],
        "polyfit7":[
          -0.5318876023970789,
          0.03686516078876547,
          -0.0003650537171926146,
          1.8597319123395237e-06,
          -5.383354300657543e-09,
          8.935794167358418e-12,
          -7.926948196526613e-15,
          2.915232828040927e-18
        ],
        "polyfit8":[
          2.0798209108360672,
          -0.03328928584966551,
          0.00042779933753386514,
          -3.06548155803007e-06,
          1.3026941738273077e-08,
          -3.3529069651765724e-11,
          5.120673841336247e-14,
          -4.2632345349424334e-17,
          1.4889768872945837e-20
        ]
      },
      "mlljj":{}
    },
    "boosted":{
      "mjj":{
        "polyfit4":[
          1.0198577535854698,
          0.0010972569770306595,
          -3.468535426455152e-05,
          4.4592332489904543e-07,
          -1.507736532292419e-09
        ],
        "binWgt":1.1770767403771774,
        "polyfit5":[
          0.8435269534860715,
          0.01987072618530928,
          -0.000668395337125759,
          9.429414528885495e-06,
          -5.694383782040345e-08,
          1.223253359294045e-10
        ],
        "polyfit6":[
          0.7598338882372958,
          0.031818669478723874,
          -0.0012168351393054707,
          2.0629910549649615e-05,
          -1.6887486680699605e-07,
          6.557651346383705e-10,
          -9.66544128042768e-13
        ],
        "polyfit7":[
          0.7085664487124992,
          0.04076206181175022,
          -0.0017295014085616034,
          3.4286917023800737e-05,
          -3.595938004994304e-07,
          2.0903873959587755e-09,
          -6.4528062130783035e-12,
          8.347950676874895e-15
        ],
        "polyfit8":[
          0.812050067776834,
          0.020808366362116127,
          -0.000411034072119008,
          -8.038039148946653e-06,
          3.9199915540736485e-07,
          -5.655968207113189e-09,
          3.9559052827136306e-11,
          -1.37441388421612e-13,
          1.904738894970517e-16
        ]
      },
      "mlljj":{}
    }
  }
}