{
  "2016-preVFP":{
    "resolved":{
      "mjj":{
        "polyfit6":[
          1.4792530523805947,
          -0.03946370178801462,
          0.001558732655049454,
          -3.11091308785191e-05,
          3.1755378675416585e-07,
          -1.6002289443641882e-09,
          3.1588727797777866e-12
        ],
        "polyfit2":[
          0.9403278134788303,
          -0.0006036402423634146,
          3.571972041124562e-07
        ],
        "binWgt":0.6958851097709219,
        "polyfit3":[
          0.873964277810405,
          0.00012018978946499548,
          -2.047818980706771e-06,
          2.4360265563970625e-09
        ],
        "polyfit4":[
          1.1725740260012323,
          -0.004131006482749861,
          1.9193519604027594e-05,
          -4.172534621846662e-08,
          3.2380297141454075e-11
        ],
        "polyfit5":[
          1.4734456252297263,
          -0.009420771628935223,
          5.450244825032831e-05,
          -1.5358274754320584e-07,
          2.0092609016901986e-10,
          -9.698680327226204e-14
        ],
        "polyfit7":[
          8.915604566466994,
          -0.184187013190256,
          0.0017458917435067716,
          -8.902660829891442e-06,
          2.63589217901022e-08,
          -4.538832636775413e-11,
          4.2148975656322596e-14,
          -1.6304481154152832e-17
        ],
        "polyfit8":[
          27.378386060875002,
          -0.6922332872792609,
          0.0076709102300575255,
          -4.715449762250724e-05,
          1.7595609013445872e-07,
          -4.086292259827956e-10,
          5.775713071836097e-13,
          -4.549717146259508e-16,
          1.5318142836180012e-19
        ]
      },
      "mlljj":{}
    },
    "boosted":{
      "mjj":{
        "polyfit2":[
          0.9403278134788303,
          -0.0006036402423634146,
          3.571972041124562e-07
        ],
        "binWgt":0.9681424521722711,
        "polyfit3":[
          0.873964277810405,
          0.00012018978946499548,
          -2.047818980706771e-06,
          2.4360265563970625e-09
        ],
        "polyfit4":[
          1.1725740260012323,
          -0.004131006482749861,
          1.9193519604027594e-05,
          -4.172534621846662e-08,
          3.2380297141454075e-11
        ],
        "polyfit5":[
          1.4734456252297263,
          -0.009420771628935223,
          5.450244825032831e-05,
          -1.5358274754320584e-07,
          2.0092609016901986e-10,
          -9.698680327226204e-14
        ],
        "polyfit6":[
          3.111220793709321,
          -0.04363327362034323,
          0.00033974180626268515,
          -1.3685694422744686e-06,
          2.9930883617596466e-09,
          -3.386520627145777e-12,
          1.5564067723434716e-15
        ],
        "polyfit7":[
          8.915604566466994,
          -0.184187013190256,
          0.0017458917435067716,
          -8.902660829891442e-06,
          2.63589217901022e-08,
          -4.538832636775413e-11,
          4.2148975656322596e-14,
          -1.6304481154152832e-17
        ],
        "polyfit8":[
          27.378386060875002,
          -0.6922332872792609,
          0.0076709102300575255,
          -4.715449762250724e-05,
          1.7595609013445872e-07,
          -4.086292259827956e-10,
          5.775713071836097e-13,
          -4.549717146259508e-16,
          1.5318142836180012e-19
        ]
      },
      "mlljj":{}
    }
  }
}