{
  "2017":{
    "resolved":{
      "mjj":{
        "polyfit7":[
          0.6312155489357127,
          0.08404490055988477,
          -0.004068748146105688,
          9.257216520039623e-05,
          -1.1487081352708988e-06,
          7.943006934742856e-09,
          -2.8708569468225642e-11,
          4.225435710227282e-14
        ],
        "polyfit4":[
          1.1446536299384842,
          -0.0025628382628200435,
          1.09148733576706e-05,
          -2.126273370048149e-08,
          1.459053983489787e-11
        ],
        "binWgt":0.8444228888119736,
        "polyfit5":[
          1.8914161346474863,
          -0.015353617524456157,
          9.296778141998195e-05,
          -2.68013710533993e-07,
          3.6392782510937673e-10,
          -1.8734829799978717e-13
        ],
        "polyfit6":[
          3.1827075952861286,
          -0.04166409849535167,
          0.00030462795715974943,
          -1.1291438775608637e-06,
          2.2370407129586026e-09,
          -2.259897495423196e-12,
          9.15006229141217e-16
        ],
        "polyfit8":[
          -4.18860705165679,
          0.15525980210965476,
          -0.0019082621622948472,
          1.2537575205364285e-05,
          -4.85519306461277e-08,
          1.1421947561578851e-10,
          -1.6038677137668903e-13,
          1.235805082812633e-16,
          -4.019386777417161e-20
        ]
      },
      "mlljj":{}
    },
    "boosted":{
      "mjj":{
        "polyfit4":[
          0.3367449028433808,
          0.03868394583226435,
          -0.0007308697837234347,
          5.772848660688337e-06,
          -1.52846537091355e-08
        ],
        "binWgt":1.3324598306214357,
        "polyfit5":[
          0.045495873329356264,
          0.07618283181566572,
          -0.0021161566236386404,
          2.6485621194635012e-05,
          -1.4743131331935484e-07,
          2.9747006960775593e-10
        ],
        "polyfit6":[
          -0.2860175407214098,
          0.1286420025743285,
          -0.004655230058561912,
          8.025655083247266e-05,
          -6.999819694561494e-07,
          2.9899542512234077e-09,
          -4.964031937807072e-12
        ],
        "polyfit7":[
          -0.17749253467878173,
          0.10914300802241472,
          -0.003514858163339733,
          4.933877289827802e-05,
          -2.6100865291673144e-07,
          -3.645362656825615e-10,
          8.056837143055503e-12,
          -2.00886524345471e-14
        ],
        "polyfit8":[
          -0.6170431600235717,
          0.19436985345592248,
          -0.00918009317158689,
          0.0002323988302698616,
          -3.5343400403199393e-06,
          3.361246638358892e-08,
          -1.9520134723598208e-10,
          6.284914420848217e-13,
          -8.532212823118485e-16
        ]
      },
      "mlljj":{}
    }
  }
}