{
  "2016":{
    "resolved":{
      "mjj":{
        "polyfit6":[
          1.6065621082985682,
          -0.04125098713933191,
          0.001656054041133345,
          -3.332152165337063e-05,
          3.396957710477471e-07,
          -1.7023813930312952e-09,
          3.3392152400845105e-12
        ],
        "polyfit4":[
          0.9716870967480936,
          4.349869095788691e-05,
          -2.891153114753282e-06,
          5.395029746668808e-09,
          -2.733432133898701e-12
        ],
        "binWgt":0.7242097143957916,
        "polyfit5":[
          0.6901695178395807,
          0.004985265034044995,
          -3.581017117976562e-05,
          1.0942876384638611e-07,
          -1.590649516140002e-10,
          8.969517243441265e-14
        ],
        "polyfit7":[
          2.372096901663507,
          -0.03482954735422985,
          0.0003529474305563738,
          -1.9210242298142164e-06,
          5.974743981261322e-09,
          -1.0647060033639425e-11,
          1.010523158432472e-14,
          -3.9543226637177645e-18
        ],
        "polyfit8":[
          3.3343693362447486,
          -0.061270254155886245,
          0.0006607991062925554,
          -3.904819230300601e-06,
          1.3717067466491727e-08,
          -2.940393454387426e-11,
          3.768567025870202e-14,
          -2.649199408108912e-17,
          7.848546281428266e-21
        ]
      },
      "mlljj":{}
    },
    "boosted":{
      "mjj":{
        "polyfit4":[
          1.1442463002912302,
          -0.007502638175804976,
          8.645008021205176e-05,
          -1.0511102474794995e-07,
          -1.253585708781194e-09
        ],
        "binWgt":1.1015393759553525,
        "polyfit5":[
          0.8981940755387179,
          0.017906245392694163,
          -0.0008203431864813064,
          1.423979839231438e-05,
          -1.039325524346327e-07,
          2.704956660836617e-10
        ],
        "polyfit6":[
          0.6740589401195327,
          0.04668704641669302,
          -0.002166801332192756,
          4.4267861048393395e-05,
          -4.465365380337461e-07,
          2.1940684875456874e-09,
          -4.201885599355581e-12
        ],
        "polyfit7":[
          0.937850336258712,
          0.006475367380444917,
          0.00015897444625045235,
          -2.3094873290605326e-05,
          6.244978298924496e-07,
          -7.271642005357835e-09,
          3.930857766872148e-11,
          -8.095114030571627e-14
        ],
        "polyfit8":[
          0.4518260284765929,
          0.09125932105671918,
          -0.005648568842171508,
          0.00018387021119247718,
          -3.623966981342487e-06,
          4.470316674788017e-08,
          -3.3403841535375903e-10,
          1.3696376159216296e-12,
          -2.3490746431544505e-15
        ]
      },
      "mlljj":{}
    }
  }
}