{
  "2016-postVFP":{
    "boosted":{
      "mjj":{
        "lowmass_10_to_150":{
          "polyfit2":[
            1.0143705071847955,
            -0.0007472503175695029,
            1.0394475553016758e-05
          ],
          "polyfit3":[
            1.0831771591905086,
            -0.004590798847256026,
            7.103976280727014e-05,
            -2.779176127713645e-07
          ],
          "polyfit4":[
            0.9869183435065552,
            0.003059172959805069,
            -0.00012364785352489665,
            1.6576987444093853e-06,
            -6.490757750384522e-09
          ],
          "polyfit5":[
            0.6326227255119296,
            0.03994265035834789,
            -0.0014455024947197415,
            2.2629330599638932e-05,
            -1.569732473409397e-07,
            3.9737204985717504e-10
          ],
          "polyfit6":[
            0.22204203844968917,
            0.09285725301598247,
            -0.003920598885748143,
            7.774460672533473e-05,
            -7.846887660215682e-07,
            3.915798315215371e-09,
            -7.674630995908495e-12
          ],
          "polyfit7":[
            -0.32179414394709865,
            0.17587981794272198,
            -0.008722454429642638,
            0.00021681384060194894,
            -2.996432466846224e-06,
            2.3475010832663583e-08,
            -9.765599148470338e-11,
            1.6756641825459261e-13
          ],
          "polyfit8":[
            -2.041505269786454,
            0.47561393829035264,
            -0.029222309083879194,
            0.0009462386038852523,
            -1.7949659921356436e-05,
            2.062219752923421e-07,
            -1.4094531243879607e-09,
            5.262365481795455e-12,
            -8.249376442446833e-15
          ]
        },
        "binWgt_above_150":{
          "binWgt":1.1296598584160094
        }
      }
    },
    "resolved":{
      "mjj":{
        "highmass_150_to_600":{
          "polyfit2":[
            1.076998566777298,
            -0.0006841829833123959,
            6.034917332817891e-07
          ],
          "polyfit3":[
            0.9778192528298999,
            0.00038651288177445,
            -2.913654022331173e-06,
            3.5228911034643275e-09
          ],
          "polyfit4":[
            0.8462405439791445,
            0.002247015149390944,
            -1.2141227122615379e-05,
            2.2563242503754832e-08,
            -1.3856733605569196e-11
          ],
          "polyfit5":[
            0.7111137614648876,
            0.004607742824364191,
            -2.7793170229679927e-05,
            7.181032005316927e-08,
            -8.75677683650865e-11,
            4.214464654416799e-14
          ],
          "polyfit6":[
            0.42062772670778525,
            0.010640235789821838,
            -7.777278384549298e-05,
            2.833153491789315e-07,
            -5.704147206840889e-10,
            6.072440362730482e-13,
            -2.6562792144589987e-16
          ],
          "polyfit7":[
            -6.935676520149042,
            0.18783991680453327,
            -0.0018409044811183717,
            9.677850710334094e-06,
            -2.9544744016632877e-08,
            5.2405039679314984e-11,
            -5.0055369261177966e-14,
            1.9892817497053194e-17
          ],
          "polyfit8":[
            0.03229451920546942,
            -0.002977553377248717,
            0.00037325109156022214,
            -4.541929912318587e-06,
            2.5768205547771732e-08,
            -8.116941028328288e-11,
            1.4575355889221672e-13,
            -1.3965006141100045e-16,
            5.540725912805085e-20
          ]
        },
        "lowmass_10_to_150":{
          "polyfit2":[
            1.4608954733778288,
            -0.017260555931292856,
            0.0006582141555757328,
            -1.4288873862685527e-05,
            1.5544035400991733e-07,
            -8.196455022758054e-10,
            1.6777140860323272e-12
          ],
          "polyfit3":[
            1.4608954733778288,
            -0.017260555931292856,
            0.0006582141555757328,
            -1.4288873862685527e-05,
            1.5544035400991733e-07,
            -8.196455022758054e-10,
            1.6777140860323272e-12
          ],
          "polyfit4":[
            1.4608954733778288,
            -0.017260555931292856,
            0.0006582141555757328,
            -1.4288873862685527e-05,
            1.5544035400991733e-07,
            -8.196455022758054e-10,
            1.6777140860323272e-12
          ],
          "polyfit5":[
            1.4608954733778288,
            -0.017260555931292856,
            0.0006582141555757328,
            -1.4288873862685527e-05,
            1.5544035400991733e-07,
            -8.196455022758054e-10,
            1.6777140860323272e-12
          ],
          "polyfit6":[
            1.4608954733778288,
            -0.017260555931292856,
            0.0006582141555757328,
            -1.4288873862685527e-05,
            1.5544035400991733e-07,
            -8.196455022758054e-10,
            1.6777140860323272e-12
          ],
          "polyfit7":[
            1.4608954733778288,
            -0.017260555931292856,
            0.0006582141555757328,
            -1.4288873862685527e-05,
            1.5544035400991733e-07,
            -8.196455022758054e-10,
            1.6777140860323272e-12
          ],
          "polyfit8":[
            1.4608954733778288,
            -0.017260555931292856,
            0.0006582141555757328,
            -1.4288873862685527e-05,
            1.5544035400991733e-07,
            -8.196455022758054e-10,
            1.6777140860323272e-12
          ]
        },
        "binWgt_above_600":{
          "binWgt":0.862767765657691
        }
      }
    }
  }
}