{
  "2018":{
    "boosted":{
      "mjj":{
        "lowmass_10_to_150":{
          "polyfit2":[
            0.9919580852111236,
            -0.0021027317477971355,
            2.6880141540375235e-05
          ],
          "polyfit3":[
            1.2433308809329997,
            -0.015876057102576845,
            0.00024159336106470484,
            -9.719538812232767e-07
          ],
          "polyfit4":[
            0.8726239950927019,
            0.013210711120105457,
            -0.0004920142649890316,
            6.286141914144248e-06,
            -2.4256088130422325e-08
          ],
          "polyfit5":[
            0.0835543670054721,
            0.09457800215268426,
            -0.0033825136210666163,
            5.184177492859126e-05,
            -3.494790513880672e-07,
            8.553731696546846e-10
          ],
          "polyfit6":[
            0.23215323528548265,
            0.07557429639491559,
            -0.0025001999249631237,
            3.2306226811376936e-05,
            -1.2788253750363218e-07,
            -3.8308532096615363e-10,
            2.6955532158260428e-12
          ],
          "polyfit7":[
            -0.07302289286936549,
            0.12177434784638294,
            -0.005148382646194144,
            0.00010835698967534077,
            -1.3282981478214415e-06,
            1.0161841080771503e-08,
            -4.552796441834979e-11,
            8.932810413640817e-14
          ],
          "polyfit8":[
            -1.9583884618752805,
            0.44817796678612,
            -0.027310283138271985,
            0.0008913865570390509,
            -1.727653246696202e-05,
            2.0391326966648624e-07,
            -1.428655772811865e-09,
            5.433217169610743e-12,
            -8.609759554559056e-15
          ]
        },
        "binWgt_above_150":{
          "binWgt":1.0148403693372712
        }
      }
    },
    "resolved":{
      "mjj":{
        "highmass_150_to_600":{
          "polyfit2":[
            0.952665031113103,
            -0.00043688485325631295,
            3.3258912470499165e-07
          ],
          "polyfit3":[
            0.9190858243045512,
            -7.915882928432628e-05,
            -8.258694702881448e-07,
            1.1456759190851928e-09
          ],
          "polyfit4":[
            0.8687812576344528,
            0.0006225766828776167,
            -4.255105505993734e-06,
            8.118110446684119e-09,
            -5.0052680364145514e-12
          ],
          "polyfit5":[
            0.491913944217457,
            0.007143997134823413,
            -4.705442149112325e-05,
            1.4138900616012313e-07,
            -2.0243346434952178e-10,
            1.1175143346358695e-13
          ],
          "polyfit6":[
            -1.9460099197513796,
            0.05743272205581438,
            -0.0004607811737922697,
            1.8798181840016406e-06,
            -4.1435345786834525e-09,
            4.693345582172015e-12,
            -2.1398270615083968e-15
          ],
          "polyfit7":[
            9.911630285577465,
            -0.22637989248136223,
            0.0023445591682161597,
            -1.2968777149537845e-05,
            4.13534428469194e-08,
            -7.61316620494402e-11,
            7.508957891322356e-14,
            -3.0683636808999353e-17
          ],
          "polyfit8":[
            13.396712458134754,
            -0.3213022178495002,
            0.003439840890839209,
            -1.996308306398145e-05,
            6.840674635634987e-08,
            -1.4109990772408445e-10,
            1.698143912944159e-13,
            -1.0746400209055011e-16,
            2.6532614487050094e-20
          ]
        },
        "lowmass_10_to_150":{
          "polyfit2":[
            1.297955091015865,
            0.001628994444636287,
            -0.00046190492891913217,
            1.2001510503925102e-05,
            -1.378603373196138e-07,
            7.415881767874314e-10,
            -1.5173089333584463e-12
          ],
          "polyfit3":[
            1.297955091015865,
            0.001628994444636287,
            -0.00046190492891913217,
            1.2001510503925102e-05,
            -1.378603373196138e-07,
            7.415881767874314e-10,
            -1.5173089333584463e-12
          ],
          "polyfit4":[
            1.297955091015865,
            0.001628994444636287,
            -0.00046190492891913217,
            1.2001510503925102e-05,
            -1.378603373196138e-07,
            7.415881767874314e-10,
            -1.5173089333584463e-12
          ],
          "polyfit5":[
            1.297955091015865,
            0.001628994444636287,
            -0.00046190492891913217,
            1.2001510503925102e-05,
            -1.378603373196138e-07,
            7.415881767874314e-10,
            -1.5173089333584463e-12
          ],
          "polyfit6":[
            1.297955091015865,
            0.001628994444636287,
            -0.00046190492891913217,
            1.2001510503925102e-05,
            -1.378603373196138e-07,
            7.415881767874314e-10,
            -1.5173089333584463e-12
          ],
          "polyfit7":[
            1.297955091015865,
            0.001628994444636287,
            -0.00046190492891913217,
            1.2001510503925102e-05,
            -1.378603373196138e-07,
            7.415881767874314e-10,
            -1.5173089333584463e-12
          ],
          "polyfit8":[
            1.297955091015865,
            0.001628994444636287,
            -0.00046190492891913217,
            1.2001510503925102e-05,
            -1.378603373196138e-07,
            7.415881767874314e-10,
            -1.5173089333584463e-12
          ]
        },
        "binWgt_above_600":{
          "binWgt":0.7991910734373455
        }
      }
    }
  }
}