{
  "2017":{
    "resolved":{
      "mjj":{
        "polyfit7":[
          1.5179649455517372,
          -0.033511016139878606,
          0.0016768270071145744,
          -4.846741450722053e-05,
          7.587009172307289e-07,
          -6.479346939975721e-09,
          2.8456977204581535e-11,
          -5.02947669903388e-14
        ],
        "polyfit4":[
          1.113419084999833,
          -0.0018751363178624806,
          4.401271655954053e-06,
          -2.4797234483374125e-09,
          -1.7554029395280684e-12
        ],
        "binWgt":0.825174034441463,
        "polyfit5":[
          0.5835497007360972,
          0.007208234744612259,
          -5.391673954103047e-05,
          1.7301611780815556e-07,
          -2.502700625065805e-10,
          1.3323654169638238e-13
        ],
        "polyfit6":[
          0.31329438655361047,
          0.012713344059996233,
          -9.819569729407546e-05,
          3.531570647270903e-07,
          -6.421526995259072e-10,
          5.669361399831285e-13,
          -1.915234388618891e-16
        ],
        "polyfit8":[
          -5.011313969564324,
          0.167842269989833,
          -0.0019946175663922146,
          1.304573146528214e-05,
          -5.150880078816881e-08,
          1.2567097636588195e-10,
          -1.8489838714934886e-13,
          1.5000323511362105e-16,
          -5.14305872620393e-20
        ]
      },
      "mlljj":{}
    },
    "boosted":{
      "mjj":{
        "polyfit4":[
          0.3565562219658982,
          0.033146430841437556,
          -0.0005888888065353823,
          4.547803860535431e-06,
          -1.199705353054318e-08
        ],
        "binWgt":1.3489224034735388,
        "polyfit5":[
          0.16874252864688888,
          0.057191210299453704,
          -0.0014863952110762326,
          1.8130527077852542e-05,
          -9.968864596746152e-08,
          1.9966995623534237e-10
        ],
        "polyfit6":[
          -0.04782813125257839,
          0.09129965444372579,
          -0.0031346031584238107,
          5.28867771583497e-05,
          -4.5468845366470207e-07,
          1.918800871912692e-09,
          -3.1530873218418724e-12
        ],
        "polyfit7":[
          0.16161420009818653,
          0.05373546022707887,
          -0.0009432768304938939,
          -6.264093267053216e-06,
          3.8020710909877885e-07,
          -4.4161458421156765e-09,
          2.1242156152145217e-11,
          -3.732530799422741e-14
        ],
        "polyfit8":[
          2.211905900856647,
          -0.3440152393861004,
          0.025514295452949705,
          -0.0008615796804086066,
          1.5675828331916457e-05,
          -1.6312751777282044e-07,
          9.698796939672515e-10,
          -3.0602097821577863e-12,
          3.9693537606855925e-15
        ]
      },
      "mlljj":{}
    }
  }
}