{
  "2016-preVFP":{
    "resolved":{
      "mjj":{
        "polyfit6":[
          1.6273550681162823,
          -0.04874634439519948,
          0.0019471863301780048,
          -3.861289179497688e-05,
          3.901330934914361e-07,
          -1.944550758163448e-09,
          3.7991073253366335e-12
        ],
        "polyfit2":[
          1.0028629324250207,
          -0.0006303069231042936,
          2.993657335229062e-07
        ],
        "binWgt":0.7103972519303203,
        "polyfit3":[
          0.9527669329425036,
          -8.434136472174584e-05,
          -1.5121332240968253e-06,
          1.8308348868445467e-09
        ],
        "polyfit4":[
          0.9923476929880952,
          -0.0006473575701830517,
          1.2972347295988406e-06,
          -3.999332276136415e-09,
          4.265246576744007e-12
        ],
        "polyfit5":[
          0.7740144812156069,
          0.00318538580973509,
          -2.423674443614934e-05,
          7.67067898792086e-08,
          -1.1702796613861858e-10,
          6.959892742727126e-14
        ],
        "polyfit7":[
          4.007981356238711,
          -0.07528110666236863,
          0.0007623276602346593,
          -4.1457876011915264e-06,
          1.3002046113338282e-08,
          -2.3551342955412986e-11,
          2.2860574673436334e-14,
          -9.19283520920974e-18
        ],
        "polyfit8":[
          11.064092110561793,
          -0.2691908578001585,
          0.0030204028055886914,
          -1.86995552079134e-05,
          6.981441023790064e-08,
          -1.612198750073325e-10,
          2.25342309417788e-13,
          -1.7469738428109694e-16,
          5.76514380363426e-20
        ]
      },
      "mlljj":{}
    },
    "boosted":{
      "mjj":{
        "polyfit2":[
          1.0028629324250207,
          -0.0006303069231042936,
          2.993657335229062e-07
        ],
        "binWgt":1.050420361664928,
        "polyfit3":[
          0.9527669329425036,
          -8.434136472174584e-05,
          -1.5121332240968253e-06,
          1.8308348868445467e-09
        ],
        "polyfit4":[
          0.9923476929880952,
          -0.0006473575701830517,
          1.2972347295988406e-06,
          -3.999332276136415e-09,
          4.265246576744007e-12
        ],
        "polyfit5":[
          0.7740144812156069,
          0.00318538580973509,
          -2.423674443614934e-05,
          7.67067898792086e-08,
          -1.1702796613861858e-10,
          6.959892742727126e-14
        ],
        "polyfit6":[
          0.6913186479580178,
          0.004910669021726904,
          -3.859870947221851e-05,
          1.377714852029565e-07,
          -2.5707069494230034e-10,
          2.3420563431710884e-13,
          -7.768398656926899e-17
        ],
        "polyfit7":[
          4.007981356238711,
          -0.07528110666236863,
          0.0007623276602346593,
          -4.1457876011915264e-06,
          1.3002046113338282e-08,
          -2.3551342955412986e-11,
          2.2860574673436334e-14,
          -9.19283520920974e-18
        ],
        "polyfit8":[
          11.064092110561793,
          -0.2691908578001585,
          0.0030204028055886914,
          -1.86995552079134e-05,
          6.981441023790064e-08,
          -1.612198750073325e-10,
          2.25342309417788e-13,
          -1.7469738428109694e-16,
          5.76514380363426e-20
        ]
      },
      "mlljj":{}
    }
  }
}