{
  "2018":{
    "boosted":{
      "mjj":{
        "lowmass_10_to_150":{
          "polyfit2":[
            0.9020797682619797,
            0.00040138936982374274,
            7.108864949669555e-06
          ],
          "polyfit3":[
            1.0648447106462335,
            -0.00858701448135025,
            0.00014729641116539103,
            -6.326390875265e-07
          ],
          "polyfit4":[
            0.7619100086579392,
            0.01547504411187999,
            -0.00046178925222018576,
            5.384898689019655e-06,
            -2.0034947635332087e-08
          ],
          "polyfit5":[
            0.013724945933870815,
            0.09356834762540235,
            -0.0032476404583155643,
            4.927753822911543e-05,
            -3.324896306036681e-07,
            8.183133292771142e-10
          ],
          "polyfit6":[
            -0.17258610333328023,
            0.11763591407516152,
            -0.0043703121481218745,
            7.417353027806863e-05,
            -6.14771280307437e-07,
            2.3933011045768387e-09,
            -3.419590271242398e-12
          ],
          "polyfit7":[
            -0.5427463060418968,
            0.17394942894584783,
            -0.007605543225129305,
            0.00016716386497377778,
            -2.0826969509359377e-06,
            1.5283999135525145e-08,
            -6.233966929703523e-11,
            1.0907221161956861e-13
          ],
          "polyfit8":[
            -3.1998643842418786,
            0.6347092843635389,
            -0.03891412243988098,
            0.0012738168546275136,
            -2.4627681851416285e-05,
            2.8922892879967955e-07,
            -2.0183590804068857e-09,
            7.668572563089145e-12,
            -1.2184024983353097e-14
          ]
        },
        "binWgt_above_150":{
          "binWgt":1.071654824549949
        }
      }
    },
    "resolved":{
      "mjj":{
        "highmass_150_to_600":{
          "polyfit2":[
            0.9354100774458168,
            -0.00041912760347858377,
            3.3118069292092064e-07
          ],
          "polyfit3":[
            0.9200145227610668,
            -0.0002554076568910289,
            -1.9795546458007012e-07,
            5.22333173241684e-10
          ],
          "polyfit4":[
            0.8804173658129286,
            0.0002962949504126963,
            -2.891731538119806e-06,
            5.997237782502042e-09,
            -3.9300043126920344e-12
          ],
          "polyfit5":[
            0.46319586025429016,
            0.007504674828657521,
            -5.013498122687637e-05,
            1.529386617303359e-07,
            -2.2141840412961549e-10,
            1.2303150600259986e-13
          ],
          "polyfit6":[
            -0.887831406120977,
            0.03535028491523473,
            -0.0002790518942466999,
            1.1141534808726583e-06,
            -2.3991084482290745e-09,
            2.6530551175847447e-12,
            -1.1809587293110355e-15
          ],
          "polyfit7":[
            6.712255117668287,
            -0.14646322782013313,
            0.001517188191371059,
            -8.388695507760547e-06,
            2.6704522015087804e-08,
            -4.902611955746596e-11,
            4.8178258541269496e-14,
            -1.960287407695386e-17
          ],
          "polyfit8":[
            9.768476170463442,
            -0.22966295301021594,
            0.0024767450576679076,
            -1.4513487942354012e-05,
            5.038454316666257e-08,
            -1.0587127717372933e-10,
            1.3103035754592681e-13,
            -8.673874326624033e-17,
            2.3193490932333312e-20
          ]
        },
        "lowmass_10_to_150":{
          "polyfit2":[
            1.1153760501594963,
            0.01810021468526073,
            -0.0010558120928841456,
            2.2353491214455092e-05,
            -2.3230908273842842e-07,
            1.1768533038897595e-09,
            -2.3172747428371064e-12
          ],
          "polyfit3":[
            1.1153760501594963,
            0.01810021468526073,
            -0.0010558120928841456,
            2.2353491214455092e-05,
            -2.3230908273842842e-07,
            1.1768533038897595e-09,
            -2.3172747428371064e-12
          ],
          "polyfit4":[
            1.1153760501594963,
            0.01810021468526073,
            -0.0010558120928841456,
            2.2353491214455092e-05,
            -2.3230908273842842e-07,
            1.1768533038897595e-09,
            -2.3172747428371064e-12
          ],
          "polyfit5":[
            1.1153760501594963,
            0.01810021468526073,
            -0.0010558120928841456,
            2.2353491214455092e-05,
            -2.3230908273842842e-07,
            1.1768533038897595e-09,
            -2.3172747428371064e-12
          ],
          "polyfit6":[
            1.1153760501594963,
            0.01810021468526073,
            -0.0010558120928841456,
            2.2353491214455092e-05,
            -2.3230908273842842e-07,
            1.1768533038897595e-09,
            -2.3172747428371064e-12
          ],
          "polyfit7":[
            1.1153760501594963,
            0.01810021468526073,
            -0.0010558120928841456,
            2.2353491214455092e-05,
            -2.3230908273842842e-07,
            1.1768533038897595e-09,
            -2.3172747428371064e-12
          ],
          "polyfit8":[
            1.1153760501594963,
            0.01810021468526073,
            -0.0010558120928841456,
            2.2353491214455092e-05,
            -2.3230908273842842e-07,
            1.1768533038897595e-09,
            -2.3172747428371064e-12
          ]
        },
        "binWgt_above_600":{
          "binWgt":0.7767281532545925
        }
      }
    }
  }
}