{
  "2016":{
    "resolved":{
      "mjj":{
        "polyfit6":[
          1.4869264831290867,
          -0.03614513594691979,
          0.0014971946425207606,
          -3.119343628174937e-05,
          3.2843419536257754e-07,
          -1.6957452704741262e-09,
          3.4181386670511674e-12
        ],
        "polyfit4":[
          0.9354080367719975,
          -0.0005341562741020881,
          1.8319963135742463e-06,
          -7.52855094227896e-09,
          8.671021597108084e-12
        ],
        "binWgt":0.7015117458156964,
        "polyfit5":[
          0.9742584445382313,
          -0.0012165885399593012,
          6.381644263338364e-06,
          -2.1921781842167675e-08,
          3.0328682391737476e-11,
          -1.2446613503118993e-14
        ],
        "polyfit7":[
          3.3544261358363725,
          -0.051007982730471434,
          0.00042249553229884514,
          -1.8020270224298686e-06,
          4.155595664662486e-09,
          -4.963579375585292e-12,
          2.4816081110304374e-15,
          -1.1286168722588638e-19
        ],
        "polyfit8":[
          11.517918470704718,
          -0.27543636012643175,
          0.0030371188685394596,
          -1.8662558017622248e-05,
          7.001291381931444e-08,
          -1.6466477809335122e-10,
          2.3756535574752106e-13,
          -1.9244944043937933e-16,
          6.706990472457427e-20
        ]
      },
      "mlljj":{}
    },
    "boosted":{
      "mjj":{
        "polyfit4":[
          0.9731488344034873,
          0.0011468810336320854,
          -0.00012144613935721132,
          1.935838349383177e-06,
          -8.207694337809158e-09
        ],
        "binWgt":1.0303520577483043,
        "polyfit5":[
          0.6179149021537007,
          0.03799248416839486,
          -0.0014378986131931128,
          2.274578420327474e-05,
          -1.5688844191077443e-07,
          3.906875933475268e-10
        ],
        "polyfit6":[
          0.4153495633934012,
          0.06409527611269088,
          -0.0026609877651150187,
          5.003278752064864e-05,
          -4.68050623538784e-07,
          2.1356103938839357e-09,
          -3.805264511836281e-12
        ],
        "polyfit7":[
          0.9254645730816673,
          -0.013852711157366988,
          0.001853116987215182,
          -8.076670130643865e-05,
          1.611073200220759e-06,
          -1.6225701724798546e-08,
          8.050138150242261e-11,
          -1.566395763231039e-13
        ],
        "polyfit8":[
          0.9633035892465758,
          -0.020457612718082715,
          0.00230561449053508,
          -9.689009944510946e-05,
          1.9419278124071697e-06,
          -2.0271286474257303e-08,
          1.0954429610534565e-10,
          -2.6940587318127414e-13,
          1.8248059733140497e-16
        ]
      },
      "mlljj":{}
    }
  }
}