{
  "2016-preVFP":{
    "resolved":{
      "mjj":{
        "polyfit6":[
          1.3725820976228715,
          -0.026946107991704254,
          0.0011415622018233354,
          -2.4156560944396358e-05,
          2.529329484979913e-07,
          -1.2804952721590976e-09,
          2.508622547725865e-12
        ],
        "polyfit4":[
          0.7851020352054492,
          0.0017253873157339957,
          -1.042668504495113e-05,
          2.071761744113024e-08,
          -1.3696025131103025e-11
        ],
        "binWgt":0.7322203374873325,
        "polyfit5":[
          1.044697279435556,
          -0.0027589052287307083,
          1.8587704464191666e-05,
          -6.725876525414287e-08,
          1.1179752349175946e-10,
          -6.774323904146618e-14
        ],
        "polyfit7":[
          -0.8598625274678198,
          0.03949435455564436,
          -0.00036180912370143656,
          1.7354708398848457e-06,
          -4.755251464205502e-09,
          7.440424657254035e-12,
          -6.148577301885675e-15,
          2.0689293685949547e-18
        ],
        "polyfit8":[
          -5.167049070523332,
          0.15520015935403372,
          -0.0016694964643314736,
          9.8586465336226e-06,
          -3.511709559947209e-08,
          7.746324870219309e-11,
          -1.036387624810572e-13,
          7.714070304145321e-17,
          -2.4532908298586025e-20
        ]
      },
      "mlljj":{}
    },
    "boosted":{
      "mjj":{
        "polyfit4":[
          1.2218069413433326,
          -0.013918172143169942,
          0.00024360468912105915,
          -1.6233046790330122e-06,
          3.7994999645411126e-09
        ],
        "binWgt":1.0864745953621788,
        "polyfit5":[
          1.1911102568364895,
          -0.010739459149626839,
          0.00013735903875845755,
          -1.2140647236484667e-07,
          -5.473450913840729e-09,
          2.0500471916566455e-11
        ],
        "polyfit6":[
          1.0446916123773815,
          0.009955908748967922,
          -0.000814113247164516,
          1.9401577783969506e-05,
          -2.0159158573602057e-07,
          9.597811774555263e-10,
          -1.7093004059532958e-12
        ],
        "polyfit7":[
          0.9576961800714814,
          0.025121362752730584,
          -0.0016868436784098122,
          4.278268449352885e-05,
          -5.30275190808885e-07,
          3.450081659819078e-09,
          -1.1303972844661266e-11,
          1.470749922246588e-14
        ],
        "polyfit8":[
          1.0375103535733639,
          0.009732550619900917,
          -0.0006697684733714973,
          1.0129347243977888e-05,
          4.9502203329434424e-08,
          -2.523657733686401e-09,
          2.4166550981266833e-11,
          -9.765089834749611e-14,
          1.467785441300745e-16
        ]
      },
      "mlljj":{}
    }
  },
  "2016-postVFP":{
    "resolved":{
      "mjj":{
        "polyfit6":[
          1.5173038314655851,
          -0.03374241065706013,
          0.0015251412163712578,
          -3.332269523340349e-05,
          3.557476643143415e-07,
          -1.8265080059383475e-09,
          3.6192609421320767e-12
        ],
        "polyfit4":[
          1.2106476688970413,
          -0.003175905894166052,
          1.137306171701574e-05,
          -1.9802550448185022e-08,
          1.3003079949447475e-11
        ],
        "binWgt":0.7996639198317531,
        "polyfit5":[
          1.143788305504393,
          -0.0020200384699644385,
          3.8846646064645535e-06,
          2.9441351716709684e-09,
          -1.9516742994671078e-11,
          1.7602408300834246e-14
        ],
        "polyfit7":[
          -0.5318876023970789,
          0.03686516078876547,
          -0.0003650537171926146,
          1.8597319123395237e-06,
          -5.383354300657543e-09,
          8.935794167358418e-12,
          -7.926948196526613e-15,
          2.915232828040927e-18
        ],
        "polyfit8":[
          2.0798209108360672,
          -0.03328928584966551,
          0.00042779933753386514,
          -3.06548155803007e-06,
          1.3026941738273077e-08,
          -3.3529069651765724e-11,
          5.120673841336247e-14,
          -4.2632345349424334e-17,
          1.4889768872945837e-20
        ]
      },
      "mlljj":{}
    },
    "boosted":{
      "mjj":{
        "polyfit4":[
          1.0198577535854698,
          0.0010972569770306595,
          -3.468535426455152e-05,
          4.4592332489904543e-07,
          -1.507736532292419e-09
        ],
        "binWgt":1.1770767403771774,
        "polyfit5":[
          0.8435269534860715,
          0.01987072618530928,
          -0.000668395337125759,
          9.429414528885495e-06,
          -5.694383782040345e-08,
          1.223253359294045e-10
        ],
        "polyfit6":[
          0.7598338882372958,
          0.031818669478723874,
          -0.0012168351393054707,
          2.0629910549649615e-05,
          -1.6887486680699605e-07,
          6.557651346383705e-10,
          -9.66544128042768e-13
        ],
        "polyfit7":[
          0.7085664487124992,
          0.04076206181175022,
          -0.0017295014085616034,
          3.4286917023800737e-05,
          -3.595938004994304e-07,
          2.0903873959587755e-09,
          -6.4528062130783035e-12,
          8.347950676874895e-15
        ],
        "polyfit8":[
          0.812050067776834,
          0.020808366362116127,
          -0.000411034072119008,
          -8.038039148946653e-06,
          3.9199915540736485e-07,
          -5.655968207113189e-09,
          3.9559052827136306e-11,
          -1.37441388421612e-13,
          1.904738894970517e-16
        ]
      },
      "mlljj":{}
    }
  },
  "2017":{
    "resolved":{
      "mjj":{
        "polyfit7":[
          0.9770890191811966,
          0.03745069631724549,
          -0.0017709216852954436,
          3.583357450510926e-05,
          -3.7830895496003055e-07,
          2.101518580771375e-09,
          -5.508110671538813e-12,
          4.637875922641984e-15
        ],
        "polyfit4":[
          1.127283662316477,
          -0.0022112895011260018,
          7.878066695223557e-06,
          -1.275269395434134e-08,
          7.271808978159355e-12
        ],
        "binWgt":0.8364097626590167,
        "polyfit5":[
          1.330389713392907,
          -0.005691316883603834,
          3.0209782553175795e-05,
          -7.992711990758527e-08,
          1.0238100049689044e-10,
          -5.099897353610621e-14
        ],
        "polyfit6":[
          1.9962253309818758,
          -0.019256529236870316,
          0.00013933003551613112,
          -5.23872010005612e-07,
          1.0680833903765021e-09,
          -1.1196116741249948e-12,
          4.718278978517108e-16
        ],
        "polyfit8":[
          -4.495068757528907,
          0.15994221811030987,
          -0.0019431395085846436,
          1.2777252396084228e-05,
          -5.002089449245173e-08,
          1.1983578958762201e-10,
          -1.7216920228597636e-13,
          1.3607819825935732e-16,
          -4.5445459617160965e-20
        ]
      },
      "mlljj":{}
    },
    "boosted":{
      "mjj":{
        "polyfit4":[
          0.3430521759985707,
          0.03654963577418074,
          -0.000676386555923932,
          5.3076622433285585e-06,
          -1.4040388559242292e-08
        ],
        "binWgt":1.3395498317951708,
        "polyfit5":[
          0.10268154958025538,
          0.06742472908479638,
          -0.0018223459464974674,
          2.2536291591054693e-05,
          -1.2455015737671303e-07,
          2.5003219921892793e-10
        ],
        "polyfit6":[
          -0.18403242337145795,
          0.11270171414050242,
          -0.004012383135504071,
          6.883522064617783e-05,
          -5.991506235338967e-07,
          2.5569215226195177e-09,
          -4.244419043205707e-12
        ],