{
  "2016-preVFP":{
    "boosted":{
      "mjj":{
        "lowmass_10_to_150":{
          "polyfit2":[
            0.9956732219970864,
            -0.0033571788854822064,
            2.4721890206676175e-05
          ],
          "polyfit3":[
            1.084582138922649,
            -0.008350721540996794,
            0.00010327549060006395,
            -3.586968623592772e-07
          ],
          "polyfit4":[
            1.143967352805782,
            -0.012989704829002377,
            0.0002196130975544883,
            -1.5025606926899881e-06,
            3.805003267465894e-09
          ],
          "polyfit5":[
            0.993390716914197,
            0.002466740245928432,
            -0.0003313938466260444,
            7.220792840928915e-06,
            -5.8738052661805625e-08,
            1.6510751579899798e-10
          ],
          "polyfit6":[
            0.8412452663579661,
            0.02193333691559051,
            -0.0012401407465668156,
            2.742695294546052e-05,
            -2.8853202491744054e-07,
            1.4514345240296255e-09,
            -2.8027991200578475e-12
          ],
          "polyfit7":[
            1.516739777218382,
            -0.08069186468571467,
            0.004681537681327523,
            -0.00014372358574665358,
            2.4281034517020082e-06,
            -2.252885592746639e-08,
            1.0733634475822278e-10,
            -2.0481032743151662e-13
          ],
          "polyfit8":[
            2.557869026837084,
            -0.2623604954122634,
            0.017137754901102854,
            -0.000588132543941283,
            1.1560371560025026e-05,
            -1.343598328480177e-07,
            9.113859182967032e-10,
            -3.331665435799055e-12,
            5.068182899308128e-15
          ]
        },
        "binWgt_above_150":{
          "binWgt":0.9741564748889799
        }
      }
    },
    "resolved":{
      "mjj":{
        "highmass_150_to_600":{
          "polyfit2":[
            0.8653325614208426,
            7.689218828096125e-05,
            -5.473876339384477e-07
          ],
          "polyfit3":[
            0.9254071510698494,
            -0.0005706311915531241,
            1.5718568280785846e-06,
            -2.1111492640720093e-09
          ],
          "polyfit4":[
            1.1439309637234343,
            -0.0036513123110613393,
            1.678484635024077e-05,
            -3.333560334023635e-08,
            2.2596348130228673e-11
          ],
          "polyfit5":[
            1.6453972853730412,
            -0.012389952594870949,
            7.452767290652722e-05,
            -2.1426964805088068e-07,
            2.921405806551206e-10,
            -1.5333835930284348e-13
          ],
          "polyfit6":[
            2.692047713750699,
            -0.03409585024419939,
            0.0002540399323058513,
            -9.722764655723629e-07,
            2.018256837185091e-09,
            -2.167914268002908e-12,
            9.441770546399752e-16
          ],
          "polyfit7":[
            9.265969614811102,
            -0.19222014985920005,
            0.0018246091743970502,
            -9.323758709019261e-06,
            2.77174529360056e-08,
            -4.7999533587764704e-11,
            4.4888260652388154e-14,
            -1.751245897377407e-17
          ],
          "polyfit8":[
            1.7350515099148838,
            0.013740756580561606,
            -0.0005615725117621658,
            5.974014267775135e-06,
            -3.167420771609731e-08,
            9.512820861193015e-11,
            -1.6446983033931126e-13,
            1.5268904479975656e-16,
            -5.897510152242878e-20
          ]
        },
        "lowmass_10_to_150":{
          "polyfit2":[
            1.3593880459865222,
            -0.023240063840655342,
            0.0008116944678578883,
            -1.5776650365699374e-05,
            1.6053257706142728e-07,
            -8.131643765881637e-10,
            1.6210028453281755e-12
          ],
          "polyfit3":[
            1.3593880459865222,
            -0.023240063840655342,
            0.0008116944678578883,
            -1.5776650365699374e-05,
            1.6053257706142728e-07,
            -8.131643765881637e-10,
            1.6210028453281755e-12
          ],
          "polyfit4":[
            1.3593880459865222,
            -0.023240063840655342,
            0.0008116944678578883,
            -1.5776650365699374e-05,
            1.6053257706142728e-07,
            -8.131643765881637e-10,
            1.6210028453281755e-12
          ],
          "polyfit5":[
            1.3593880459865222,
            -0.023240063840655342,
            0.0008116944678578883,
            -1.5776650365699374e-05,
            1.6053257706142728e-07,
            -8.131643765881637e-10,
            1.6210028453281755e-12
          ],
          "polyfit6":[
            1.3593880459865222,
            -0.023240063840655342,
            0.0008116944678578883,
            -1.5776650365699374e-05,
            1.6053257706142728e-07,
            -8.131643765881637e-10,
            1.6210028453281755e-12
          ],
          "polyfit7":[
            1.3593880459865222,
            -0.023240063840655342,
            0.0008116944678578883,
            -1.5776650365699374e-05,
            1.6053257706142728e-07,
            -8.131643765881637e-10,
            1.6210028453281755e-12
          ],
          "polyfit8":[
            1.3593880459865222,
            -0.023240063840655342,
            0.0008116944678578883,
            -1.5776650365699374e-05,
            1.6053257706142728e-07,
            -8.131643765881637e-10,
            1.6210028453281755e-12
          ]
        },
        "binWgt_above_600":{
          "binWgt":0.746527808053004
        }
      }
    }
  }
}