{
  "2016-postVFP":{
    "boosted":{
      "mjj":{
        "lowmass_10_to_150":{
          "polyfit2":[
            1.056861914740879,
            -0.0011304973423637299,
            1.1128918410883416e-05
          ],
          "polyfit3":[
            1.086366114625203,
            -0.002786953260140771,
            3.7385241375518445e-05,
            -1.21038252216268e-07
          ],
          "polyfit4":[
            1.0289847432437882,
            0.0017833110950735119,
            -7.928895789038671e-05,
            1.0435941515710134e-06,
            -3.924124771851298e-09
          ],
          "polyfit5":[
            0.7690036827482776,
            0.02880036772510829,
            -0.00104688823483437,
            1.639218592736395e-05,
            -1.1409764646155177e-07,
            2.9119510793326775e-10
          ],
          "polyfit6":[
            0.547603918947319,
            0.05734775079955709,
            -0.002384385135291349,
            4.623262077467536e-05,
            -4.546027121326452e-07,
            2.203156161958164e-09,
            -4.177208280156185e-12
          ],
          "polyfit7":[
            -0.16019981915978457,
            0.1655997252152191,
            -0.008661205901569928,
            0.00022850057109793177,
            -3.361037144197762e-06,
            2.797304123433698e-08,
            -1.230351207452867e-10,
            2.2189093855793852e-13
          ],
          "polyfit8":[
            -2.838647437401052,
            0.6331997868309513,
            -0.04070887550153491,
            0.0013714486047789731,
            -2.6848875796268184e-05,
            3.157594266720559e-07,
            -2.1943116847811963e-09,
            8.28822905566807e-12,
            -1.3096615727917167e-14
          ]
        },
        "binWgt_above_150":{
          "binWgt":1.2071797227728613
        }
      }
    },
    "resolved":{
      "mjj":{
        "highmass_150_to_600":{
          "polyfit2":[
            1.1328269744077215,
            -0.001114274788206466,
            9.790312170813653e-07
          ],
          "polyfit3":[
            1.1468683772977286,
            -0.0012672953580456319,
            1.486848431895616e-06,
            -5.132203222715898e-10
          ],
          "polyfit4":[
            1.1071898142454553,
            -0.0007028791971188383,
            -1.3297395214035003e-06,
            5.3323037753674814e-09,
            -4.275913260243924e-12
          ],
          "polyfit5":[
            0.6292569195963224,
            0.0076875206641790015,
            -5.7231767375500574e-05,
            1.8203810960836313e-07,
            -2.698511532231921e-10,
            1.5237266443216359e-13
          ],
          "polyfit6":[
            -0.8821200882172366,
            0.03921260233759865,
            -0.0003195997438136185,
            1.2973123488595724e-06,
            -2.8268612442014377e-09,
            3.1569013646361345e-12,
            -1.417381303970498e-15
          ],
          "polyfit7":[
            2.8415691736214757,
            -0.05077778517668179,
            0.0005788047195129437,
            -3.5057705485238897e-06,
            1.2035458311534875e-08,
            -2.3496666411010812e-11,
            2.4279316696568122e-14,
            -1.0295257646390571e-17
          ],
          "polyfit8":[
            -4.753231301747137,
            0.15789242034831993,
            -0.0018506257904253637,
            1.2148645101733787e-05,
            -4.9056338674412815e-08,
            1.2449266776046317e-10,
            -1.9329620534682702e-13,
            1.6746440117703683e-16,
            -6.18875120889872e-20
          ]
        },
        "lowmass_10_to_150":{
          "polyfit2":[
            1.627540363884659,
            -0.03147620569165715,
            0.0011860981351494932,
            -2.3134974841328448e-05,
            2.274590485539058e-07,
            -1.0940886444003507e-09,
            2.0562259859111154e-12
          ],
          "polyfit3":[
            1.627540363884659,
            -0.03147620569165715,
            0.0011860981351494932,
            -2.3134974841328448e-05,
            2.274590485539058e-07,
            -1.0940886444003507e-09,
            2.0562259859111154e-12
          ],
          "polyfit4":[
            1.627540363884659,
            -0.03147620569165715,
            0.0011860981351494932,
            -2.3134974841328448e-05,
            2.274590485539058e-07,
            -1.0940886444003507e-09,
            2.0562259859111154e-12
          ],
          "polyfit5":[
            1.627540363884659,
            -0.03147620569165715,
            0.0011860981351494932,
            -2.3134974841328448e-05,
            2.274590485539058e-07,
            -1.0940886444003507e-09,
            2.0562259859111154e-12
          ],
          "polyfit6":[
            1.627540363884659,
            -0.03147620569165715,
            0.0011860981351494932,
            -2.3134974841328448e-05,
            2.274590485539058e-07,
            -1.0940886444003507e-09,
            2.0562259859111154e-12
          ],
          "polyfit7":[
            1.627540363884659,
            -0.03147620569165715,
            0.0011860981351494932,
            -2.3134974841328448e-05,
            2.274590485539058e-07,
            -1.0940886444003507e-09,
            2.0562259859111154e-12
          ],
          "polyfit8":[
            1.627540363884659,
            -0.03147620569165715,
            0.0011860981351494932,
            -2.3134974841328448e-05,
            2.274590485539058e-07,
            -1.0940886444003507e-09,
            2.0562259859111154e-12
          ]
        },
        "binWgt_above_600":{
          "binWgt":0.7645513738678982
        }
      }
    }
  }
}