{
  "2017":{
    "boosted":{
      "mjj":{
        "lowmass_10_to_150":{
          "polyfit2":[
            0.857374091939429,
            0.0035705116334107056,
            -8.600808726841975e-06
          ],
          "polyfit3":[
            0.9280327682307045,
            -0.0005404983708865092,
            5.8092936251205116e-05,
            -3.1008373936836943e-07
          ],
          "polyfit4":[
            0.6125652525181561,
            0.025517024194361106,
            -0.0006249215219741875,
            6.637539359821465e-06,
            -2.3697151137389024e-08
          ],
          "polyfit5":[
            0.031605277230963076,
            0.08804534754543006,
            -0.002928190655100144,
            4.402312876104358e-05,
            -2.970816118573649e-07,
            7.334999217243825e-10
          ],
          "polyfit6":[
            0.21454682217913448,
            0.063990943378666,
            -0.001784319956980244,
            1.8202472295003856e-05,
            3.461605653691791e-10,
            -9.497067419238192e-10,
            3.70258702602813e-12
          ],
          "polyfit7":[
            -0.55536416461497,
            0.1827743149456504,
            -0.008713795469239567,
            0.00022022134164406562,
            -3.227771449337717e-06,
            2.7684902301963892e-08,
            -1.2825326576368314e-10,
            2.4591258340926233e-13
          ],
          "polyfit8":[
            -0.6684188337104883,
            0.20259976037939967,
            -0.010077350428732987,
            0.0002689728116339044,
            -4.2309911388706665e-06,
            3.997908155394228e-08,
            -2.1665131216064344e-10,
            5.894741287315007e-13,
            -5.562077462412379e-16
          ]
        },
        "binWgt_above_150":{
          "binWgt":1.342646494895719
        }
      }
    },
    "resolved":{
      "mjj":{
        "highmass_150_to_600":{
          "polyfit2":[
            0.9589957901042392,
            -0.00026771866560014197,
            1.1924788827368558e-07
          ],
          "polyfit3":[
            1.0577871230904887,
            -0.0013200564606756443,
            3.522137952815814e-06,
            -3.3592358264810205e-09
          ],
          "polyfit4":[
            1.1960856599446494,
            -0.003256890855986813,
            1.3031037546295972e-05,
            -2.2790727440931575e-08,
            1.4019656998000004e-11
          ],
          "polyfit5":[
            0.7245242066108132,
            0.004924557080034389,
            -4.080031686190758e-05,
            1.4522899081915582e-07,
            -2.3546633667484917e-10,
            1.415669620153087e-13
          ],
          "polyfit6":[
            0.9890225505921182,
            -0.0005373915240190392,
            4.1734328424174865e-06,
            -4.385654769350841e-08,
            1.9337179803854033e-10,
            -3.5711194238889893e-13,
            2.3297350209373775e-16
          ],
          "polyfit7":[
            -3.279762661763743,
            0.10164022154158191,
            -0.0010057836727338507,
            5.301550209892863e-06,
            -1.618435701285375e-08,
            2.8736807609880987e-11,
            -2.7566854129977823e-14,
            1.1045700484149278e-17
          ],
          "polyfit8":[
            0.1413680972313209,
            0.008420050332189278,
            7.03929333853257e-05,
            -1.5746075485176494e-06,
            1.0428255318232688e-08,
            -3.521511356221444e-11,
            6.574106963394579e-14,
            -6.4641576919395e-17,
            2.6174933793677834e-20
          ]
        },
        "lowmass_10_to_150":{
          "polyfit2":[
            0.6015622280242245,
            0.08105935790739754,
            -0.0038135794457178937,
            8.487123183215476e-05,
            -1.0369593011636544e-06,
            7.109342957524272e-09,
            -2.5647837002782528e-11,
            3.791247169298921e-14
          ],
          "polyfit3":[
            0.6015622280242245,
            0.08105935790739754,
            -0.0038135794457178937,
            8.487123183215476e-05,
            -1.0369593011636544e-06,
            7.109342957524272e-09,
            -2.5647837002782528e-11,
            3.791247169298921e-14
          ],
          "polyfit4":[
            0.6015622280242245,
            0.08105935790739754,
            -0.0038135794457178937,
            8.487123183215476e-05,
            -1.0369593011636544e-06,
            7.109342957524272e-09,
            -2.5647837002782528e-11,
            3.791247169298921e-14
          ],
          "polyfit5":[
            0.6015622280242245,
            0.08105935790739754,
            -0.0038135794457178937,
            8.487123183215476e-05,
            -1.0369593011636544e-06,
            7.109342957524272e-09,
            -2.5647837002782528e-11,
            3.791247169298921e-14
          ],
          "polyfit6":[
            0.6015622280242245,
            0.08105935790739754,
            -0.0038135794457178937,
            8.487123183215476e-05,
            -1.0369593011636544e-06,
            7.109342957524272e-09,
            -2.5647837002782528e-11,
            3.791247169298921e-14
          ],
          "polyfit7":[
            0.6015622280242245,
            0.08105935790739754,
            -0.0038135794457178937,
            8.487123183215476e-05,
            -1.0369593011636544e-06,
            7.109342957524272e-09,
            -2.5647837002782528e-11,
            3.791247169298921e-14
          ],
          "polyfit8":[
            0.6015622280242245,
            0.08105935790739754,
            -0.0038135794457178937,
            8.487123183215476e-05,
            -1.0369593011636544e-06,
            7.109342957524272e-09,
            -2.5647837002782528e-11,
            3.791247169298921e-14
          ]
        },
        "binWgt_above_600":{
          "binWgt":0.8321081370738962
        }
      }
    }
  }
}