{
  "2016-postVFP":{
    "boosted":{
      "mjj":{
        "lowmass_10_to_150":{
          "polyfit2":[
            1.056861914740879,
            -0.0011304973423637299,
            1.1128918410883416e-05
          ],
          "polyfit3":[
            1.086366114625203,
            -0.002786953260140771,
            3.7385241375518445e-05,
            -1.21038252216268e-07
          ],
          "polyfit4":[
            1.0289847432437882,
            0.0017833110950735119,
            -7.928895789038671e-05,
            1.0435941515710134e-06,
            -3.924124771851298e-09
          ],
          "polyfit5":[
            0.7690036827482776,
            0.02880036772510829,
            -0.00104688823483437,
            1.639218592736395e-05,
            -1.1409764646155177e-07,
            2.9119510793326775e-10
          ],
          "polyfit6":[
            0.547603918947319,
            0.05734775079955709,
            -0.002384385135291349,
            4.623262077467536e-05,
            -4.546027121326452e-07,
            2.203156161958164e-09,
            -4.177208280156185e-12
          ],
          "polyfit7":[
            -0.16019981915978457,
            0.1655997252152191,
            -0.008661205901569928,
            0.00022850057109793177,
            -3.361037144197762e-06,
            2.797304123433698e-08,
            -1.230351207452867e-10,
            2.2189093855793852e-13
          ],
          "polyfit8":[
            -2.838647437401052,
            0.6331997868309513,
            -0.04070887550153491,
            0.0013714486047789731,
            -2.6848875796268184e-05,
            3.157594266720559e-07,
            -2.1943116847811963e-09,
            8.28822905566807e-12,
            -1.3096615727917167e-14
          ]
        },
        "binWgt_above_150":{
          "binWgt":1.2071797227728613
        }
      }
    },
    "resolved":{
      "mjj":{
        "highmass_150_to_600":{
          "polyfit2":[
            1.1328269744077415,
            -0.0011142747882066115,
            9.790312170815952e-07
          ],
          "polyfit3":[
            1.146868377298024,
            -0.0012672953580487774,
            1.4868484319058079e-06,
            -5.132203222816632e-10
          ],
          "polyfit4":[
            1.1071898142510255,
            -0.0007028791971968346,
            -1.3297395210207568e-06,
            5.33230377458623e-09,
            -4.275913259681188e-12
          ],
          "polyfit5":[
            0.6292569210165473,
            0.007687520639431156,
            -5.7231767211917946e-05,
            1.820381090954332e-07,
            -2.6985115245832594e-10,
            1.5237266399655684e-13
          ],
          "polyfit6":[
            -0.8821198354013999,
            0.03921259710383059,
            -0.00031959970059991256,
            1.2973121666502106e-06,
            -2.826860829792272e-09,
            3.1569008814694035e-12,
            -1.417381077711402e-15
          ],
          "polyfit7":[
            2.8415544175054457,
            -0.05077743152164106,
            0.0005788012193249784,
            -3.5057520001731707e-06,
            1.203540141977979e-08,
            -2.3496565257909003e-11,
            2.4279219980043883e-14,
            -1.0295219201830085e-17
          ],
          "polyfit8":[
            -4.752625802308753,
            0.1578759597563102,
            -0.0018504362408080202,
            1.2147437262388902e-05,
            -4.905167738171049e-08,
            1.2448149982780297e-10,
            -1.9327996118689474e-13,
            1.6745126603535096e-16,
            -6.188298397320143e-20
          ]
        },
        "lowmass_10_to_150":{
          "polyfit2":[
            1.6275403627274942,
            -0.03147620555743581,
            0.0011860981294707622,
            -2.3134974726294493e-05,
            2.2745904735346236e-07,
            -1.0940886381852719e-09,
            2.0562259732867734e-12
          ],
          "polyfit3":[
            1.6275403627274942,
            -0.03147620555743581,
            0.0011860981294707622,
            -2.3134974726294493e-05,
            2.2745904735346236e-07,
            -1.0940886381852719e-09,
            2.0562259732867734e-12
          ],
          "polyfit4":[
            1.6275403627274942,
            -0.03147620555743581,
            0.0011860981294707622,
            -2.3134974726294493e-05,
            2.2745904735346236e-07,
            -1.0940886381852719e-09,
            2.0562259732867734e-12
          ],
          "polyfit5":[
            1.6275403627274942,
            -0.03147620555743581,
            0.0011860981294707622,
            -2.3134974726294493e-05,
            2.2745904735346236e-07,
            -1.0940886381852719e-09,
            2.0562259732867734e-12
          ],
          "polyfit6":[
            1.6275403627274942,
            -0.03147620555743581,
            0.0011860981294707622,
            -2.3134974726294493e-05,
            2.2745904735346236e-07,
            -1.0940886381852719e-09,
            2.0562259732867734e-12
          ],
          "polyfit7":[
            1.6275403627274942,
            -0.03147620555743581,
            0.0011860981294707622,
            -2.3134974726294493e-05,
            2.2745904735346236e-07,
            -1.0940886381852719e-09,
            2.0562259732867734e-12
          ],
          "polyfit8":[
            1.6275403627274942,
            -0.03147620555743581,
            0.0011860981294707622,
            -2.3134974726294493e-05,
            2.2745904735346236e-07,
            -1.0940886381852719e-09,
            2.0562259732867734e-12
          ]
        },
        "binWgt_above_600":{
          "binWgt":0.7645513738678982
        }
      }
    }
  }
}