{
  "2018":{
    "boosted":{
      "mjj":{
        "lowmass_10_to_150":{
          "polyfit2":[
            0.7870645295947727,
            0.0035103769178788857,
            -1.44352387845376e-05
          ],
          "polyfit3":[
            0.8275060850738397,
            0.0012356253162009634,
            2.1271721319841785e-05,
            -1.6132168186227004e-07
          ],
          "polyfit4":[
            0.5455603325333033,
            0.024092995137050446,
            -0.0005616892567273295,
            5.6027578088215426e-06,
            -1.915023173966252e-08
          ],
          "polyfit5":[
            -0.15862073964338072,
            0.098779215883668,
            -0.0032438133618088224,
            4.793628877791715e-05,
            -3.2024533660553135e-07,
            7.867536446059628e-10
          ],
          "polyfit6":[
            -0.609106011279574,
            0.15768123294481898,
            -0.0060095773832697695,
            0.0001094608866645518,
            -1.0184504254601747e-06,
            4.68036887838909e-09,
            -8.442096590386126e-12
          ],
          "polyfit7":[
            -0.6810385079580356,
            0.16869570982445375,
            -0.00664494619922778,
            0.00012776999283429095,
            -1.3079527522897098e-06,
            7.2255772563676485e-09,
            -2.008556484880571e-11,
            2.1568482648765875e-14
          ],
          "polyfit8":[
            -3.172687971847142,
            0.6019994530741395,
            -0.036150743809877504,
            0.0011724545775021332,
            -2.262069497195255e-05,
            2.665322063211214e-07,
            -1.873933604719932e-09,
            7.195559615156262e-12,
            -1.157844284009428e-14
          ]
        },
        "binWgt_above_150":{
          "binWgt":1.166225458678115
        }
      }
    },
    "resolved":{
      "mjj":{
        "highmass_150_to_600":{
          "polyfit2":[
            0.8910732783472803,
            -0.000120348556247834,
            -1.5056722012794507e-08
          ],
          "polyfit3":[
            0.9866148028353346,
            -0.001129336346584471,
            3.223078515327139e-06,
            -3.1732002602158247e-09
          ],
          "polyfit4":[
            1.029361683450063,
            -0.001723025736520445,
            6.113600792372979e-06,
            -9.03162930191912e-09,
            4.19383711476816e-12
          ],
          "polyfit5":[
            0.04321348335685451,
            0.015257387616540156,
            -0.00010477159596016147,
            3.345058173777473e-07,
            -5.022102055989496e-10,
            2.853188222021713e-13
          ],
          "polyfit6":[
            -1.9449700527342708,
            0.056076103525069775,
            -0.00043898987821550675,
            1.7321191351543611e-06,
            -3.6555293792628764e-09,
            3.933833257356419e-12,
            -1.6962295987354937e-15
          ],
          "polyfit7":[
            -1.7808840434191844,
            0.052158740730096895,
            -0.0004003658825654734,
            1.5281913602575838e-06,
            -3.032235008053219e-09,
            2.829316546425815e-12,
            -6.434875477809446e-16,
            -4.172155147673403e-19
          ],
          "polyfit8":[
            -11.735849337867824,
            0.3226767427857124,
            -0.003514476269723542,
            2.1366801548347398e-05,
            -7.957910206769879e-08,
            1.862041505515229e-10,
            -2.6735135122958327e-13,
            2.1524228574689898e-16,
            -7.434763043087182e-20
          ]
        },
        "lowmass_10_to_150":{
          "polyfit2":[
            0.6992419466977955,
            0.06003564367303573,
            -0.0025757694347726674,
            4.810666652625009e-05,
            -4.5823261291285455e-07,
            2.178532910495618e-09,
            -4.099190987463274e-12
          ],
          "polyfit3":[
            0.6992419466977955,
            0.06003564367303573,
            -0.0025757694347726674,
            4.810666652625009e-05,
            -4.5823261291285455e-07,
            2.178532910495618e-09,
            -4.099190987463274e-12
          ],
          "polyfit4":[
            0.6992419466977955,
            0.06003564367303573,
            -0.0025757694347726674,
            4.810666652625009e-05,
            -4.5823261291285455e-07,
            2.178532910495618e-09,
            -4.099190987463274e-12
          ],
          "polyfit5":[
            0.6992419466977955,
            0.06003564367303573,
            -0.0025757694347726674,
            4.810666652625009e-05,
            -4.5823261291285455e-07,
            2.178532910495618e-09,
            -4.099190987463274e-12
          ],
          "polyfit6":[
            0.6992419466977955,
            0.06003564367303573,
            -0.0025757694347726674,
            4.810666652625009e-05,
            -4.5823261291285455e-07,
            2.178532910495618e-09,
            -4.099190987463274e-12
          ],
          "polyfit7":[
            0.6992419466977955,
            0.06003564367303573,
            -0.0025757694347726674,
            4.810666652625009e-05,
            -4.5823261291285455e-07,
            2.178532910495618e-09,
            -4.099190987463274e-12
          ],
          "polyfit8":[
            0.6992419466977955,
            0.06003564367303573,
            -0.0025757694347726674,
            4.810666652625009e-05,
            -4.5823261291285455e-07,
            2.178532910495618e-09,
            -4.099190987463274e-12
          ]
        },
        "binWgt_above_600":{
          "binWgt":0.8074774154035729
        }
      }
    }
  }
}