{
  "2018":{
    "resolved":{
      "mjj":{
        "polyfit6":[
          0.7553522634839858,
          0.05169702017877705,
          -0.0022524816867271714,
          4.300249142735935e-05,
          -4.1900321767180994e-07,
          2.0296238673881623e-09,
          -3.871123104502847e-12
        ],
        "polyfit4":[
          0.929283358428541,
          -0.0005694910149780903,
          1.1304672086920146e-06,
          -1.4868272149980646e-09,
          8.80011510655138e-13
        ],
        "binWgt":0.7495615455569551,
        "polyfit5":[
          0.3939025392567831,
          0.00866037043453677,
          -5.924926701294516e-05,
          1.8602809390350603e-07,
          -2.7634693423336154e-10,
          1.5671240986199256e-13
        ],
        "polyfit7":[
          1.9169758063988998,
          -0.026205416161890285,
          0.0002690796297115501,
          -1.4639923011341842e-06,
          4.5110107861292945e-09,
          -7.88093702610117e-12,
          7.24950554799648e-15,
          -2.7171605360865712e-18
        ],
        "polyfit8":[
          4.28485969130814,
          -0.09061995510997002,
          0.0010114837431290185,
          -6.199768349101736e-06,
          2.281044151978047e-08,
          -5.1787846907071015e-11,
          7.121654294873204e-14,
          -5.453151601276372e-17,
          1.7895054502094235e-20
        ]
      },
      "mlljj":{}
    },
    "boosted":{
      "mjj":{
        "polyfit4":[
          0.6507802905714795,
          0.017155326321872708,
          -0.00039781825980912097,
          4.067853885450769e-06,
          -1.4338503214102563e-08
        ],
        "binWgt":1.1640388783785967,
        "polyfit5":[
          0.033328868012749584,
          0.08245336241435702,
          -0.002738236720446124,
          4.093336150145875e-05,
          -2.759800954315247e-07,
          6.82152509971049e-10
        ],
        "polyfit6":[
          -0.5634812723761555,
          0.160350379586158,
          -0.006390717408278334,
          0.00012208700264744747,
          -1.1959874360307742e-06,
          5.807855977771862e-09,
          -1.1103749781522099e-11
        ],
        "polyfit7":[
          -0.9811809386481959,
          0.2242178590009052,
          -0.010070009163027253,
          0.0002279931405889067,
          -2.8689198424256048e-06,
          2.0502655159420674e-08,
          -7.827373339842104e-11,
          1.2433716226384673e-13
        ],
        "polyfit8":[
          -4.147206766999667,
          0.774419574068509,
          -0.04751620762818451,
          0.0015534153107612445,
          -2.9904803112483014e-05,
          3.4941802087186846e-07,
          -2.4297268352360378e-09,
          9.224078868840142e-12,
          -1.4687027390362818e-14
        ]
      },
      "mlljj":{}
    }
  }
}