{
  "2017":{
    "resolved":{
      "mjj":{
        "polyfit2":[
          -0.014596996506877881,
          0.15280376940806376,
          -0.007030727223796883,
          0.00015942473753707183,
          -2.010888700446376e-06,
          1.4352769147758431e-08,
          -5.4299746410470586e-11,
          8.475397861187127e-14
        ],
        "binWgt":0.8415568611674213,
        "polyfit3":[
          -0.014596996506877881,
          0.15280376940806376,
          -0.007030727223796883,
          0.00015942473753707183,
          -2.010888700446376e-06,
          1.4352769147758431e-08,
          -5.4299746410470586e-11,
          8.475397861187127e-14
        ],
        "polyfit4":[
          -0.014596996506877881,
          0.15280376940806376,
          -0.007030727223796883,
          0.00015942473753707183,
          -2.010888700446376e-06,
          1.4352769147758431e-08,
          -5.4299746410470586e-11,
          8.475397861187127e-14
        ],
        "polyfit5":[
          -0.014596996506877881,
          0.15280376940806376,
          -0.007030727223796883,
          0.00015942473753707183,
          -2.010888700446376e-06,
          1.4352769147758431e-08,
          -5.4299746410470586e-11,
          8.475397861187127e-14
        ],
        "polyfit6":[
          -0.014596996506877881,
          0.15280376940806376,
          -0.007030727223796883,
          0.00015942473753707183,
          -2.010888700446376e-06,
          1.4352769147758431e-08,
          -5.4299746410470586e-11,
          8.475397861187127e-14
        ],
        "polyfit7":[
          -0.014596996506877881,
          0.15280376940806376,
          -0.007030727223796883,
          0.00015942473753707183,
          -2.010888700446376e-06,
          1.4352769147758431e-08,
          -5.4299746410470586e-11,
          8.475397861187127e-14
        ],
        "polyfit8":[
          -0.014596996506877881,
          0.15280376940806376,
          -0.007030727223796883,
          0.00015942473753707183,
          -2.010888700446376e-06,
          1.4352769147758431e-08,
          -5.4299746410470586e-11,
          8.475397861187127e-14
        ]
      },
      "mlljj":{}
    },
    "boosted":{
      "mjj":{
        "polyfit2":[
          0.8756027076491143,
          0.0038117093438875217,
          -1.3071248452976545e-05
        ],
        "binWgt":1.469908511956042,
        "polyfit3":[
          0.9791109289984663,
          -0.0021616880409307433,
          8.287338025466363e-05,
          -4.406252507022948e-07
        ],
        "polyfit4":[
          0.5944403526061208,
          0.029417251872167698,
          -0.0007379626675882326,
          7.830848690931698e-06,
          -2.7926638441694925e-08
        ],
        "polyfit5":[
          -0.016945307586449087,
          0.09468586639962762,
          -0.003121569613918116,
          4.6201350236761095e-05,
          -3.062761423828819e-07,
          7.409500257359849e-10
        ],
        "polyfit6":[
          0.004348520569570562,
          0.09189910557734621,
          -0.0029896168145319346,
          4.3235200963908995e-05,
          -2.722557242690928e-07,
          5.492880305317081e-10,
          4.1961372043293267e-13
        ],
        "polyfit7":[
          -0.5387148245851582,
          0.1756154655949211,
          -0.007869264948065568,
          0.00018530735544962338,
          -2.538465169380253e-06,
          2.0608798358677562e-08,
          -9.179812338770396e-11,
          1.7140692327520931e-13
        ],
        "polyfit8":[
          1.0452277582205278,
          -0.10201430854078766,
          0.011209394769981933,
          -0.0004959200319192157,
          1.1457601556069711e-05,
          -1.5061061826810045e-07,
          1.1370906411070932e-09,
          -4.595988845279533e-12,
          7.70404712592237e-15
        ]
      },
      "mlljj":{}
    }
  }
}