{
  "2017":{
    "boosted":{
      "mjj":{
        "lowmass_10_to_150":{
          "polyfit2":[
            0.875602707649121,
            0.0038117093438873157,
            -1.3071248452975194e-05
          ],
          "polyfit3":[
            0.9791109289984584,
            -0.00216168804093015,
            8.287338025465284e-05,
            -4.406252507022419e-07
          ],
          "polyfit4":[
            0.5944403526069613,
            0.029417251872103523,
            -0.0007379626675866634,
            7.830848690916667e-06,
            -2.7926638441646204e-08
          ],
          "polyfit5":[
            -0.016945307557540888,
            0.09468586639665964,
            -0.0031215696138134352,
            4.620135023512662e-05,
            -3.0627614237133236e-07,
            7.409500257059182e-10
          ],
          "polyfit6":[
            0.004348520691245546,
            0.09189910556220207,
            -0.002989616813849121,
            4.323520094924655e-05,
            -2.7225572410779466e-07,
            5.492880296564199e-10,
            4.1961372228638507e-13
          ],
          "polyfit7":[
            -0.5387148529922,
            0.17561546993981172,
            -0.007869265199235852,
            0.00018530736270343327,
            -2.5384652842029955e-06,
            2.0608799367868254e-08,
            -9.179812799735081e-11,
            1.7140693179350527e-13
          ],
          "polyfit8":[
            1.045231798145796,
            -0.10201500916543053,
            0.011209442367721686,
            -0.0004959217119438403,
            1.145763568954844e-05,
            -1.5061103146739117e-07,
            1.1370935780137366e-09,
            -4.596000137735485e-12,
            7.70406522719504e-15
          ]
        },
        "binWgt_above_150":{
          "binWgt":1.469908511956042
        }
      }
    },
    "resolved":{
      "mjj":{
        "highmass_150_to_600":{
          "polyfit2":[
            0.9369873702801224,
            -2.1720222119225243e-05,
            -2.7459478465402174e-07
          ],
          "polyfit3":[
            0.9155423140055843,
            0.00020695293432323653,
            -1.014752519811958e-06,
            7.31511873336513e-10
          ],
          "polyfit4":[
            1.1367531774656663,
            -0.0028913797634770658,
            1.4195487213685245e-05,
            -3.0343332450480314e-08,
            2.241369063965755e-11
          ],
          "polyfit5":[
            1.3422643655958668,
            -0.00645757750108522,
            3.7667310460880356e-05,
            -1.0363703977285351e-07,
            1.3130547738029968e-10,
            -6.182677449214138e-14
          ],
          "polyfit6":[
            0.7268364300000063,
            0.006248481047973703,
            -6.692303889410801e-05,
            3.3590979915764867e-07,
            -8.65017191166239e-10,
            1.096009298815621e-12,
            -5.405401124903889e-16
          ],
          "polyfit7":[
            -4.28323189627359,
            0.12621610468357414,
            -0.001253189237999197,
            6.6168373662549765e-06,
            -2.011575367588724e-08,
            3.530402126646099e-11,
            -3.323509878594473e-14,
            1.2992895918115067e-17
          ],
          "polyfit8":[
            9.623328805663686,
            -0.2530459682625802,
            0.003128928035256305,
            -2.1405176097555963e-05,
            8.841933609370716e-08,
            -2.256947854630219e-10,
            3.4781164588949377e-13,
            -2.9627189013844917e-16,
            1.0700763886148688e-19
          ]
        },
        "lowmass_10_to_150":{
          "polyfit2":[
            -0.014596101417601126,
            0.15280365954803055,
            -0.007030721938478128,
            0.00015942460697812574,
            -2.0108868930925166e-06,
            1.4352754994716972e-08,
            -5.429968789597847e-11,
            8.475387942011124e-14
          ],
          "polyfit3":[
            -0.014596101417601126,
            0.15280365954803055,
            -0.007030721938478128,
            0.00015942460697812574,
            -2.0108868930925166e-06,
            1.4352754994716972e-08,
            -5.429968789597847e-11,
            8.475387942011124e-14
          ],
          "polyfit4":[
            -0.014596101417601126,
            0.15280365954803055,
            -0.007030721938478128,
            0.00015942460697812574,
            -2.0108868930925166e-06,
            1.4352754994716972e-08,
            -5.429968789597847e-11,
            8.475387942011124e-14
          ],
          "polyfit5":[
            -0.014596101417601126,
            0.15280365954803055,
            -0.007030721938478128,
            0.00015942460697812574,
            -2.0108868930925166e-06,
            1.4352754994716972e-08,
            -5.429968789597847e-11,
            8.475387942011124e-14
          ],
          "polyfit6":[
            -0.014596101417601126,
            0.15280365954803055,
            -0.007030721938478128,
            0.00015942460697812574,
            -2.0108868930925166e-06,
            1.4352754994716972e-08,
            -5.429968789597847e-11,
            8.475387942011124e-14
          ],
          "polyfit7":[
            -0.014596101417601126,
            0.15280365954803055,
            -0.007030721938478128,
            0.00015942460697812574,
            -2.0108868930925166e-06,
            1.4352754994716972e-08,
            -5.429968789597847e-11,
            8.475387942011124e-14
          ],
          "polyfit8":[
            -0.014596101417601126,
            0.15280365954803055,
            -0.007030721938478128,
            0.00015942460697812574,
            -2.0108868930925166e-06,
            1.4352754994716972e-08,
            -5.429968789597847e-11,
            8.475387942011124e-14
          ]
        },
        "binWgt_above_600":{
          "binWgt":0.8415568611674213
        }
      }
    }
  }
}