{
  "2016-postVFP":{
    "resolved":{
      "mjj":{
        "polyfit6":[
          1.5578900771015034,
          -0.029287255610033196,
          0.0011903532969292315,
          -2.4753140319623906e-05,
          2.5711844040074904e-07,
          -1.3013184833325703e-09,
          2.566877639057977e-12
        ],
        "polyfit4":[
          0.89791423525655,
          0.0016445718754749853,
          -1.1554820255286043e-05,
          2.4009860435974488e-08,
          -1.6488652061379092e-11
        ],
        "binWgt":0.7522866696999689,
        "polyfit5":[
          0.46211494892155136,
          0.009294646933266744,
          -6.251631532052513e-05,
          1.8506636340607002e-07,
          -2.585086942347977e-10,
          1.3885614274920852e-13
        ],
        "polyfit7":[
          1.263152848463444,
          -0.007477891886925036,
          7.785665718366867e-05,
          -4.1686874413553564e-07,
          1.1424412453610024e-09,
          -1.5579532123793262e-12,
          8.736346469587877e-16,
          -5.769723981306085e-20
        ],
        "polyfit8":[
          -6.6161909716481055,
          0.20901962504350446,
          -0.002442799124707891,
          1.5825978811103494e-05,
          -6.22485428429466e-08,
          1.5201029038402542e-10,
          -2.2492334055967293e-13,
          1.8444023852742065e-16,
          -6.424301345867776e-20
        ]
      },
      "mlljj":{}
    },
    "boosted":{
      "mjj":{
        "polyfit4":[
          0.9692272040091608,
          0.005477468615228224,
          -0.00018616168778222306,
          2.2575767056011595e-06,
          -8.474457622751678e-09
        ],
        "binWgt":1.164759189423075,
        "polyfit5":[
          0.5801376117439005,
          0.046060938814284386,
          -0.0016412227801989615,
          2.533341785209326e-05,
          -1.739157966570976e-07,
          4.3640305642401166e-10
        ],
        "polyfit6":[
          0.3157433562460017,
          0.08019074997984744,
          -0.0032386427522797206,
          6.0903096640690794e-05,
          -5.788289077415792e-07,
          2.7042331309443073e-09,
          -4.942017589997764e-12
        ],
        "polyfit7":[
          -0.28702319071434523,
          0.17229899380349858,
          -0.008568513099541581,
          0.00021528395201588705,
          -3.033852496964231e-06,
          2.4409607153262e-08,
          -1.0476227902802547e-10,
          1.8581101956500807e-13
        ],
        "polyfit8":[
          -1.805821016755534,
          0.43702760425873793,
          -0.026670276266084213,
          0.0008591159128798336,
          -1.6225411158964207e-05,
          1.855300873150059e-07,
          -1.2605894956564483e-09,
          4.671984833294247e-12,
          -7.259342631946384e-15
        ]
      },
      "mlljj":{}
    }
  }
}