{
  "2018":{
    "resolved":{
      "mjj":{
        "polyfit6":[
          1.452434832273001,
          -0.013463256179269502,
          9.933053159539645e-05,
          1.8238215113638549e-06,
          -4.127043126828209e-08,
          2.8049260761562094e-10,
          -6.441149185641254e-13
        ],
        "polyfit4":[
          0.8926069470105961,
          0.00036414297682064593,
          -3.367711652183074e-06,
          7.085688618597547e-09,
          -4.84755090678423e-12
        ],
        "binWgt":0.8047461786229516,
        "polyfit5":[
          1.0829033977905949,
          -0.0029040352295150594,
          1.766249333925686e-05,
          -5.638031915023676e-08,
          8.533771127119034e-11,
          -4.8539638755788924e-14
        ],
        "polyfit7":[
          0.7072616991205273,
          0.0027862944079207748,
          -4.820891758894115e-06,
          -1.1278997120470924e-07,
          7.591487562915256e-10,
          -2.0352644726078923e-12,
          2.537301957231024e-15,
          -1.2132637297451384e-18
        ],
        "polyfit8":[
          16.137251636538476,
          -0.4100010361104389,
          0.004640840502925658,
          -2.8851124859981555e-05,
          1.0774278553778035e-07,
          -2.4783136164387415e-10,
          3.4353841970301406e-13,
          -2.629444660197533e-16,
          8.527857160613538e-20
        ]
      },
      "mlljj":{}
    },
    "boosted":{
      "mjj":{
        "polyfit4":[
          0.45751238675467715,
          0.026668053655235918,
          -0.0004973306046985114,
          4.06070991820143e-06,
          -1.1359443607147612e-08
        ],
        "binWgt":1.11605324516198,
        "polyfit5":[
          0.1673090377303869,
          0.06327564611984028,
          -0.0018535521011754951,
          2.4503612603494312e-05,
          -1.431082999421406e-07,
          3.0041871447880864e-10
        ],
        "polyfit6":[
          0.009546438331911105,
          0.08788940740600777,
          -0.0030357981102199557,
          4.9325827163938994e-05,
          -3.956276536775617e-07,
          1.5183169274480744e-09,
          -2.2260276928456364e-12
        ],
        "polyfit7":[
          -0.0293185521379671,
          0.09484953752404401,
          -0.003441351791854148,
          6.0256322583047094e-05,
          -5.495258666523091e-07,
          2.6819338086688595e-09,
          -6.687625166602183e-12,
          6.794157912393381e-15
        ],
        "polyfit8":[
          1.020670738426339,
          -0.10879209451980779,
          0.010099802059103538,
          -0.000377268722425928,
          7.268481384203731e-06,
          -7.834962276535249e-08,
          4.76955169607548e-10,
          -1.5317282985502983e-12,
          2.0163878646076924e-15
        ]
      },
      "mlljj":{}
    }
  }
}