{
  "2017":{
    "boosted":{
      "mjj":{
        "lowmass_10_to_150":{
          "polyfit2":[
            0.8188517437355263,
            0.0037612169988865437,
            -4.2066713737043555e-06
          ],
          "polyfit3":[
            0.8640862775520752,
            0.001089827109563006,
            3.992620190219573e-05,
            -2.0956806004616845e-07
          ],
          "polyfit4":[
            0.6657475248944458,
            0.017685432888489522,
            -0.00040220132755992475,
            4.369664024094614e-06,
            -1.5929507167513914e-08
          ],
          "polyfit5":[
            0.058554094279552896,
            0.08389408265741981,
            -0.0028747725326940623,
            4.505537161249401e-05,
            -3.1755508625458974e-07,
            8.207769295174402e-10
          ],
          "polyfit6":[
            0.5090579721484948,
            0.024174548173853942,
            -1.1532744560509134e-05,
            -2.0130284872601547e-05,
            4.4010520337099673e-07,
            -3.5078504725655874e-09,
            9.616949661594967e-12
          ],
          "polyfit7":[
            -0.5696707251365891,
            0.19118996759506515,
            -0.009794317370878136,
            0.0002664882715867022,
            -4.166100449254299e-06,
            3.760945288823669e-08,
            -1.8115071034657554e-10,
            3.5806283222581307e-13
          ],
          "polyfit8":[
            -3.0783262780721135,
            0.6319309406139819,
            -0.04018521666129918,
            0.0013566738452100253,
            -2.668682093613948e-05,
            3.147590951266141e-07,
            -2.182835314657787e-09,
            8.17398330683363e-12,
            -1.2714602954227726e-14
          ]
        },
        "binWgt_above_150":{
          "binWgt":1.2528489855196057
        }
      }
    },
    "resolved":{
      "mjj":{
        "highmass_150_to_600":{
          "polyfit2":[
            0.9569298771985951,
            -0.0002389804343146143,
            1.3949027623501054e-07
          ],
          "polyfit3":[
            1.0552368417607207,
            -0.0012835289566937164,
            3.5133060018434927e-06,
            -3.3282056831333873e-09
          ],
          "polyfit4":[
            1.1578911634156113,
            -0.0027189084441355212,
            1.0549899354047374e-05,
            -1.7689542932142505e-08,
            1.0352581104766978e-11
          ],
          "polyfit5":[
            -0.3417007583358979,
            0.02322158239082838,
            -0.00015961664150192305,
            5.119515945374351e-07,
            -7.74131470903458e-10,
            4.4419709625546147e-13
          ],
          "polyfit6":[
            0.3593535286602721,
            0.008762866479593937,
            -4.068267958486821e-05,
            1.2242654017732047e-08,
            3.587832711601999e-10,
            -8.730755677964414e-13,
            6.154512314365581e-16
          ],
          "polyfit7":[
            -2.8485125635708943,
            0.08547820593503669,
            -0.0007983003376694735,
            4.018741184466992e-06,
            -1.1906996907298264e-08,
            2.0900348722478767e-11,
            -2.017589759972704e-14,
            8.256379582382932e-18
          ],
          "polyfit8":[
            -8.343545275412657,
            0.23487325285621816,
            -0.0025190566211256483,
            1.4988573763904492e-05,
            -5.427029892726282e-08,
            1.2248981750635582e-10,
            -1.6810734426117705e-13,
            1.280327951306991e-16,
            -4.135259537060664e-20
          ]
        },
        "lowmass_10_to_150":{
          "polyfit2":[
            1.1828140695068838,
            0.013969058825278506,
            -0.0006785763131012207,
            7.422466147138272e-06,
            3.6755444010033764e-08,
            -1.2620154460496045e-09,
            8.632591305263932e-12,
            -1.9473751384885975e-14
          ],
          "polyfit3":[
            1.1828140695068838,
            0.013969058825278506,
            -0.0006785763131012207,
            7.422466147138272e-06,
            3.6755444010033764e-08,
            -1.2620154460496045e-09,
            8.632591305263932e-12,
            -1.9473751384885975e-14
          ],
          "polyfit4":[
            1.1828140695068838,
            0.013969058825278506,
            -0.0006785763131012207,
            7.422466147138272e-06,
            3.6755444010033764e-08,
            -1.2620154460496045e-09,
            8.632591305263932e-12,
            -1.9473751384885975e-14
          ],
          "polyfit5":[
            1.1828140695068838,
            0.013969058825278506,
            -0.0006785763131012207,
            7.422466147138272e-06,
            3.6755444010033764e-08,
            -1.2620154460496045e-09,
            8.632591305263932e-12,
            -1.9473751384885975e-14
          ],
          "polyfit6":[
            1.1828140695068838,
            0.013969058825278506,
            -0.0006785763131012207,
            7.422466147138272e-06,
            3.6755444010033764e-08,
            -1.2620154460496045e-09,
            8.632591305263932e-12,
            -1.9473751384885975e-14
          ],
          "polyfit7":[
            1.1828140695068838,
            0.013969058825278506,
            -0.0006785763131012207,
            7.422466147138272e-06,
            3.6755444010033764e-08,
            -1.2620154460496045e-09,
            8.632591305263932e-12,
            -1.9473751384885975e-14
          ],
          "polyfit8":[
            1.1828140695068838,
            0.013969058825278506,
            -0.0006785763131012207,
            7.422466147138272e-06,
            3.6755444010033764e-08,
            -1.2620154460496045e-09,
            8.632591305263932e-12,
            -1.9473751384885975e-14
          ]
        },
        "binWgt_above_600":{
          "binWgt":0.8729937606912721
        }
      }
    }
  }
}