{
  "2016-preVFP":{
    "boosted":{
      "mjj":{
        "lowmass_10_to_150":{
          "polyfit2":[
            0.9783403870029704,
            -0.002910306447432405,
            1.9922278072678836e-05
          ],
          "polyfit3":[
            1.1142013486775189,
            -0.010432139027645213,
            0.00013725391977023165,
            -5.309933638343183e-07
          ],
          "polyfit4":[
            1.0545278738279857,
            -0.00574472191185189,
            1.8932453645847366e-05,
            6.339284113604516e-07,
            -3.8621987706400826e-09
          ],
          "polyfit5":[
            0.9798762139363216,
            0.0018789159689040034,
            -0.0002509717795308781,
            4.873781577923631e-06,
            -3.4017909923690476e-08,
            7.896630766531266e-11
          ],
          "polyfit6":[
            0.9768476386930757,
            0.0022655458216538477,
            -0.00026902494704292106,
            5.276194288493564e-06,
            -3.860779933135248e-08,
            1.047227334076905e-10,
            -5.62132383576962e-14
          ],
          "polyfit7":[
            2.1537090760253306,
            -0.17709879491581643,
            0.010119598615167287,
            -0.00029600991624947274,
            4.7549768364375125e-06,
            -4.226408225221254e-08,
            1.9462492783377555e-10,
            -3.6194932342957105e-13
          ],
          "polyfit8":[
            2.8562743874295413,
            -0.2998126718977846,
            0.01854327597604234,
            -0.000596920133365826,
            1.094668673307579e-05,
            -1.1818865542995245e-07,
            7.412239657119971e-10,
            -2.4901494206648986e-12,
            3.453135663252149e-15
          ]
        },
        "binWgt_above_150":{
          "binWgt":0.9389701929864566
        }
      }
    },
    "resolved":{
      "mjj":{
        "highmass_150_to_600":{
          "polyfit2":[
            0.9218980911531286,
            -0.0005982878271032664,
            3.5843539415584114e-07
          ],
          "polyfit3":[
            0.8670333008452732,
            3.6582734271031975e-07,
            -1.6303696266500614e-06,
            2.013868810942761e-09
          ],
          "polyfit4":[
            1.2343424517834547,
            -0.005227477849076925,
            2.4471205498877202e-05,
            -5.220516867626235e-08,
            3.972251403870759e-11
          ],
          "polyfit5":[
            1.7122215286805427,
            -0.013621860280938503,
            8.044231570041114e-05,
            -2.2932636458250127e-07,
            3.063406109646606e-10,
            -1.5328603972344892e-13
          ],
          "polyfit6":[
            3.565249935622549,
            -0.05230309414799617,
            0.0004026861014048023,
            -1.6008764417542733e-06,
            3.456036045774124e-09,
            -3.8616277110802486e-12,
            1.7535444948670614e-15
          ],
          "polyfit7":[
            9.224978886629929,
            -0.18929374702581953,
            0.001772516387575924,
            -8.936606706657275e-06,
            2.619510072255702e-08,
            -4.471679740664083e-11,
            4.121984648246319e-14,
            -1.5845380061781082e-17
          ],
          "polyfit8":[
            24.136261027139618,
            -0.5993648493571784,
            0.006551782310175,
            -3.977045736002939e-05,
            1.466992429735288e-07,
            -3.3712138659322093e-10,
            4.719550142075734e-13,
            -3.685331987664676e-16,
            1.2308959604291278e-19
          ]
        },
        "lowmass_10_to_150":{
          "polyfit2":[
            1.5169026487491764,
            -0.044999806529872025,
            0.001776181913380972,
            -3.534096551172718e-05,
            3.611003872774539e-07,
            -1.826736734611954e-09,
            3.626617296111241e-12
          ],
          "polyfit3":[
            1.5169026487491764,
            -0.044999806529872025,
            0.001776181913380972,
            -3.534096551172718e-05,
            3.611003872774539e-07,
            -1.826736734611954e-09,
            3.626617296111241e-12
          ],
          "polyfit4":[
            1.5169026487491764,
            -0.044999806529872025,
            0.001776181913380972,
            -3.534096551172718e-05,
            3.611003872774539e-07,
            -1.826736734611954e-09,
            3.626617296111241e-12
          ],
          "polyfit5":[
            1.5169026487491764,
            -0.044999806529872025,
            0.001776181913380972,
            -3.534096551172718e-05,
            3.611003872774539e-07,
            -1.826736734611954e-09,
            3.626617296111241e-12
          ],
          "polyfit6":[
            1.5169026487491764,
            -0.044999806529872025,
            0.001776181913380972,
            -3.534096551172718e-05,
            3.611003872774539e-07,
            -1.826736734611954e-09,
            3.626617296111241e-12
          ],
          "polyfit7":[
            1.5169026487491764,
            -0.044999806529872025,
            0.001776181913380972,
            -3.534096551172718e-05,
            3.611003872774539e-07,
            -1.826736734611954e-09,
            3.626617296111241e-12
          ],
          "polyfit8":[
            1.5169026487491764,
            -0.044999806529872025,
            0.001776181913380972,
            -3.534096551172718e-05,
            3.611003872774539e-07,
            -1.826736734611954e-09,
            3.626617296111241e-12
          ]
        },
        "binWgt_above_600":{
          "binWgt":0.6825574052739616
        }
      }
    }
  }
}