{
  "2016-postVFP":{
    "resolved":{
      "mjj":{
        "polyfit6":[
          1.6568326232008448,
          -0.0333209590738956,
          0.0012657442433638326,
          -2.4748150422224858e-05,
          2.4423515137537346e-07,
          -1.1806440249591743e-09,
          2.231482751043381e-12
        ],
        "polyfit2":[
          1.1473037410335718,
          -0.0011123809715201834,
          9.756755800330345e-07
        ],
        "binWgt":0.7796652917625788,
        "polyfit3":[
          1.1671489082696802,
          -0.0013286488519904077,
          1.6933778381448626e-06,
          -7.253142673995175e-10
        ],
        "polyfit4":[
          1.1302547346718672,
          -0.0008038396692996425,
          -9.255590819491713e-07,
          4.709982724410692e-09,
          -3.975798534741512e-12
        ],
        "polyfit5":[
          0.6512583151850765,
          0.007605228562865978,
          -5.695181889630434e-05,
          1.8180731937611453e-07,
          -2.7013648610052856e-10,
          1.5270624414782994e-13
        ],
        "polyfit7":[
          3.0736771763306394,
          -0.05574313051069944,
          0.0006257959231083686,
          -3.7445398879949637e-06,
          1.273845793060653e-08,
          -2.4695923505741378e-11,
          2.5378092418051098e-14,
          -1.0713278961391908e-17
        ],
        "polyfit8":[
          -5.638024896983994,
          0.18361730356955897,
          -0.002160976469926047,
          1.4212659342442403e-05,
          -5.734068773885143e-08,
          1.4506579734128554e-10,
          -2.2420896161197902e-13,
          1.9320074362071549e-16,
          -7.099340372457345e-20
        ]
      },
      "mlljj":{}
    },
    "boosted":{
      "mjj":{
        "polyfit2":[
          1.1473037410335718,
          -0.0011123809715201834,
          9.756755800330345e-07
        ],
        "binWgt":1.2366000776629622,
        "polyfit3":[
          1.1671489082696802,
          -0.0013286488519904077,
          1.6933778381448626e-06,
          -7.253142673995175e-10
        ],
        "polyfit4":[
          1.1302547346718672,
          -0.0008038396692996425,
          -9.255590819491713e-07,
          4.709982724410692e-09,
          -3.975798534741512e-12
        ],
        "polyfit5":[
          0.6512583151850765,
          0.007605228562865978,
          -5.695181889630434e-05,
          1.8180731937611453e-07,
          -2.7013648610052856e-10,
          1.5270624414782994e-13
        ],
        "polyfit6":[
          -0.8013169379745285,
          0.03790377737827361,
          -0.000309111517621781,
          1.2536844077129358e-06,
          -2.7276350100022245e-09,
          3.0402837081966375e-12,
          -1.3621956134738456e-15
        ],
        "polyfit7":[
          3.0736771763306394,
          -0.05574313051069944,
          0.0006257959231083686,
          -3.7445398879949637e-06,
          1.273845793060653e-08,
          -2.4695923505741378e-11,
          2.5378092418051098e-14,
          -1.0713278961391908e-17
        ],
        "polyfit8":[
          -5.638024896983994,
          0.18361730356955897,
          -0.002160976469926047,
          1.4212659342442403e-05,
          -5.734068773885143e-08,
          1.4506579734128554e-10,
          -2.2420896161197902e-13,
          1.9320074362071549e-16,
          -7.099340372457345e-20
        ]
      },
      "mlljj":{}
    }
  }
}