{
  "2016-postVFP":{
    "resolved":{
      "mjj":{
        "polyfit6":[
          1.6398425329506685,
          -0.03233643309118241,
          0.0012390064788568328,
          -2.4476301122607908e-05,
          2.437057314194062e-07,
          -1.187831536808965e-09,
          2.263138626122711e-12
        ],
        "polyfit4":[
          1.1125289484416885,
          -0.0006108197741324606,
          -2.2117572356772157e-06,
          7.932616614141007e-09,
          -6.699161554402475e-12
        ],
        "binWgt":0.7708526560266498,
        "polyfit5":[
          0.7008221093692912,
          0.0066130390135524224,
          -5.0311867944301845e-05,
          1.5987096679768065e-07,
          -2.34874826717608e-10,
          1.3080501133652104e-13
        ],
        "polyfit7":[
          4.039412977983757,
          -0.07935611580752866,
          0.0008632500275144864,
          -5.027564877580205e-06,
          1.6759335790506255e-08,
          -3.201110033376072e-11,
          3.2543708610989224e-14,
          -1.3634723425760154e-17
        ],
        "polyfit8":[
          -5.613642556921363,
          0.18581522978518572,
          -0.002223350722399879,
          1.485692267073377e-05,
          -6.08213361697521e-08,
          1.558710908212338e-10,
          -2.436039860312589e-13,
          2.119100841810532e-16,
          -7.849890204684907e-20
        ]
      },
      "mlljj":{}
    },
    "boosted":{
      "mjj":{
        "polyfit4":[
          1.0764763323668654,
          0.0008933888956571678,
          -8.51716030174116e-05,
          1.289118438664358e-06,
          -5.157189362289716e-09
        ],
        "binWgt":1.2218734640001874,
        "polyfit5":[
          0.9914535508630571,
          0.00965451447210253,
          -0.00039699973661247104,
          6.2102247882183846e-06,
          -4.032117862403973e-08,
          9.254096030979187e-11
        ],
        "polyfit6":[
          0.9007399847348747,
          0.02128434547880289,
          -0.0009396159746786982,
          1.8275812645549784e-05,
          -1.77599919283773e-07,
          8.613239731181073e-10,
          -1.6754073658321995e-12
        ],
        "polyfit7":[
          0.009786957892951711,
          0.15706512734786163,
          -0.008790421720129607,
          0.00024569409551449065,
          -3.796005829751286e-06,
          3.287813747371378e-08,
          -1.4905918258626109e-10,
          2.7463409527726935e-13
        ],
        "polyfit8":[
          -1.9975308715225193,
          0.5068468148829757,
          -0.03272167491771415,
          0.0010977211823233195,
          -2.1275162103277723e-05,
          2.4666722345407786e-07,
          -1.6850191836207469e-09,
          6.2455096027442915e-12,
          -9.676997388106294e-15
        ]
      },
      "mlljj":{}
    }
  }
}