{
  "2016-preVFP":{
    "resolved":{
      "mjj":{
        "polyfit6":[
          1.2451601154106262,
          -0.019114110864640994,
          0.0008013666878865552,
          -1.733176448596224e-05,
          1.8553872928923563e-07,
          -9.613690939280365e-10,
          1.9306126194361763e-12
        ],
        "polyfit4":[
          0.7504297366147643,
          0.0014686099448174797,
          -8.852098210775113e-06,
          1.712293103957938e-08,
          -1.0965709463818253e-11
        ],
        "binWgt":0.6992132635032927,
        "polyfit5":[
          1.8104930092542142,
          -0.01682889348196807,
          0.00010945620317942362,
          -3.413748882653334e-07,
          5.000729296864882e-10,
          -2.756421578675845e-13
        ],
        "polyfit7":[
          1.8919290773245159,
          -0.02056849004755924,
          0.00016441042473876817,
          -7.239359447572889e-07,
          1.927852580137254e-09,
          -3.2017083447313772e-12,
          3.096054387612342e-15,
          -1.3194189558032062e-18
        ],
        "polyfit8":[
          17.821599978272445,
          -0.44813173475523416,
          0.004991991523021013,
          -3.0679828267286987e-05,
          1.137618924456623e-07,
          -2.608017999870629e-10,
          3.612852101845598e-13,
          -2.767866950796308e-16,
          8.990633873705215e-20
        ]
      },
      "mlljj":{}
    },
    "boosted":{
      "mjj":{
        "polyfit4":[
          1.1367554349169735,
          -0.011390827950560229,
          0.00017936904888542682,
          -1.004957024188725e-06,
          1.8223303271076878e-09
        ],
        "binWgt":0.9740740461417853,
        "polyfit5":[
          1.0587084442734618,
          -0.0033088306397224348,
          -9.015807807827398e-05,
          2.7915189976172664e-06,
          -2.1506422761992785e-08,
          5.129218269432553e-11
        ],
        "polyfit6":[
          0.9575762911774517,
          0.010991618763440927,
          -0.0007471037054363421,
          1.625713690974178e-05,
          -1.5663672955545443e-07,
          6.977624955714572e-10,
          -1.1749122769882296e-12
        ],
        "polyfit7":[
          0.9292409842606862,
          0.015928951627113087,
          -0.001030963262607541,
          2.3853642178430095e-05,
          -2.63307168773201e-07,
          1.505062235803558e-09,
          -4.2819508456310675e-12,
          4.757866826940508e-15
        ],
        "polyfit8":[
          1.0629571662810864,
          -0.00984890791164986,
          0.0006725499368416363,
          -3.083701096764491e-05,
          7.078465399024973e-07,
          -8.502989370936477e-09,
          5.51562585094068e-11,
          -1.8356585739673458e-13,
          2.460723608123962e-16
        ]
      },
      "mlljj":{}
    }
  }
}