{
  "2016-preVFP":{
    "resolved":{
      "mjj":{
        "polyfit6":[
          1.7219802582160693,
          -0.054548291844135136,
          0.0021883455291841856,
          -4.322799358834219e-05,
          4.3426849791803436e-07,
          -2.151224362862685e-09,
          4.177964249234898e-12
        ],
        "polyfit2":[
          1.0397737874584856,
          -0.0006057425299863578,
          1.7784378703934474e-07
        ],
        "binWgt":0.7203410087186356,
        "polyfit3":[
          1.0129067722048735,
          -0.00031319653875631513,
          -7.914347936747452e-07,
          9.775735674715506e-10
        ],
        "polyfit4":[
          0.872594872407177,
          0.0016810437213008059,
          -1.0730395970950443e-05,
          2.1570648874682404e-08,
          -1.503635080375316e-11
        ],
        "polyfit5":[
          0.3122980015869354,
          0.011505449233324243,
          -7.608615230601535e-05,
          2.2778788060887033e-07,
          -3.2435647715927524e-10,
          1.7711155677893377e-13
        ],
        "polyfit7":[
          0.17973175821132234,
          0.010311979377311294,
          -1.81960138605765e-05,
          -3.335900162760996e-07,
          2.194373936991778e-09,
          -5.718441914458098e-12,
          6.969682587940473e-15,
          -3.28431344145326e-18
        ],
        "polyfit8":[
          -0.43174446528873933,
          0.027103496324080312,
          -0.00021356657273878472,
          9.244057094959211e-07,
          -2.7111034877987648e-09,
          6.1545492199212825e-12,
          -1.047058551053845e-14,
          1.0951353740229968e-17,
          -4.951561441935289e-21
        ]
      },
      "mlljj":{}
    },
    "boosted":{
      "mjj":{
        "polyfit2":[
          1.0397737874584856,
          -0.0006057425299863578,
          1.7784378703934474e-07
        ],
        "binWgt":1.1075806677847326,
        "polyfit3":[
          1.0129067722048735,
          -0.00031319653875631513,
          -7.914347936747452e-07,
          9.775735674715506e-10
        ],
        "polyfit4":[
          0.872594872407177,
          0.0016810437213008059,
          -1.0730395970950443e-05,
          2.1570648874682404e-08,
          -1.503635080375316e-11
        ],
        "polyfit5":[
          0.3122980015869354,
          0.011505449233324243,
          -7.608615230601535e-05,
          2.2778788060887033e-07,
          -3.2435647715927524e-10,
          1.7711155677893377e-13
        ],
        "polyfit6":[
          -1.0160641727474617,
          0.03919471594039199,
          -0.0003063375241148646,
          1.2055576384557198e-06,
          -2.56352476728312e-09,
          2.8048298416337993e-12,
          -1.2379419754884497e-15
        ],
        "polyfit7":[
          0.17973175821132234,
          0.010311979377311294,
          -1.81960138605765e-05,
          -3.335900162760996e-07,
          2.194373936991778e-09,
          -5.718441914458098e-12,
          6.969682587940473e-15,
          -3.28431344145326e-18
        ],
        "polyfit8":[
          -0.43174446528873933,
          0.027103496324080312,
          -0.00021356657273878472,
          9.244057094959211e-07,
          -2.7111034877987648e-09,
          6.1545492199212825e-12,
          -1.047058551053845e-14,
          1.0951353740229968e-17,
          -4.951561441935289e-21
        ]
      },
      "mlljj":{}
    }
  }
}