{
  "2017":{
    "boosted":{
      "mjj":{
        "lowmass_10_to_150":{
          "polyfit2":[
            0.8649959182230701,
            0.0032128397020166465,
            -2.8455119225025382e-06
          ],
          "polyfit3":[
            0.9275819486436238,
            -0.00044208628140628994,
            5.6724294471614405e-05,
            -2.784535254373015e-07
          ],
          "polyfit4":[
            0.5914558172206612,
            0.027418464293589996,
            -0.0006760349452978758,
            7.201846910130529e-06,
            -2.560526969343082e-08
          ],
          "polyfit5":[
            0.0010855128204879305,
            0.091097611933962,
            -0.0030263307131478366,
            4.5431813285996124e-05,
            -3.057942597939863e-07,
            7.53463744074548e-10
          ],
          "polyfit6":[
            0.14168360668540791,
            0.0725846179695889,
            -0.002144628306919204,
            2.5493792540023475e-05,
            -7.567986128018971e-08,
            -5.514384970897718e-10,
            2.8761761251359837e-12
          ],
          "polyfit7":[
            -0.643547252857978,
            0.19392247545904648,
            -0.009235400672672839,
            0.00023259662748130637,
            -3.391324056067852e-06,
            2.8915500776606577e-08,
            -1.3316789643022655e-10,
            2.539844626537075e-13
          ],
          "polyfit8":[
            -0.7899625635168852,
            0.21961626565096795,
            -0.011004036435273751,
            0.00029589243015718306,
            -4.695307988878093e-06,
            4.491574368614797e-08,
            -2.4837203109162905e-10,
            7.023772460297697e-13,
            -7.269988244551013e-16
          ]
        },
        "binWgt_above_150":{
          "binWgt":1.368227182189092
        }
      }
    },
    "resolved":{
      "mjj":{
        "highmass_150_to_600":{
          "polyfit2":[
            0.9489006972956434,
            -5.298138538377208e-05,
            -1.4368409094784455e-07
          ],
          "polyfit3":[
            0.9715801266385585,
            -0.0002938534005438486,
            6.327362616376664e-07,
            -7.64181706868278e-10
          ],
          "polyfit4":[
            1.1056973124884597,
            -0.0021671738920400886,
            9.803649112405454e-06,
            -1.945273216971362e-08,
            1.3449414646629069e-11
          ],
          "polyfit5":[
            0.4727743904326885,
            0.008793257325296483,
            -6.217337325521664e-05,
            2.0478110014928347e-07,
            -3.189175509922805e-10,
            1.882907296216367e-13
          ],
          "polyfit6":[
            1.3929346297752123,
            -0.010174614846661283,
            9.371698818475903e-05,
            -4.4938897481619667e-07,
            1.1619144216372347e-09,
            -1.53057870627254e-12,
            8.016458534696535e-16
          ],
          "polyfit7":[
            -2.4500466687903777,
            0.08168809199875124,
            -0.00081301208789475,
            4.342762386185029e-06,
            -1.3499467712866446e-08,
            2.4477088839983606e-11,
            -2.401445666728627e-14,
            9.846848042819546e-18
          ],
          "polyfit8":[
            4.586492211307856,
            -0.10980585945434138,
            0.0013947560683944275,
            -9.744235526863468e-06,
            4.094460633888115e-08,
            -1.0617141371043476e-10,
            1.6633980196939386e-13,
            -1.443488436974435e-16,
            5.3254589737388866e-20
          ]
        },
        "lowmass_10_to_150":{
          "polyfit2":[
            0.7440668258791964,
            0.060275910200779985,
            -0.0024950053535289177,
            4.373304351566263e-05,
            -3.6279449139360157e-07,
            1.1519029717358895e-09,
            1.2791798931276673e-12,
            -1.0954857169967243e-14
          ],
          "polyfit3":[
            0.7440668258791964,
            0.060275910200779985,
            -0.0024950053535289177,
            4.373304351566263e-05,
            -3.6279449139360157e-07,
            1.1519029717358895e-09,
            1.2791798931276673e-12,
            -1.0954857169967243e-14
          ],
          "polyfit4":[
            0.7440668258791964,
            0.060275910200779985,
            -0.0024950053535289177,
            4.373304351566263e-05,
            -3.6279449139360157e-07,
            1.1519029717358895e-09,
            1.2791798931276673e-12,
            -1.0954857169967243e-14
          ],
          "polyfit5":[
            0.7440668258791964,
            0.060275910200779985,
            -0.0024950053535289177,
            4.373304351566263e-05,
            -3.6279449139360157e-07,
            1.1519029717358895e-09,
            1.2791798931276673e-12,
            -1.0954857169967243e-14
          ],
          "polyfit6":[
            0.7440668258791964,
            0.060275910200779985,
            -0.0024950053535289177,
            4.373304351566263e-05,
            -3.6279449139360157e-07,
            1.1519029717358895e-09,
            1.2791798931276673e-12,
            -1.0954857169967243e-14
          ],
          "polyfit7":[
            0.7440668258791964,
            0.060275910200779985,
            -0.0024950053535289177,
            4.373304351566263e-05,
            -3.6279449139360157e-07,
            1.1519029717358895e-09,
            1.2791798931276673e-12,
            -1.0954857169967243e-14
          ],
          "polyfit8":[
            0.7440668258791964,
            0.060275910200779985,
            -0.0024950053535289177,
            4.373304351566263e-05,
            -3.6279449139360157e-07,
            1.1519029717358895e-09,
            1.2791798931276673e-12,
            -1.0954857169967243e-14
          ]
        },
        "binWgt_above_600":{
          "binWgt":0.8828936145402465
        }
      }
    }
  }
}