{
  "2017":{
    "resolved":{
      "mjj":{
        "polyfit7":[
          1.6656211499174125,
          -0.04198854891708452,
          0.0017514802576241732,
          -4.555108185229817e-05,
          6.88955508539224e-07,
          -5.899198417647058e-09,
          2.64587035691381e-11,
          -4.8204072565300014e-14
        ],
        "polyfit4":[
          1.3041082620624918,
          -0.0040548218542027946,
          1.303515928470905e-05,
          -1.6131023217198364e-08,
          5.407001170687418e-12
        ],
        "binWgt":0.8219305703691393,
        "polyfit5":[
          0.184476685449078,
          0.015336131034141422,
          -0.00011432196285147713,
          3.806968602204515e-07,
          -5.828566609299093e-10,
          3.332763603999816e-13
        ],
        "polyfit6":[
          1.900242217558541,
          -0.0200947741428342,
          0.00017752830168635522,
          -8.473197548355186e-07,
          2.2053099441468788e-09,
          -2.91311605722363e-12,
          1.5186847210559538e-15
        ],
        "polyfit8":[
          -14.008514387653019,
          0.4060035734776247,
          -0.004653408839164493,
          2.9447499789855143e-05,
          -1.1282999082184682e-07,
          2.68279935728646e-10,
          -3.8670712321906195e-13,
          3.0907961410880363e-16,
          -1.0495856031379874e-19
        ]
      },
      "mlljj":{}
    },
    "boosted":{
      "mjj":{
        "polyfit4":[
          0.6784143936227466,
          0.01827581950897928,
          -0.00041765858824529265,
          4.444047344714299e-06,
          -1.5862271905085674e-08
        ],
        "binWgt":1.3090000044566852,
        "polyfit5":[
          0.11430481691070228,
          0.07963093874405097,
          -0.002704246346240455,
          4.198964918877358e-05,
          -2.9354165348309516e-07,
          7.535016974300712e-10
        ],
        "polyfit6":[
          0.5600497841187682,
          0.02062924448383999,
          0.0001211604707558024,
          -2.225786829898953e-05,
          4.523538892007561e-07,
          -3.503185114707337e-09,
          9.446375653251235e-12
        ],
        "polyfit7":[
          -0.17282485718406898,
          0.13389089057070336,
          -0.006500017567042532,
          0.00017131885421160168,
          -2.651724078189123e-06,
          2.414376578532412e-08,
          -1.1854313346309955e-10,
          2.3971785589354103e-13
        ],
        "polyfit8":[
          -2.4591640763928964,
          0.5354090487847318,
          -0.03417432179279794,
          0.0011635416498799705,
          -2.3135958209417433e-05,
          2.7604400312140755e-07,
          -1.936286135984105e-09,
          7.33036001745076e-12,
          -1.152196203062502e-14
        ]
      },
      "mlljj":{}
    }
  }
}