{
  "2018":{
    "resolved":{
      "mjj":{
        "polyfit6":[
          1.3102095181873568,
          0.001791669345675066,
          -0.0004574256383217174,
          1.1800148390517732e-05,
          -1.3516342055898787e-07,
          7.256553200491458e-10,
          -1.481845227818259e-12
        ],
        "polyfit2":[
          0.9703387227133147,
          -0.00044812048984193984,
          3.4588148456867643e-07
        ],
        "binWgt":0.8121497656663308,
        "polyfit3":[
          0.9375854334852466,
          -9.918301886181047e-05,
          -7.841548227022633e-07,
          1.1176023397361288e-09
        ],
        "polyfit4":[
          0.8813076028128284,
          0.000685911185953487,
          -4.62092076674123e-06,
          8.919004137304914e-09,
          -5.600607505170823e-12
        ],
        "polyfit5":[
          0.4746119908715844,
          0.007723714049828526,
          -5.081086122444802e-05,
          1.5275376272168528e-07,
          -2.186879754255152e-10,
          1.2062103817011807e-13
        ],
        "polyfit7":[
          9.442199323335071,
          -0.21515816985169378,
          0.002237476340257514,
          -1.242064982651581e-05,
          3.9723801198535296e-08,
          -7.331156082995954e-11,
          7.245451425275262e-14,
          -2.965624721774818e-17
        ],
        "polyfit8":[
          13.683867531242615,
          -0.33068916179146424,
          0.0035705767584509216,
          -2.093377490092132e-05,
          7.265234651441815e-08,
          -1.5239065636760829e-10,
          1.877555090769295e-13,
          -1.2311685986119649e-16,
          3.2297433995916536e-20
        ]
      },
      "mlljj":{}
    },
    "boosted":{
      "mjj":{
        "polyfit2":[
          0.9703387227133147,
          -0.00044812048984193984,
          3.4588148456867643e-07
        ],
        "binWgt":1.0356911627142635,
        "polyfit3":[
          0.9375854334852466,
          -9.918301886181047e-05,
          -7.841548227022633e-07,
          1.1176023397361288e-09
        ],
        "polyfit4":[
          0.8813076028128284,
          0.000685911185953487,
          -4.62092076674123e-06,
          8.919004137304914e-09,
          -5.600607505170823e-12
        ],
        "polyfit5":[
          0.4746119908715844,
          0.007723714049828526,
          -5.081086122444802e-05,
          1.5275376272168528e-07,
          -2.186879754255152e-10,
          1.2062103817011807e-13
        ],
        "polyfit6":[
          -2.0160995064101375,
          0.05910246667237527,
          -0.0004735152511946194,
          1.928950461720985e-06,
          -4.245516577508675e-09,
          4.802004911484734e-12,
          -2.186497396319574e-15
        ],
        "polyfit7":[
          9.442199323335071,
          -0.21515816985169378,
          0.002237476340257514,
          -1.242064982651581e-05,
          3.9723801198535296e-08,
          -7.331156082995954e-11,
          7.245451425275262e-14,
          -2.965624721774818e-17
        ],
        "polyfit8":[
          13.683867531242615,
          -0.33068916179146424,
          0.0035705767584509216,
          -2.093377490092132e-05,
          7.265234651441815e-08,
          -1.5239065636760829e-10,
          1.877555090769295e-13,
          -1.2311685986119649e-16,
          3.2297433995916536e-20
        ]
      },
      "mlljj":{}
    }
  }
}